Quadrant	0
0	1	6	24	1.0
0	1	12	13	1.0
0	1	14	15	1.0
0	1	23	24	1.0
0	1	30	31	1.0
0	2	6	9	1.0
0	2	10	17	1.0
0	2	27	28	1.0
0	3	3	25	1.0
0	3	4	9	2.0
0	3	7	24	1.0
0	3	8	20	1.0
0	3	10	23	1.0
0	3	14	15	2.0
0	4	3	12	1.0
0	4	5	43	1.0
0	4	7	15	1.0
0	4	11	12	2.0
0	4	14	15	1.0
0	4	22	23	1.0
0	5	2	14	1.0
0	5	7	19	1.0
0	5	8	20	1.0
0	5	10	15	1.0
0	5	12	13	1.0
0	5	12	26	1.0
0	5	13	16	1.0
0	5	18	28	1.0
0	6	2	14	1.0
0	6	9	13	1.0
0	6	11	15	1.0
0	6	12	13	1.0
0	6	12	28	1.0
0	6	15	27	1.0
0	6	22	23	1.0
0	6	23	28	1.0
0	6	25	35	1.0
0	7	8	18	1.0
0	7	10	19	1.0
0	7	12	13	1.0
0	7	13	14	1.0
0	7	16	17	3.0
0	8	2	19	3.0
0	8	3	18	1.0
0	8	7	19	1.0
0	8	8	13	1.0
0	8	12	13	2.0
0	8	14	15	1.0
0	8	18	19	2.0
0	9	2	14	1.0
0	9	2	20	2.0
0	9	2	21	2.0
0	9	3	19	1.0
0	9	3	20	2.0
0	9	3	21	1.0
0	9	9	19	1.0
0	9	11	30	1.0
0	9	12	13	1.0
0	9	14	17	1.0
0	9	15	16	1.0
0	9	15	18	1.0
0	9	17	18	1.0
0	9	21	22	1.0
0	9	35	37	1.0
0	10	6	17	1.0
0	10	13	14	1.0
0	10	14	16	1.0
0	10	16	17	1.0
0	10	19	20	1.0
0	10	21	22	1.0
0	10	23	24	1.0
0	10	29	30	2.0
0	11	2	22	1.0
0	11	2	24	1.0
0	11	12	40	1.0
0	11	13	14	1.0
0	11	15	16	2.0
0	11	16	19	1.0
0	11	18	19	2.0
0	11	18	25	1.0
0	11	19	20	1.0
0	12	6	14	1.0
0	12	12	13	1.0
0	12	17	18	1.0
0	12	19	20	1.0
0	12	20	21	2.0
0	12	23	24	1.0
0	12	34	35	1.0
0	13	8	22	1.0
0	13	17	19	1.0
0	13	17	23	1.0
0	13	21	22	1.0
0	13	22	25	1.0
0	13	26	27	1.0
0	13	28	29	1.0
0	13	41	42	1.0
0	14	17	18	1.0
0	14	17	28	1.0
0	14	19	20	1.0
0	14	19	22	1.0
0	14	19	31	1.0
0	14	24	25	1.0
0	14	25	26	1.0
0	14	41	42	1.0
0	15	20	21	1.0
0	15	26	27	1.0
0	15	27	28	1.0
0	15	27	35	1.0
0	15	30	32	1.0
0	16	12	24	1.0
0	16	14	15	1.0
0	16	16	23	1.0
0	16	20	21	1.0
0	16	23	26	1.0
0	16	26	27	1.0
0	16	27	28	2.0
0	16	36	37	1.0
0	17	12	13	1.0
0	17	21	32	1.0
0	17	33	34	2.0
0	17	36	37	1.0
0	18	22	23	1.0
0	18	29	31	1.0
0	18	32	33	1.0
0	18	37	38	1.0
0	19	22	25	1.0
0	19	31	32	1.0
0	20	26	30	1.0
0	20	30	31	1.0
0	20	35	37	1.0
0	21	3	46	1.0
0	21	19	29	1.0
0	21	24	31	1.0
0	21	24	42	2.0
0	21	29	38	1.0
0	21	31	33	1.0
0	21	32	33	1.0
0	22	24	30	1.0
0	22	27	28	1.0
0	22	33	34	1.0
0	23	3	12	1.0
0	23	31	32	1.0
0	23	33	34	1.0
0	23	35	36	1.0
0	23	44	46	1.0
0	24	25	46	1.0
0	24	27	37	1.0
0	24	32	33	1.0
0	25	36	37	1.0
0	26	25	36	1.0
0	26	27	28	1.0
0	26	43	46	1.0
0	26	46	47	1.0
0	29	12	13	1.0
0	29	35	37	1.0
0	29	43	44	1.0
0	30	34	35	1.0
0	30	39	41	1.0
0	30	47	48	1.0
0	32	17	41	1.0
0	32	37	41	1.0
0	33	36	39	1.0
0	33	40	41	1.0
0	34	18	19	1.0
0	34	28	44	1.0
0	34	36	37	1.0
0	34	38	40	1.0
0	34	40	44	1.0
0	35	43	44	1.0
0	40	30	36	1.0
0	46	42	45	1.0
0	57	25	26	1.0
1	2	10	13	1.0
1	4	10	11	1.0
1	5	3	13	2.0
1	6	2	13	4.0
1	6	3	13	2.0
1	7	3	14	1.0
1	7	13	14	1.0
1	8	3	15	1.0
1	8	3	18	1.0
1	8	4	18	1.0
1	8	17	18	1.0
1	9	2	17	2.0
1	9	2	21	2.0
1	9	3	17	1.0
1	9	4	20	2.0
1	9	16	18	1.0
1	10	3	20	1.0
1	10	18	19	1.0
1	11	2	22	1.0
1	11	3	25	1.0
1	11	21	22	1.0
1	12	3	25	1.0
1	12	3	26	2.0
1	12	19	20	1.0
1	12	20	21	1.0
1	12	21	22	1.0
1	13	3	28	1.0
1	13	26	27	1.0
1	14	3	31	1.0
1	14	7	9	1.0
1	14	25	26	1.0
1	17	2	33	1.0
1	17	11	23	1.0
1	17	23	27	1.0
1	17	27	28	1.0
1	18	2	39	1.0
1	19	2	43	1.0
1	20	30	31	1.0
1	21	29	31	1.0
1	21	38	48	1.0
1	23	36	37	1.0
1	23	40	41	1.0
1	23	41	42	1.0
1	26	6	47	1.0
1	29	35	37	1.0
1	34	39	47	1.0
2	3	4	28	1.0
2	3	9	10	1.0
2	3	13	33	1.0
2	5	3	11	5.0
2	5	3	12	1.0
2	5	5	7	1.0
2	5	5	11	4.0
2	5	6	11	3.0
2	6	2	14	1.0
2	6	5	14	1.0
2	6	10	13	1.0
2	6	11	13	1.0
2	7	2	14	3.0
2	7	4	14	1.0
2	7	4	15	4.0
2	7	4	17	2.0
2	7	4	18	2.0
2	7	5	14	3.0
2	7	5	15	1.0
2	7	12	13	1.0
2	7	15	19	1.0
2	8	2	11	1.0
2	8	2	17	1.0
2	8	3	17	1.0
2	8	5	18	1.0
2	9	3	20	1.0
2	9	4	17	1.0
2	9	5	21	1.0
2	9	5	22	1.0
2	9	12	15	1.0
2	9	15	16	1.0
2	9	15	22	1.0
2	10	2	17	1.0
2	10	2	18	1.0
2	10	2	20	2.0
2	10	3	17	1.0
2	10	3	18	1.0
2	10	3	19	2.0
2	10	3	20	2.0
2	10	4	20	2.0
2	10	14	17	1.0
2	11	2	21	1.0
2	11	2	22	2.0
2	11	3	21	1.0
2	11	5	20	1.0
2	11	5	21	1.0
2	11	5	25	1.0
2	11	5	27	1.0
2	11	16	19	1.0
2	11	26	32	1.0
2	12	2	21	1.0
2	12	3	20	2.0
2	12	5	25	1.0
2	13	4	27	1.0
2	13	21	22	1.0
2	13	23	24	1.0
2	14	2	31	1.0
2	14	13	22	1.0
2	14	23	26	1.0
2	16	3	32	2.0
2	16	11	27	1.0
2	16	22	23	1.0
2	16	24	26	1.0
2	17	2	38	1.0
2	17	3	33	3.0
2	17	27	28	1.0
2	18	6	17	1.0
2	18	16	32	1.0
2	18	26	27	1.0
2	19	26	27	1.0
2	20	4	14	1.0
2	20	28	31	1.0
2	20	32	33	1.0
2	20	36	41	1.0
2	21	29	34	1.0
2	21	32	33	1.0
2	23	2	4	1.0
2	23	2	42	1.0
2	28	44	45	1.0
2	31	41	42	1.0
2	36	38	46	1.0
2	52	3	4	1.0
3	4	4	8	1.0
3	4	7	9	5.0
3	4	7	24	1.0
3	4	10	11	1.0
3	4	17	18	1.0
3	4	18	19	1.0
3	4	26	27	1.0
3	5	10	19	1.0
3	6	7	11	1.0
3	6	7	12	2.0
3	6	11	12	1.0
3	6	12	13	1.0
3	6	13	14	1.0
3	7	4	13	2.0
3	7	4	17	1.0
3	7	6	13	3.0
3	7	7	14	1.0
3	7	7	15	1.0
3	7	8	14	1.0
3	8	3	13	1.0
3	8	7	15	1.0
3	8	13	15	1.0
3	8	15	22	1.0
3	8	15	24	1.0
3	9	3	15	1.0
3	9	3	17	2.0
3	9	3	18	5.0
3	9	4	16	2.0
3	9	4	24	1.0
3	9	5	16	1.0
3	9	6	16	1.0
3	9	6	17	2.0
3	9	6	18	1.0
3	9	7	19	1.0
3	9	14	15	2.0
3	10	2	16	1.0
3	10	2	17	1.0
3	10	2	18	2.0
3	10	2	19	1.0
3	10	3	18	1.0
3	10	4	18	3.0
3	10	5	21	2.0
3	10	7	21	1.0
3	10	17	18	1.0
3	10	18	19	1.0
3	11	2	21	1.0
3	11	3	19	1.0
3	11	3	20	1.0
3	11	3	21	3.0
3	11	3	22	2.0
3	11	4	22	1.0
3	11	5	20	1.0
3	11	5	21	2.0
3	11	6	20	1.0
3	11	6	21	1.0
3	11	6	23	1.0
3	11	18	19	1.0
3	12	2	21	2.0
3	12	2	23	1.0
3	12	3	19	1.0
3	12	3	22	3.0
3	12	3	23	2.0
3	12	3	35	1.0
3	12	4	21	1.0
3	12	4	22	2.0
3	12	4	23	2.0
3	12	4	24	1.0
3	12	5	25	2.0
3	12	6	20	1.0
3	13	2	21	1.0
3	13	2	22	1.0
3	13	5	24	1.0
3	13	6	24	1.0
3	13	24	26	1.0
3	13	26	27	2.0
3	14	20	21	1.0
3	14	23	24	2.0
3	15	5	31	1.0
3	15	5	32	1.0
3	16	5	32	1.0
3	17	5	6	1.0
3	17	5	32	1.0
3	17	30	31	1.0
3	18	3	4	1.0
3	18	3	33	1.0
3	18	4	35	1.0
3	18	4	36	1.0
3	18	27	31	1.0
3	19	2	33	1.0
3	19	28	29	1.0
3	20	4	36	1.0
3	20	4	42	1.0
3	20	4	43	1.0
3	23	36	37	1.0
3	23	38	39	1.0
3	30	46	47	1.0
4	5	6	27	1.0
4	5	8	11	1.0
4	5	20	38	1.0
4	5	24	25	1.0
4	6	2	7	1.0
4	6	6	12	4.0
4	6	6	13	1.0
4	6	7	12	5.0
4	6	7	13	4.0
4	6	8	10	7.0
4	6	8	12	3.0
4	6	10	11	1.0
4	6	11	13	1.0
4	7	5	12	1.0
4	7	6	14	5.0
4	7	7	13	14.0
4	7	7	14	2.0
4	7	7	15	1.0
4	7	8	12	1.0
4	7	9	12	1.0
4	7	10	12	1.0
4	7	11	17	1.0
4	7	13	23	1.0
4	8	6	7	4.0
4	8	6	16	5.0
4	8	6	17	1.0
4	8	7	15	6.0
4	8	7	16	5.0
4	8	7	17	1.0
4	9	4	15	1.0
4	9	4	16	5.0
4	9	4	17	2.0
4	9	5	15	1.0
4	9	5	16	2.0
4	9	5	17	2.0
4	9	6	17	4.0
4	9	6	18	1.0
4	9	7	15	1.0
4	9	7	16	2.0
4	9	7	17	5.0
4	9	7	18	1.0
4	9	14	15	1.0
4	9	16	17	1.0
4	10	3	15	1.0
4	10	3	16	1.0
4	10	3	18	1.0
4	10	3	19	3.0
4	10	4	18	2.0
4	10	5	18	2.0
4	10	6	19	1.0
4	10	6	39	1.0
4	10	7	19	4.0
4	10	7	25	1.0
4	10	16	19	1.0
4	11	2	19	2.0
4	11	3	19	3.0
4	11	3	21	1.0
4	11	4	19	2.0
4	11	5	18	2.0
4	11	5	19	1.0
4	11	7	19	1.0
4	11	7	21	1.0
4	11	7	22	1.0
4	11	18	19	1.0
4	11	19	20	1.0
4	11	20	26	1.0
4	12	3	19	1.0
4	12	4	21	2.0
4	12	5	21	1.0
4	12	6	21	1.0
4	12	6	22	4.0
4	12	6	23	4.0
4	13	3	24	1.0
4	13	5	21	1.0
4	14	2	25	2.0
4	14	3	25	1.0
4	14	4	25	1.0
4	14	5	7	1.0
4	14	5	23	1.0
4	14	5	26	3.0
4	14	19	20	1.0
4	14	23	25	1.0
4	15	4	27	1.0
4	15	4	31	2.0
4	15	21	25	1.0
4	15	26	27	1.0
4	16	2	30	3.0
4	16	5	31	1.0
4	16	27	28	1.0
4	17	2	27	1.0
4	17	2	30	1.0
4	17	2	32	1.0
4	17	2	33	1.0
4	17	3	32	1.0
4	17	3	33	2.0
4	17	4	29	1.0
4	17	4	31	2.0
4	18	2	3	1.0
4	18	2	34	1.0
4	18	33	34	2.0
4	20	7	8	1.0
4	20	36	37	1.0
4	21	4	37	1.0
4	21	7	8	1.0
4	21	12	13	1.0
4	23	2	43	1.0
4	24	3	4	2.0
4	24	41	43	1.0
4	31	5	12	1.0
4	33	42	43	1.0
4	36	7	8	1.0
4	67	2	3	1.0
5	6	7	8	2.0
5	6	8	10	5.0
5	6	8	11	10.0
5	6	8	12	3.0
5	6	10	13	1.0
5	7	6	12	2.0
5	7	7	12	1.0
5	7	8	13	9.0
5	7	9	12	2.0
5	7	9	13	5.0
5	7	10	11	1.0
5	7	12	14	1.0
5	7	12	15	1.0
5	7	12	25	1.0
5	8	7	8	1.0
5	8	7	14	2.0
5	8	8	9	1.0
5	8	8	15	5.0
5	8	13	16	1.0
5	8	13	26	1.0
5	9	5	7	1.0
5	9	5	15	1.0
5	9	5	16	1.0
5	9	6	16	3.0
5	9	6	17	2.0
5	9	7	14	2.0
5	9	7	15	3.0
5	9	8	15	1.0
5	9	8	16	2.0
5	9	8	17	2.0
5	9	8	18	1.0
5	9	8	19	1.0
5	9	9	14	1.0
5	9	9	16	1.0
5	9	17	18	1.0
5	9	17	30	1.0
5	9	18	33	1.0
5	10	5	18	2.0
5	10	7	17	1.0
5	10	7	19	2.0
5	10	8	18	1.0
5	10	17	18	1.0
5	10	20	40	1.0
5	11	4	20	1.0
5	11	5	18	2.0
5	11	8	19	1.0
5	11	8	20	1.0
5	11	8	22	1.0
5	11	9	18	1.0
5	11	17	27	1.0
5	11	18	20	1.0
5	12	3	21	1.0
5	12	3	22	1.0
5	12	5	21	3.0
5	12	6	22	6.0
5	12	6	23	1.0
5	12	7	21	2.0
5	12	7	23	1.0
5	12	8	11	1.0
5	12	8	22	1.0
5	12	8	23	2.0
5	12	8	24	1.0
5	12	18	19	1.0
5	13	2	21	1.0
5	13	4	23	2.0
5	13	5	24	2.0
5	13	6	24	1.0
5	13	7	24	1.0
5	13	8	23	2.0
5	13	14	22	1.0
5	13	22	34	1.0
5	14	3	22	1.0
5	14	3	23	2.0
5	14	3	24	1.0
5	14	4	22	1.0
5	14	4	23	2.0
5	14	5	24	1.0
5	14	5	26	1.0
5	14	6	7	1.0
5	14	7	23	1.0
5	14	7	24	3.0
5	14	7	25	1.0
5	14	8	25	1.0
5	15	3	26	1.0
5	15	4	25	2.0
5	15	4	28	1.0
5	15	6	23	2.0
5	15	7	26	1.0
5	16	3	28	1.0
5	16	7	27	1.0
5	16	8	29	1.0
5	17	4	33	1.0
5	17	10	15	1.0
5	17	21	26	1.0
5	17	26	32	1.0
5	17	29	30	1.0
5	18	5	30	1.0
5	19	3	33	1.0
5	19	4	34	1.0
5	19	4	36	1.0
5	19	24	25	1.0
5	20	5	38	1.0
5	21	4	8	1.0
5	21	6	38	1.0
5	21	36	37	1.0
5	22	40	41	1.0
5	23	37	38	2.0
5	24	36	41	1.0
5	25	7	47	2.0
5	25	33	43	1.0
5	25	34	35	1.0
5	26	45	46	1.0
5	28	39	40	1.0
5	29	45	49	1.0
5	30	5	6	1.0
5	36	2	7	1.0
5	36	4	5	1.0
6	7	7	41	1.0
6	7	9	11	4.0
6	7	9	14	1.0
6	7	10	12	18.0
6	7	10	13	2.0
6	7	11	12	5.0
6	7	13	17	1.0
6	7	14	26	1.0
6	7	14	36	1.0
6	7	16	17	1.0
6	7	18	19	1.0
6	7	20	23	1.0
6	8	8	12	1.0
6	8	8	13	7.0
6	8	9	13	7.0
6	8	10	13	5.0
6	8	12	13	1.0
6	9	7	14	5.0
6	9	7	15	1.0
6	9	8	15	1.0
6	9	9	15	4.0
6	9	9	17	3.0
6	10	7	18	2.0
6	10	8	15	1.0
6	10	8	16	6.0
6	10	8	18	2.0
6	10	9	19	2.0
6	10	10	19	1.0
6	11	5	16	1.0
6	11	6	16	2.0
6	11	6	18	1.0
6	11	7	13	1.0
6	11	7	18	2.0
6	11	7	19	2.0
6	11	8	18	1.0
6	11	8	19	2.0
6	11	9	16	1.0
6	11	9	19	1.0
6	11	14	18	1.0
6	12	6	19	3.0
6	12	7	21	3.0
6	12	8	20	2.0
6	12	8	21	1.0
6	12	8	22	1.0
6	12	9	10	1.0
6	12	9	19	1.0
6	12	9	21	1.0
6	12	19	20	1.0
6	13	6	20	3.0
6	13	6	21	1.0
6	13	6	22	1.0
6	13	7	23	1.0
6	13	7	24	1.0
6	13	8	23	3.0
6	13	8	24	1.0
6	13	9	23	2.0
6	13	9	24	1.0
6	13	18	19	1.0
6	13	19	22	1.0
6	14	6	24	1.0
6	14	7	24	3.0
6	14	8	23	1.0
6	14	8	29	1.0
6	14	9	24	1.0
6	15	3	22	1.0
6	15	5	25	2.0
6	15	7	26	1.0
6	15	8	26	1.0
6	15	8	29	1.0
6	15	9	28	1.0
6	15	25	26	1.0
6	16	4	24	3.0
6	16	6	30	2.0
6	17	4	6	1.0
6	17	4	28	1.0
6	17	7	29	1.0
6	17	9	21	1.0
6	17	9	33	2.0
6	18	5	31	1.0
6	18	5	32	1.0
6	18	6	32	1.0
6	18	8	30	1.0
6	18	8	33	4.0
6	18	8	34	3.0
6	18	8	37	1.0
6	18	28	29	1.0
6	18	29	31	1.0
6	19	3	4	1.0
6	19	6	35	1.0
6	19	13	28	1.0
6	20	2	36	1.0
6	20	4	33	1.0
6	20	5	32	1.0
6	20	8	38	1.0
6	20	34	38	1.0
6	21	4	33	1.0
6	21	4	34	1.0
6	21	7	37	1.0
6	22	6	38	1.0
6	22	37	38	1.0
6	23	4	42	1.0
6	23	6	7	1.0
6	24	7	46	1.0
6	24	8	9	1.0
6	24	36	37	1.0
6	26	2	45	2.0
6	26	32	35	1.0
6	27	3	48	1.0
6	27	34	35	1.0
6	27	46	47	2.0
6	28	2	46	1.0
6	28	37	38	1.0
6	28	40	41	1.0
6	34	5	8	1.0
6	37	8	9	1.0
7	8	9	13	1.0
7	8	10	11	1.0
7	8	10	12	3.0
7	8	10	14	1.0
7	8	11	13	7.0
7	8	12	13	4.0
7	8	12	14	1.0
7	8	14	15	1.0
7	8	19	20	1.0
7	9	9	13	2.0
7	9	9	16	1.0
7	9	10	14	6.0
7	9	10	15	2.0
7	9	10	16	4.0
7	9	11	12	1.0
7	9	11	13	1.0
7	9	11	14	1.0
7	9	11	15	7.0
7	9	11	16	1.0
7	9	12	14	2.0
7	9	12	15	2.0
7	9	14	15	3.0
7	10	7	16	1.0
7	10	8	16	1.0
7	10	10	16	10.0
7	10	10	17	3.0
7	10	11	17	3.0
7	10	15	16	3.0
7	10	16	17	4.0
7	10	17	23	1.0
7	11	6	18	1.0
7	11	8	13	1.0
7	11	8	15	1.0
7	11	8	17	2.0
7	11	9	18	3.0
7	11	9	19	1.0
7	11	10	17	9.0
7	11	10	18	1.0
7	11	11	18	1.0
7	11	11	19	1.0
7	11	11	21	1.0
7	11	17	18	1.0
7	11	18	19	1.0
7	12	7	19	1.0
7	12	7	21	1.0
7	12	8	19	1.0
7	12	9	10	1.0
7	12	9	18	2.0
7	12	9	20	2.0
7	12	9	22	1.0
7	12	10	20	1.0
7	12	11	21	2.0
7	12	15	17	1.0
7	12	18	19	1.0
7	12	21	22	1.0
7	12	22	24	1.0
7	13	7	19	1.0
7	13	8	19	1.0
7	13	8	20	1.0
7	13	8	22	3.0
7	13	14	20	1.0
7	13	20	21	1.0
7	14	6	23	1.0
7	14	7	22	3.0
7	14	8	26	1.0
7	14	9	21	1.0
7	14	9	25	1.0
7	14	9	26	1.0
7	14	10	24	1.0
7	14	10	26	1.0
7	15	2	22	1.0
7	15	7	24	1.0
7	15	7	25	1.0
7	15	8	14	1.0
7	15	8	26	1.0
7	15	10	31	1.0
7	16	4	22	2.0
7	16	4	25	1.0
7	16	5	9	1.0
7	16	5	22	1.0
7	16	5	23	1.0
7	16	6	27	1.0
7	16	7	8	1.0
7	16	7	25	1.0
7	16	10	27	3.0
7	17	2	27	1.0
7	17	4	24	2.0
7	17	4	27	1.0
7	17	4	28	1.0
7	17	5	24	1.0
7	17	5	26	1.0
7	17	6	26	1.0
7	17	7	27	2.0
7	17	7	28	1.0
7	17	10	29	1.0
7	17	24	25	1.0
7	17	24	27	1.0
7	17	28	35	1.0
7	18	5	26	1.0
7	18	5	28	1.0
7	18	6	29	1.0
7	18	7	29	1.0
7	18	11	12	1.0
7	18	26	27	1.0
7	19	32	34	1.0
7	20	2	27	2.0
7	20	2	34	1.0
7	20	6	31	1.0
7	20	6	32	1.0
7	20	7	32	1.0
7	20	29	34	1.0
7	21	9	36	1.0
7	21	36	38	1.0
7	22	33	36	1.0
7	23	7	8	1.0
7	23	30	31	1.0
7	23	34	35	1.0
7	24	2	36	1.0
7	24	2	37	1.0
7	24	2	44	1.0
7	24	9	10	1.0
7	24	9	46	1.0
7	24	10	45	1.0
7	24	32	33	1.0
7	24	37	43	1.0
7	25	2	39	1.0
7	25	3	40	1.0
7	26	3	45	1.0
7	29	4	43	1.0
7	29	7	48	1.0
7	29	25	44	1.0
7	32	47	48	1.0
7	34	10	22	1.0
8	9	8	13	1.0
8	9	10	11	1.0
8	9	10	14	1.0
8	9	11	15	2.0
8	9	12	14	9.0
8	9	13	15	2.0
8	9	14	15	1.0
8	9	15	16	1.0
8	9	19	20	1.0
8	9	23	29	1.0
8	9	30	31	1.0
8	10	9	11	1.0
8	10	11	15	1.0
8	10	11	16	13.0
8	10	11	28	1.0
8	10	13	17	1.0
8	11	9	10	1.0
8	11	9	16	1.0
8	11	10	11	2.0
8	11	10	17	4.0
8	11	10	18	3.0
8	11	10	20	1.0
8	11	11	18	1.0
8	11	12	19	1.0
8	11	15	19	1.0
8	11	16	17	5.0
8	11	16	19	1.0
8	11	17	18	2.0
8	11	17	19	1.0
8	11	17	29	1.0
8	11	18	20	1.0
8	12	9	10	1.0
8	12	9	18	1.0
8	12	10	11	1.0
8	12	10	19	1.0
8	12	10	22	1.0
8	12	11	18	2.0
8	12	11	19	1.0
8	12	11	20	2.0
8	12	16	20	1.0
8	13	8	22	1.0
8	13	9	21	1.0
8	13	11	19	1.0
8	13	11	22	1.0
8	13	11	23	1.0
8	13	19	20	1.0
8	14	9	22	1.0
8	14	9	24	2.0
8	14	10	22	3.0
8	14	10	23	1.0
8	14	10	24	1.0
8	14	23	24	1.0
8	15	11	12	1.0
8	15	11	25	4.0
8	15	11	26	3.0
8	15	21	22	1.0
8	16	5	25	1.0
8	16	8	25	1.0
8	17	5	28	1.0
8	17	6	26	1.0
8	17	9	26	1.0
8	17	10	32	1.0
8	17	11	12	1.0
8	17	12	30	1.0
8	17	27	28	1.0
8	18	4	25	1.0
8	18	5	28	1.0
8	18	6	26	1.0
8	18	11	12	1.0
8	18	17	26	1.0
8	19	6	36	2.0
8	19	7	30	2.0
8	19	29	30	1.0
8	20	2	30	1.0
8	20	2	31	2.0
8	20	12	35	1.0
8	21	4	31	1.0
8	21	6	35	2.0
8	21	6	38	1.0
8	21	7	38	1.0
8	21	8	36	1.0
8	21	8	37	1.0
8	21	9	39	1.0
8	21	24	27	1.0
8	21	33	34	1.0
8	22	4	33	2.0
8	22	6	36	1.0
8	22	38	39	1.0
8	23	4	11	1.0
8	24	2	37	2.0
8	24	2	38	1.0
8	24	4	43	1.0
8	24	23	43	1.0
8	25	10	44	2.0
8	26	3	45	1.0
8	27	3	41	1.0
8	27	4	49	1.0
8	27	25	43	1.0
8	27	38	39	1.0
8	27	40	41	1.0
8	28	3	42	1.0
8	28	4	47	1.0
8	28	9	47	1.0
8	30	11	18	1.0
8	31	42	48	1.0
9	10	10	15	1.0
9	10	12	13	3.0
9	10	13	16	4.0
9	10	14	15	4.0
9	10	14	18	1.0
9	10	15	16	1.0
9	10	21	22	1.0
9	10	25	30	1.0
9	10	34	35	1.0
9	11	9	18	1.0
9	11	12	16	4.0
9	11	12	17	1.0
9	11	13	16	6.0
9	11	16	17	2.0
9	12	11	19	3.0
9	12	12	15	1.0
9	12	12	18	2.0
9	12	12	19	1.0
9	12	13	19	2.0
9	12	17	19	1.0
9	12	18	19	1.0
9	13	8	13	1.0
9	13	10	20	2.0
9	13	10	21	1.0
9	13	11	19	2.0
9	13	11	20	7.0
9	13	11	21	5.0
9	13	12	13	3.0
9	13	12	14	1.0
9	13	12	19	2.0
9	13	12	20	2.0
9	13	12	21	4.0
9	13	12	28	1.0
9	13	13	20	1.0
9	13	13	22	2.0
9	13	19	31	1.0
9	13	21	26	1.0
9	14	10	19	1.0
9	14	11	21	3.0
9	14	11	22	1.0
9	14	12	22	1.0
9	14	13	23	2.0
9	14	16	20	1.0
9	15	9	23	1.0
9	15	10	24	1.0
9	15	11	12	2.0
9	15	11	22	1.0
9	15	11	23	1.0
9	15	12	24	1.0
9	15	20	28	1.0
9	17	8	26	1.0
9	17	8	28	1.0
9	17	9	26	1.0
9	17	11	29	1.0
9	17	13	14	1.0
9	17	24	25	1.0
9	18	8	28	3.0
9	18	9	28	2.0
9	18	9	29	3.0
9	18	25	26	1.0
9	18	26	27	1.0
9	18	27	29	1.0
9	19	7	28	1.0
9	19	11	33	1.0
9	19	12	13	1.0
9	19	24	29	1.0
9	19	27	28	1.0
9	20	4	5	1.0
9	22	7	33	2.0
9	22	8	33	2.0
9	22	8	34	3.0
9	22	9	34	1.0
9	22	10	36	1.0
9	23	4	34	1.0
9	23	7	38	1.0
9	23	7	40	1.0
9	23	31	32	1.0
9	23	33	34	1.0
9	24	7	39	1.0
9	24	32	38	1.0
9	25	5	45	1.0
9	25	10	42	1.0
9	26	3	37	1.0
9	26	4	37	1.0
9	27	6	47	2.0
9	27	42	43	1.0
9	27	48	49	1.0
9	28	6	41	1.0
9	28	7	8	1.0
9	28	11	14	1.0
9	29	7	47	2.0
9	30	4	9	1.0
9	32	43	44	1.0
9	33	12	15	1.0
9	36	4	17	1.0
10	11	2	24	1.0
10	11	4	16	1.0
10	11	8	17	1.0
10	11	12	16	1.0
10	11	13	14	1.0
10	11	13	16	3.0
10	11	13	17	3.0
10	11	14	16	8.0
10	11	14	17	7.0
10	11	15	16	2.0
10	11	16	17	1.0
10	12	14	18	1.0
10	12	14	19	2.0
10	12	16	17	2.0
10	12	18	19	1.0
10	13	12	19	1.0
10	13	13	14	1.0
10	13	13	19	1.0
10	13	13	20	3.0
10	13	14	20	6.0
10	14	11	20	1.0
10	14	11	21	1.0
10	14	12	21	1.0
10	14	13	15	1.0
10	14	13	20	1.0
10	14	13	22	2.0
10	14	14	20	1.0
10	14	19	20	1.0
10	15	8	22	1.0
10	15	10	21	1.0
10	15	11	21	3.0
10	15	11	22	1.0
10	15	12	21	2.0
10	15	12	22	2.0
10	15	12	23	2.0
10	15	14	22	1.0
10	16	10	25	1.0
10	16	11	26	1.0
10	16	12	23	1.0
10	16	12	24	1.0
10	16	12	25	1.0
10	16	24	25	1.0
10	17	10	23	1.0
10	17	10	27	1.0
10	17	23	24	1.0
10	18	8	25	1.0
10	18	8	27	2.0
10	18	9	25	1.0
10	18	9	26	1.0
10	18	10	30	1.0
10	18	11	14	1.0
10	18	12	29	1.0
10	18	13	14	1.0
10	18	28	36	1.0
10	19	5	28	1.0
10	19	9	28	1.0
10	19	10	27	1.0
10	19	10	28	2.0
10	19	10	35	3.0
10	19	11	12	1.0
10	19	11	27	1.0
10	19	13	32	1.0
10	19	28	29	2.0
10	19	29	30	1.0
10	19	29	31	1.0
10	20	8	29	1.0
10	20	8	32	1.0
10	20	13	33	1.0
10	20	29	30	1.0
10	21	11	37	1.0
10	21	25	26	1.0
10	22	5	32	3.0
10	22	8	33	1.0
10	22	8	37	1.0
10	22	12	13	1.0
10	22	13	38	2.0
10	22	13	39	1.0
10	23	9	10	1.0
10	23	12	13	1.0
10	24	10	40	1.0
10	24	37	38	1.0
10	26	2	40	1.0
10	26	35	36	1.0
10	26	40	42	1.0
10	27	2	45	1.0
10	27	8	9	1.0
10	27	24	40	1.0
10	28	4	45	1.0
10	28	37	47	1.0
10	29	10	11	1.0
10	30	3	44	1.0
10	30	4	44	3.0
10	30	7	11	1.0
10	30	11	12	1.0
10	31	7	8	1.0
10	31	45	46	2.0
10	32	48	49	1.0
10	35	14	15	1.0
10	36	9	10	1.0
10	36	10	11	1.0
11	12	12	16	1.0
11	12	14	15	1.0
11	12	14	17	1.0
11	12	15	16	1.0
11	12	15	17	5.0
11	12	15	26	1.0
11	12	16	17	1.0
11	12	17	21	1.0
11	12	18	19	1.0
11	12	23	25	1.0
11	12	24	25	3.0
11	13	13	47	1.0
11	13	14	18	1.0
11	13	14	19	3.0
11	13	15	19	2.0
11	13	18	19	1.0
11	14	11	20	3.0
11	14	12	20	2.0
11	14	13	19	1.0
11	14	13	20	3.0
11	14	13	21	1.0
11	14	14	20	2.0
11	14	15	16	1.0
11	14	15	17	1.0
11	14	15	18	1.0
11	14	15	20	1.0
11	14	15	21	3.0
11	14	15	22	1.0
11	14	18	20	1.0
11	15	9	22	1.0
11	15	11	21	1.0
11	15	12	22	1.0
11	15	13	22	1.0
11	15	14	23	1.0
11	15	15	21	1.0
11	15	15	22	8.0
11	15	15	23	1.0
11	15	21	22	2.0
11	16	13	24	2.0
11	16	13	25	1.0
11	16	13	26	1.0
11	16	14	25	1.0
11	16	22	23	1.0
11	16	26	33	1.0
11	17	12	24	1.0
11	17	13	25	1.0
11	17	13	26	1.0
11	17	23	24	1.0
11	18	6	25	1.0
11	18	11	27	1.0
11	18	13	27	2.0
11	18	13	30	1.0
11	18	15	28	1.0
11	18	25	27	1.0
11	18	26	27	1.0
11	19	8	25	1.0
11	19	9	25	2.0
11	19	9	26	1.0
11	19	9	31	1.0
11	19	26	27	1.0
11	20	7	27	1.0
11	20	7	28	1.0
11	20	9	28	1.0
11	20	12	13	1.0
11	20	12	32	1.0
11	20	15	32	1.0
11	20	29	30	1.0
11	20	31	32	1.0
11	20	32	33	1.0
11	21	8	33	1.0
11	21	10	30	1.0
11	21	10	32	1.0
11	21	10	33	2.0
11	21	12	13	1.0
11	21	12	33	1.0
11	21	13	14	2.0
11	22	8	30	2.0
11	22	9	33	1.0
11	22	10	11	1.0
11	22	12	33	1.0
11	23	7	34	1.0
11	23	10	39	1.0
11	23	32	34	1.0
11	23	34	35	2.0
11	24	6	7	1.0
11	24	9	35	1.0
11	24	10	35	1.0
11	24	10	40	1.0
11	24	11	15	1.0
11	24	12	40	1.0
11	24	12	43	1.0
11	24	15	41	1.0
11	25	4	11	1.0
11	25	5	41	2.0
11	25	9	43	1.0
11	25	11	39	1.0
11	25	12	13	1.0
11	26	6	33	1.0
11	27	6	45	1.0
11	27	8	43	1.0
11	27	8	44	1.0
11	27	8	45	1.0
11	27	9	42	1.0
11	27	9	43	1.0
11	27	11	48	1.0
11	27	12	13	1.0
11	28	2	41	1.0
11	28	11	47	1.0
11	28	11	48	1.0
11	28	12	13	1.0
11	29	46	47	1.0
11	30	10	11	1.0
11	30	42	45	1.0
11	31	5	14	1.0
11	31	10	11	1.0
11	35	8	20	1.0
11	42	9	11	1.0
11	51	8	11	1.0
11	52	11	12	1.0
11	53	10	11	1.0
12	13	8	18	1.0
12	13	15	20	1.0
12	13	16	18	3.0
12	13	16	19	2.0
12	13	17	18	4.0
12	13	18	19	1.0
12	13	22	23	1.0
12	13	23	24	1.0
12	14	14	20	1.0
12	14	15	19	3.0
12	14	16	18	1.0
12	14	16	20	5.0
12	14	16	21	4.0
12	14	17	19	1.0
12	14	17	20	4.0
12	14	19	29	1.0
12	14	20	21	1.0
12	14	21	22	1.0
12	15	8	20	1.0
12	15	10	15	1.0
12	15	13	20	2.0
12	15	14	20	1.0
12	15	14	22	2.0
12	15	15	21	4.0
12	15	15	22	3.0
12	15	16	20	3.0
12	15	16	21	2.0
12	15	16	22	2.0
12	15	16	23	1.0
12	15	21	25	1.0
12	16	12	21	1.0
12	16	13	21	1.0
12	16	14	16	1.0
12	16	14	22	1.0
12	16	14	23	1.0
12	16	14	25	1.0
12	16	15	22	1.0
12	16	15	23	4.0
12	16	15	24	2.0
12	16	15	25	1.0
12	16	16	24	3.0
12	16	16	25	2.0
12	16	21	22	1.0
12	16	22	23	1.0
12	17	9	13	1.0
12	17	11	23	1.0
12	17	12	23	1.0
12	17	13	14	1.0
12	17	13	24	6.0
12	17	14	15	1.0
12	17	14	24	1.0
12	17	15	25	1.0
12	17	15	26	1.0
12	17	15	28	1.0
12	17	16	26	1.0
12	17	16	27	2.0
12	17	23	24	1.0
12	18	10	26	2.0
12	18	13	14	1.0
12	18	14	27	1.0
12	18	15	19	1.0
12	18	15	28	2.0
12	18	16	30	1.0
12	19	12	27	1.0
12	19	12	29	1.0
12	19	13	26	1.0
12	19	13	27	3.0
12	19	14	33	1.0
12	19	15	30	1.0
12	19	26	27	1.0
12	20	11	27	1.0
12	20	11	31	2.0
12	20	12	30	1.0
12	20	13	32	1.0
12	20	14	31	2.0
12	20	16	30	1.0
12	21	8	29	1.0
12	21	10	30	3.0
12	21	11	29	1.0
12	21	13	14	1.0
12	21	13	32	1.0
12	21	14	32	1.0
12	21	14	33	1.0
12	22	9	35	2.0
12	22	14	36	2.0
12	22	32	33	1.0
12	23	7	9	1.0
12	23	12	36	2.0
12	23	13	36	1.0
12	24	8	9	1.0
12	24	9	10	1.0
12	24	10	35	1.0
12	24	14	37	1.0
12	25	9	37	1.0
12	25	12	16	1.0
12	25	14	15	1.0
12	25	33	35	1.0
12	25	34	35	1.0
12	25	34	40	1.0
12	26	8	38	1.0
12	26	8	39	1.0
12	26	10	38	1.0
12	26	11	37	3.0
12	26	13	38	1.0
12	26	13	41	1.0
12	26	31	37	1.0
12	27	8	41	1.0
12	27	8	42	1.0
12	27	15	16	1.0
12	29	2	38	1.0
12	29	41	43	1.0
12	30	37	38	1.0
12	30	38	39	1.0
12	30	40	41	1.0
12	31	43	48	1.0
12	34	8	9	1.0
12	35	5	8	1.0
12	41	8	10	1.0
13	14	16	20	1.0
13	14	17	18	1.0
13	14	17	19	3.0
13	14	17	20	3.0
13	14	17	21	1.0
13	14	18	20	1.0
13	14	19	20	1.0
13	14	20	21	1.0
13	14	25	26	1.0
13	14	26	27	1.0
13	14	30	32	1.0
13	14	48	49	1.0
13	15	15	16	1.0
13	15	16	20	2.0
13	15	16	21	5.0
13	15	17	20	3.0
13	15	17	21	1.0
13	15	17	22	8.0
13	15	18	21	1.0
13	15	18	22	1.0
13	15	21	22	1.0
13	16	15	22	2.0
13	16	15	23	1.0
13	16	16	22	6.0
13	16	16	23	5.0
13	16	16	24	1.0
13	16	17	23	6.0
13	16	17	24	3.0
13	16	17	25	1.0
13	16	18	22	1.0
13	16	18	24	2.0
13	16	21	22	1.0
13	16	22	23	1.0
13	17	12	16	1.0
13	17	14	24	1.0
13	17	15	25	2.0
13	17	16	24	1.0
13	17	16	25	1.0
13	17	16	26	1.0
13	17	17	24	1.0
13	17	18	21	1.0
13	17	18	24	1.0
13	17	18	25	1.0
13	17	23	24	1.0
13	18	15	27	1.0
13	18	17	27	1.0
13	19	14	16	1.0
13	19	14	27	1.0
13	19	15	27	2.0
13	19	16	17	1.0
13	19	16	27	2.0
13	19	16	28	1.0
13	19	17	27	1.0
13	19	17	28	1.0
13	19	26	27	1.0
13	19	26	28	1.0
13	20	17	31	1.0
13	20	26	27	1.0
13	20	27	28	1.0
13	20	29	30	1.0
13	20	31	32	1.0
13	21	11	14	1.0
13	21	12	33	1.0
13	21	14	31	1.0
13	21	14	32	2.0
13	21	14	33	1.0
13	21	16	33	1.0
13	21	17	33	1.0
13	21	17	34	1.0
13	21	30	31	1.0
13	22	13	30	1.0
13	23	12	33	1.0
13	23	14	33	1.0
13	23	14	36	1.0
13	23	14	38	1.0
13	23	14	39	1.0
13	23	18	20	1.0
13	23	29	31	1.0
13	24	13	35	2.0
13	24	13	36	2.0
13	24	14	36	1.0
13	24	14	37	1.0
13	24	16	36	1.0
13	25	8	34	1.0
13	25	8	35	2.0
13	25	13	14	1.0
13	25	14	37	1.0
13	25	33	34	1.0
13	25	34	35	1.0
13	25	35	36	1.0
13	26	12	13	1.0
13	26	12	42	1.0
13	26	32	33	1.0
13	27	10	40	3.0
13	27	12	40	1.0
13	27	14	40	1.0
13	28	8	46	1.0
13	28	14	42	1.0
13	28	15	44	1.0
13	28	16	45	1.0
13	28	48	49	1.0
13	29	7	41	1.0
13	29	11	43	2.0
13	30	10	47	2.0
13	32	7	45	1.0
13	32	14	15	1.0
13	36	5	7	1.0
13	40	7	13	1.0
13	41	14	23	1.0
13	42	3	4	1.0
13	45	7	13	1.0
13	47	4	7	1.0
13	59	11	16	1.0
13	67	9	16	1.0
14	15	17	19	1.0
14	15	17	20	1.0
14	15	18	20	2.0
14	15	18	21	6.0
14	15	18	22	1.0
14	15	19	20	3.0
14	15	19	21	1.0
14	15	19	22	2.0
14	15	19	34	1.0
14	15	20	21	1.0
14	15	21	22	1.0
14	15	21	24	1.0
14	15	21	27	1.0
14	15	26	27	1.0
14	16	17	22	8.0
14	16	18	19	4.0
14	16	18	21	2.0
14	16	18	23	5.0
14	16	19	21	1.0
14	16	19	22	2.0
14	16	20	21	1.0
14	16	21	35	1.0
14	17	16	23	1.0
14	17	17	24	1.0
14	17	17	25	1.0
14	17	18	24	2.0
14	17	18	25	3.0
14	17	19	24	1.0
14	17	23	24	1.0
14	18	17	24	3.0
14	18	17	25	1.0
14	18	17	26	3.0
14	18	18	19	1.0
14	18	18	25	1.0
14	18	25	26	1.0
14	19	15	26	1.0
14	19	17	18	1.0
14	19	17	27	3.0
14	19	17	28	1.0
14	19	18	30	1.0
14	19	18	32	1.0
14	19	28	29	1.0
14	20	16	17	1.0
14	20	16	29	1.0
14	20	16	30	1.0
14	20	16	31	1.0
14	20	17	29	1.0
14	20	18	19	2.0
14	20	26	27	1.0
14	21	13	31	1.0
14	21	16	28	1.0
14	21	16	29	1.0
14	21	16	30	1.0
14	21	17	29	1.0
14	22	17	36	1.0
14	23	16	35	1.0
14	23	16	36	1.0
14	23	17	18	1.0
14	24	11	32	1.0
14	24	14	15	1.0
14	24	15	36	1.0
14	24	16	35	1.0
14	24	16	36	1.0
14	24	17	36	2.0
14	25	11	35	1.0
14	25	14	40	1.0
14	25	15	18	1.0
14	25	15	39	1.0
14	25	15	40	1.0
14	25	16	39	1.0
14	25	35	36	1.0
14	26	15	16	1.0
14	27	10	38	1.0
14	27	11	42	2.0
14	27	14	35	1.0
14	27	15	37	1.0
14	28	18	19	1.0
14	29	8	41	2.0
14	29	13	46	1.0
14	30	38	39	1.0
14	31	9	43	1.0
14	31	10	43	2.0
14	31	15	49	1.0
14	32	6	48	1.0
14	34	4	12	1.0
14	34	30	43	1.0
14	35	10	13	1.0
14	37	12	29	1.0
14	38	2	7	1.0
14	38	5	6	1.0
14	47	13	15	1.0
14	47	14	15	1.0
15	16	7	14	1.0
15	16	10	33	1.0
15	16	15	20	1.0
15	16	19	20	2.0
15	16	19	21	5.0
15	16	19	22	3.0
15	16	20	21	2.0
15	16	21	22	1.0
15	16	24	25	1.0
15	17	4	22	1.0
15	17	18	23	1.0
15	17	18	24	1.0
15	17	19	22	1.0
15	17	19	23	1.0
15	17	19	24	8.0
15	17	19	25	3.0
15	17	20	24	1.0
15	18	17	24	1.0
15	18	18	25	1.0
15	18	24	25	2.0
15	19	15	26	1.0
15	19	17	25	1.0
15	19	18	20	1.0
15	19	18	26	1.0
15	19	18	28	2.0
15	19	19	26	1.0
15	19	19	27	3.0
15	19	19	28	1.0
15	19	25	34	1.0
15	19	26	27	1.0
15	20	15	16	1.0
15	20	16	29	1.0
15	20	18	28	1.0
15	20	19	24	1.0
15	20	19	27	2.0
15	20	19	28	1.0
15	21	16	28	1.0
15	21	16	29	1.0
15	21	16	30	1.0
15	21	28	41	1.0
15	22	15	30	1.0
15	23	11	31	1.0
15	23	12	31	1.0
15	24	18	34	2.0
15	24	32	33	1.0
15	25	9	10	1.0
15	25	9	35	2.0
15	25	14	36	2.0
15	25	15	18	1.0
15	25	16	17	1.0
15	25	17	42	1.0
15	25	19	37	1.0
15	25	33	37	1.0
15	26	14	36	1.0
15	26	15	39	2.0
15	27	12	37	1.0
15	27	12	39	1.0
15	27	13	40	2.0
15	27	37	38	1.0
15	27	42	43	1.0
15	27	42	46	1.0
15	28	13	42	2.0
15	28	36	41	1.0
15	29	13	43	1.0
15	29	14	44	1.0
15	29	15	44	1.0
15	30	8	15	1.0
15	30	13	14	2.0
15	30	14	16	1.0
15	32	8	45	1.0
15	33	12	13	1.0
15	33	13	14	1.0
15	34	12	38	1.0
15	35	11	15	1.0
15	37	6	14	1.0
15	39	16	27	1.0
15	40	9	10	1.0
15	44	15	25	1.0
15	69	12	13	1.0
16	17	16	17	1.0
16	17	20	22	1.0
16	17	20	23	2.0
16	17	21	23	3.0
16	17	22	23	2.0
16	17	24	25	1.0
16	18	19	20	1.0
16	18	19	24	2.0
16	18	21	22	1.0
16	18	21	24	1.0
16	18	21	25	1.0
16	19	18	25	1.0
16	19	19	22	1.0
16	19	19	24	1.0
16	19	19	26	3.0
16	19	19	27	1.0
16	19	24	25	1.0
16	19	28	29	1.0
16	20	18	27	1.0
16	20	18	28	1.0
16	20	20	28	3.0
16	21	18	30	1.0
16	21	19	20	1.0
16	21	19	30	2.0
16	21	20	30	1.0
16	21	27	28	1.0
16	22	20	21	1.0
16	22	20	31	1.0
16	23	17	30	1.0
16	23	20	35	1.0
16	24	13	34	1.0
16	24	14	31	1.0
16	24	15	31	1.0
16	24	16	34	2.0
16	24	17	31	1.0
16	24	18	36	1.0
16	24	19	32	1.0
16	24	19	37	1.0
16	25	15	32	1.0
16	25	15	38	2.0
16	25	16	34	1.0
16	25	16	36	2.0
16	25	18	36	1.0
16	25	20	38	1.0
16	25	34	48	1.0
16	26	10	23	1.0
16	26	16	36	1.0
16	26	16	39	1.0
16	26	19	20	1.0
16	27	15	39	1.0
16	27	15	40	1.0
16	27	37	40	1.0
16	28	16	17	2.0
16	28	16	43	1.0
16	28	17	41	1.0
16	28	17	43	2.0
16	28	18	19	1.0
16	28	39	42	1.0
16	28	41	42	1.0
16	29	9	42	2.0
16	29	10	39	1.0
16	29	10	42	1.0
16	29	11	39	2.0
16	29	13	45	1.0
16	29	14	45	1.0
16	29	17	49	1.0
16	29	22	41	1.0
16	29	39	42	1.0
16	29	39	48	1.0
16	30	15	16	1.0
16	30	15	46	2.0
16	31	13	14	1.0
16	31	19	20	1.0
16	32	11	12	1.0
16	32	11	44	1.0
16	32	13	46	1.0
16	32	13	47	1.0
16	33	14	15	1.0
16	33	46	47	1.0
16	34	44	48	1.0
16	38	9	10	1.0
16	42	16	18	1.0
16	43	19	31	1.0
16	54	6	11	1.0
16	54	10	11	1.0
17	18	20	22	1.0
17	18	20	23	1.0
17	18	20	24	2.0
17	18	21	23	1.0
17	18	21	24	5.0
17	18	22	23	3.0
17	18	22	24	3.0
17	18	23	24	3.0
17	18	24	25	1.0
17	18	31	34	1.0
17	19	19	26	1.0
17	19	20	25	2.0
17	19	20	26	2.0
17	19	21	22	1.0
17	19	21	25	2.0
17	19	21	26	1.0
17	19	22	23	1.0
17	19	22	26	3.0
17	20	15	26	1.0
17	20	19	28	1.0
17	20	20	28	1.0
17	20	21	27	2.0
17	20	27	29	1.0
17	20	36	37	1.0
17	21	16	29	2.0
17	21	18	29	1.0
17	21	19	28	1.0
17	21	20	29	2.0
17	21	21	29	1.0
17	21	21	30	1.0
17	21	22	29	2.0
17	21	27	28	1.0
17	21	27	30	1.0
17	21	30	39	1.0
17	22	18	19	1.0
17	22	18	28	1.0
17	22	19	20	1.0
17	22	19	31	1.0
17	22	20	29	1.0
17	22	20	30	1.0
17	22	20	31	1.0
17	23	16	21	1.0
17	23	20	31	1.0
17	23	21	22	1.0
17	23	21	35	1.0
17	24	18	31	2.0
17	24	31	38	1.0
17	25	8	9	1.0
17	25	19	35	1.0
17	25	20	37	1.0
17	25	20	38	1.0
17	26	15	38	2.0
17	26	16	36	1.0
17	26	16	38	1.0
17	26	18	19	1.0
17	26	18	38	4.0
17	26	20	21	1.0
17	26	21	40	1.0
17	26	22	29	1.0
17	27	13	19	1.0
17	27	18	37	1.0
17	27	20	21	2.0
17	27	20	39	1.0
17	27	35	36	1.0
17	28	16	38	1.0
17	28	17	39	1.0
17	28	17	40	1.0
17	28	18	39	1.0
17	28	19	43	1.0
17	29	18	22	1.0
17	29	34	37	1.0
17	29	37	40	1.0
17	30	20	45	1.0
17	30	43	44	1.0
17	31	11	47	1.0
17	31	14	45	1.0
17	31	14	46	1.0
17	31	19	46	1.0
17	31	40	41	1.0
17	32	19	46	1.0
17	33	18	19	1.0
17	33	19	20	1.0
17	33	43	44	1.0
17	36	6	17	1.0
17	36	17	20	1.0
17	37	31	32	1.0
17	39	14	15	1.0
17	40	14	15	1.0
17	42	15	16	1.0
17	51	20	21	1.0
17	51	20	47	1.0
17	54	9	11	2.0
17	71	20	30	1.0
18	19	17	23	1.0
18	19	20	22	1.0
18	19	21	24	3.0
18	19	23	24	2.0
18	19	23	25	2.0
18	19	23	26	2.0
18	19	24	25	2.0
18	19	24	26	2.0
18	20	14	25	1.0
18	20	20	26	1.0
18	20	22	23	1.0
18	20	22	25	1.0
18	20	22	26	2.0
18	20	22	27	3.0
18	20	22	39	1.0
18	20	23	25	1.0
18	20	23	26	4.0
18	20	25	27	1.0
18	21	22	23	1.0
18	21	22	27	1.0
18	21	22	28	3.0
18	21	26	27	1.0
18	21	29	34	1.0
18	22	19	28	1.0
18	22	20	29	1.0
18	22	20	31	1.0
18	22	21	22	2.0
18	22	21	28	1.0
18	22	21	29	4.0
18	22	21	31	2.0
18	22	22	29	3.0
18	22	23	29	1.0
18	22	25	29	1.0
18	23	19	20	2.0
18	23	20	31	2.0
18	23	21	31	3.0
18	23	22	30	1.0
18	24	18	33	1.0
18	24	20	33	1.0
18	24	20	35	1.0
18	24	21	22	1.0
18	24	21	33	1.0
18	24	21	34	1.0
18	24	22	23	1.0
18	24	22	33	2.0
18	25	18	37	2.0
18	25	19	34	1.0
18	25	19	37	1.0
18	25	22	36	1.0
18	26	20	21	1.0
18	26	20	34	2.0
18	26	21	35	1.0
18	26	21	38	1.0
18	26	21	39	1.0
18	26	22	37	1.0
18	27	20	21	1.0
18	27	22	40	1.0
18	27	24	34	1.0
18	27	39	40	1.0
18	29	21	44	1.0
18	30	16	41	1.0
18	30	40	45	1.0
18	31	6	15	1.0
18	31	11	44	1.0
18	31	12	44	2.0
18	31	18	42	2.0
18	31	18	43	1.0
18	31	44	45	1.0
18	32	14	46	1.0
18	32	17	47	1.0
18	32	35	40	1.0
18	33	15	45	1.0
18	33	16	47	2.0
18	33	17	22	1.0
18	35	12	46	1.0
18	36	46	47	1.0
18	37	14	15	1.0
18	38	5	14	1.0
18	40	8	11	1.0
18	43	20	38	1.0
18	44	14	26	1.0
18	44	19	20	1.0
18	49	12	13	1.0
18	70	19	21	1.0
19	20	22	24	1.0
19	20	23	25	1.0
19	20	23	26	6.0
19	20	23	27	2.0
19	20	23	28	1.0
19	20	24	25	6.0
19	20	24	26	3.0
19	20	24	27	1.0
19	20	25	26	2.0
19	20	34	35	1.0
19	21	19	23	1.0
19	21	22	27	2.0
19	21	23	27	1.0
19	21	23	28	3.0
19	21	24	25	1.0
19	21	24	28	2.0
19	21	27	30	1.0
19	22	24	29	2.0
19	22	24	31	1.0
19	22	25	30	1.0
19	23	22	30	1.0
19	23	23	31	1.0
19	23	23	32	1.0
19	23	23	33	1.0
19	23	30	31	1.0
19	24	13	23	1.0
19	24	21	33	1.0
19	24	22	30	1.0
19	24	23	33	1.0
19	24	31	32	1.0
19	24	37	38	1.0
19	25	21	33	2.0
19	25	21	34	1.0
19	25	22	23	1.0
19	25	22	32	1.0
19	25	22	35	3.0
19	25	34	35	1.0
19	26	21	35	1.0
19	26	21	36	1.0
19	26	22	38	1.0
19	26	34	35	1.0
19	26	34	36	1.0
19	27	18	39	1.0
19	27	21	39	1.0
19	27	23	37	1.0
19	27	23	38	1.0
19	28	17	36	1.0
19	28	17	39	1.0
19	28	35	36	1.0
19	28	36	39	1.0
19	29	19	20	1.0
19	29	21	40	1.0
19	29	22	23	1.0
19	29	28	35	1.0
19	30	16	41	1.0
19	30	17	41	1.0
19	30	17	42	2.0
19	30	21	43	1.0
19	30	21	44	1.0
19	30	22	23	1.0
19	30	22	43	1.0
19	30	41	42	1.0
19	31	16	17	1.0
19	32	20	22	1.0
19	33	12	47	1.0
19	34	16	47	1.0
19	34	16	48	1.0
19	35	10	48	1.0
19	35	45	48	1.0
19	36	13	48	2.0
19	36	17	18	1.0
19	36	20	21	1.0
19	37	13	14	1.0
19	38	11	49	1.0
19	40	17	18	1.0
19	43	4	5	1.0
19	46	20	21	1.0
19	67	9	22	1.0
20	21	20	28	1.0
20	21	25	26	3.0
20	21	25	27	3.0
20	21	26	27	2.0
20	22	24	28	2.0
20	22	25	27	1.0
20	22	25	28	2.0
20	22	25	29	2.0
20	22	26	42	1.0
20	22	27	28	1.0
20	22	28	29	1.0
20	22	29	31	1.0
20	23	13	25	1.0
20	23	22	30	1.0
20	23	23	26	1.0
20	23	23	29	1.0
20	23	24	29	1.0
20	23	24	30	1.0
20	23	25	32	2.0
20	23	29	30	1.0
20	23	31	32	1.0
20	23	37	38	1.0
20	24	25	32	1.0
20	25	22	33	2.0
20	25	23	33	1.0
20	25	23	35	1.0
20	25	24	34	1.0
20	25	25	33	1.0
20	26	15	35	1.0
20	26	21	24	1.0
20	26	21	27	1.0
20	28	20	24	1.0
20	28	23	38	1.0
20	29	18	40	1.0
20	30	18	44	1.0
20	30	22	43	2.0
20	30	24	44	1.0
20	31	14	40	1.0
20	31	15	40	1.0
20	32	17	46	1.0
20	32	20	21	1.0
20	34	17	47	1.0
20	34	19	20	1.0
20	35	24	25	1.0
20	37	12	13	1.0
20	37	22	23	1.0
20	38	17	18	1.0
20	39	23	24	1.0
20	40	12	13	1.0
20	40	19	21	1.0
20	45	18	19	1.0
20	49	15	16	1.0
20	52	17	18	1.0
20	57	18	28	1.0
20	57	19	20	1.0
21	22	25	29	3.0
21	22	26	28	3.0
21	22	26	32	1.0
21	22	28	29	1.0
21	22	40	43	1.0
21	23	25	26	1.0
21	23	25	29	3.0
21	23	25	30	1.0
21	23	28	29	1.0
21	23	29	33	1.0
21	23	30	31	1.0
21	24	24	26	1.0
21	24	25	31	1.0
21	24	31	32	1.0
21	25	24	33	1.0
21	25	25	33	1.0
21	25	26	33	2.0
21	25	27	34	1.0
21	26	22	33	1.0
21	26	23	34	1.0
21	26	25	34	1.0
21	26	25	35	2.0
21	26	32	33	1.0
21	26	34	35	1.0
21	27	24	36	2.0
21	27	37	41	1.0
21	28	18	39	1.0
21	28	23	39	1.0
21	29	19	38	1.0
21	29	21	24	1.0
21	29	21	37	2.0
21	29	22	37	1.0
21	29	22	42	1.0
21	29	23	38	1.0
21	30	17	38	1.0
21	31	19	40	1.0
21	31	22	46	1.0
21	32	20	42	1.0
21	32	20	43	1.0
21	32	21	42	1.0
21	32	23	46	1.0
21	33	22	45	1.0
21	33	35	36	1.0
21	34	17	47	1.0
21	34	18	45	1.0
21	34	19	47	1.0
21	34	22	42	1.0
21	34	24	25	1.0
21	35	13	46	2.0
21	36	25	40	1.0
21	38	14	15	1.0
21	41	23	24	1.0
21	42	19	20	1.0
21	47	11	15	1.0
21	49	18	23	1.0
21	51	22	23	1.0
22	23	10	12	1.0
22	24	21	26	1.0
22	24	24	31	1.0
22	24	25	31	2.0
22	24	26	27	1.0
22	24	26	30	1.0
22	24	26	31	1.0
22	24	27	31	2.0
22	24	29	30	1.0
22	25	25	31	1.0
22	25	26	32	1.0
22	25	26	33	1.0
22	25	27	31	1.0
22	25	27	32	2.0
22	25	27	33	1.0
22	25	27	34	1.0
22	26	24	25	1.0
22	26	24	35	2.0
22	26	25	35	2.0
22	26	26	33	3.0
22	26	26	34	1.0
22	26	27	34	1.0
22	27	27	35	1.0
22	27	35	36	1.0
22	28	13	36	1.0
22	28	21	37	1.0
22	28	24	36	1.0
22	28	25	37	1.0
22	28	25	38	2.0
22	28	26	27	1.0
22	28	26	37	1.0
22	28	28	29	1.0
22	28	35	36	1.0
22	29	23	38	2.0
22	29	24	25	1.0
22	29	24	36	1.0
22	29	24	38	2.0
22	29	26	38	1.0
22	30	21	40	1.0
22	30	23	42	2.0
22	30	24	42	1.0
22	30	28	29	1.0
22	31	21	41	1.0
22	31	22	40	2.0
22	31	23	44	1.0
22	31	44	45	1.0
22	32	23	24	1.0
22	32	24	25	1.0
22	32	26	27	1.0
22	32	26	45	1.0
22	33	20	47	1.0
22	33	20	48	1.0
22	33	23	45	2.0
22	34	18	48	1.0
22	34	20	44	1.0
22	34	44	45	1.0
22	38	16	17	1.0
22	38	17	18	1.0
22	38	23	24	2.0
22	40	19	20	1.0
22	40	24	25	1.0
22	40	24	27	1.0
22	44	7	19	1.0
22	46	18	19	1.0
22	46	18	23	1.0
22	49	18	35	1.0
22	53	18	19	1.0
22	55	22	23	1.0
22	55	22	26	1.0
22	67	13	24	1.0
23	24	19	21	1.0
23	24	21	22	1.0
23	24	21	26	1.0
23	24	28	32	1.0
23	24	29	32	1.0
23	25	26	32	1.0
23	25	26	33	1.0
23	25	27	31	3.0
23	25	28	31	1.0
23	25	28	32	1.0
23	25	29	31	1.0
23	26	27	32	2.0
23	26	27	33	3.0
23	26	27	35	1.0
23	26	28	31	1.0
23	26	28	34	2.0
23	26	29	35	1.0
23	27	24	34	1.0
23	27	25	35	1.0
23	27	26	35	3.0
23	27	27	35	1.0
23	27	40	43	1.0
23	28	24	37	1.0
23	28	25	34	1.0
23	28	25	36	1.0
23	28	35	36	1.0
23	28	36	37	1.0
23	29	25	36	1.0
23	29	40	44	1.0
23	30	26	27	1.0
23	30	26	39	1.0
23	30	26	40	1.0
23	30	40	41	1.0
23	30	41	45	1.0
23	31	20	38	1.0
23	31	22	38	2.0
23	31	24	41	2.0
23	31	28	40	1.0
23	31	38	39	1.0
23	32	23	42	1.0
23	32	24	42	1.0
23	32	24	44	2.0
23	33	19	44	2.0
23	33	23	45	1.0
23	33	25	26	1.0
23	33	25	47	1.0
23	34	25	44	1.0
23	35	26	49	1.0
23	35	44	45	2.0
23	36	25	26	1.0
23	38	16	47	1.0
23	40	19	20	1.0
23	40	25	31	1.0
23	42	24	26	1.0
23	43	19	22	1.0
23	47	19	27	1.0
23	48	20	21	1.0
23	65	11	12	1.0
23	71	11	28	1.0
23	76	22	23	1.0
24	25	23	41	1.0
24	25	28	31	1.0
24	25	29	30	1.0
24	25	29	31	2.0
24	25	29	32	1.0
24	25	31	32	2.0
24	25	34	36	1.0
24	26	28	29	1.0
24	26	28	32	1.0
24	26	28	33	1.0
24	26	29	32	1.0
24	26	29	33	2.0
24	26	29	34	1.0
24	26	30	33	1.0
24	27	27	35	1.0
24	27	27	36	1.0
24	27	28	29	1.0
24	27	28	36	1.0
24	28	26	36	1.0
24	28	27	35	1.0
24	28	27	36	3.0
24	28	29	39	1.0
24	30	28	29	1.0
24	30	28	41	1.0
24	30	28	42	1.0
24	30	29	30	1.0
24	31	27	40	1.0
24	32	25	45	1.0
24	32	26	42	1.0
24	32	27	42	2.0
24	33	25	42	1.0
24	34	28	45	1.0
24	35	26	48	1.0
24	36	20	26	1.0
24	36	45	46	1.0
24	37	24	25	1.0
24	38	19	20	1.0
24	38	46	47	1.0
24	39	21	23	1.0
24	39	28	29	1.0
24	53	23	26	1.0
24	57	3	7	1.0
24	76	27	28	1.0
25	26	28	31	1.0
25	26	28	33	1.0
25	26	29	33	1.0
25	26	30	32	1.0
25	26	38	39	1.0
25	27	31	33	1.0
25	28	28	36	3.0
25	28	38	39	1.0
25	29	28	37	1.0
25	29	29	38	4.0
25	30	28	38	1.0
25	30	29	38	2.0
25	30	39	40	1.0
25	31	27	42	1.0
25	31	29	40	1.0
25	31	29	41	1.0
25	31	29	42	1.0
25	31	31	43	1.0
25	31	38	39	1.0
25	32	27	41	1.0
25	32	28	45	2.0
25	32	29	43	1.0
25	32	30	32	1.0
25	32	31	32	1.0
25	33	29	44	1.0
25	33	29	46	1.0
25	33	29	47	1.0
25	34	23	43	1.0
25	34	25	47	2.0
25	34	26	48	1.0
25	34	28	44	1.0
25	34	30	45	1.0
25	34	43	44	1.0
25	35	26	45	1.0
25	35	28	46	1.0
25	35	29	30	1.0
25	36	15	47	1.0
25	36	26	48	1.0
25	37	21	22	1.0
25	37	24	49	1.0
25	37	45	46	1.0
25	38	47	48	1.0
25	40	21	22	1.0
25	40	21	24	1.0
25	44	23	30	1.0
25	45	22	23	1.0
25	45	23	24	1.0
25	52	25	26	1.0
25	63	19	20	1.0
26	27	32	33	3.0
26	27	33	34	1.0
26	27	33	35	1.0
26	28	30	35	7.0
26	28	30	36	1.0
26	28	31	32	1.0
26	28	31	35	3.0
26	28	31	36	1.0
26	28	31	37	1.0
26	28	32	34	1.0
26	28	32	35	1.0
26	29	30	36	1.0
26	29	30	37	2.0
26	29	31	37	1.0
26	29	31	38	1.0
26	29	32	38	1.0
26	29	35	36	1.0
26	30	30	39	1.0
26	30	31	38	1.0
26	30	38	39	1.0
26	31	30	39	1.0
26	31	30	40	1.0
26	31	31	39	1.0
26	31	31	41	1.0
26	32	29	44	1.0
26	32	30	43	1.0
26	32	30	44	4.0
26	32	31	42	1.0
26	33	23	42	1.0
26	33	24	42	1.0
26	33	26	41	1.0
26	33	29	30	1.0
26	33	29	44	1.0
26	33	44	45	1.0
26	34	25	45	2.0
26	34	27	30	1.0
26	34	29	44	1.0
26	34	29	45	4.0
26	34	30	31	1.0
26	35	28	47	1.0
26	35	45	47	1.0
26	37	27	28	1.0
26	37	46	47	1.0
26	38	31	32	1.0
26	39	22	23	1.0
26	42	21	22	1.0
26	42	27	28	1.0
26	51	25	26	1.0
26	55	30	31	1.0
26	71	30	31	1.0
27	28	12	40	1.0
27	28	23	24	1.0
27	28	32	34	1.0
27	28	32	35	4.0
27	28	33	35	2.0
27	28	34	35	1.0
27	28	34	40	1.0
27	28	35	36	1.0
27	29	31	36	1.0
27	29	32	33	1.0
27	29	34	36	1.0
27	29	36	37	1.0
27	30	31	37	2.0
27	30	31	38	1.0
27	30	32	38	1.0
27	30	38	44	1.0
27	31	27	31	1.0
27	31	31	34	1.0
27	32	30	43	1.0
27	32	40	41	1.0
27	33	29	43	1.0
27	33	30	44	1.0
27	33	32	43	3.0
27	33	43	44	2.0
27	35	27	28	1.0
27	36	30	35	1.0
27	38	28	29	1.0
27	40	23	24	1.0
27	44	26	27	1.0
27	48	30	31	1.0
27	52	20	44	1.0
28	29	38	41	1.0
28	30	34	37	2.0
28	31	33	34	1.0
28	32	32	33	1.0
28	32	33	40	1.0
28	32	39	40	1.0
28	32	40	41	1.0
28	33	33	42	3.0
28	33	42	49	1.0
28	34	31	32	1.0
28	34	32	44	1.0
28	35	28	44	1.0
28	35	31	44	1.0
28	35	31	45	1.0
28	35	32	33	1.0
28	35	46	47	2.0
28	36	30	46	2.0
28	36	42	47	1.0
28	37	31	49	2.0
28	37	32	33	1.0
28	43	28	29	1.0
28	44	29	30	1.0
28	47	28	30	1.0
29	30	38	39	2.0
29	31	33	39	1.0
29	31	34	38	1.0
29	31	34	40	2.0
29	31	39	41	1.0
29	31	43	44	1.0
29	31	48	49	1.0
29	32	38	41	1.0
29	32	39	40	1.0
29	33	31	32	1.0
29	33	35	43	1.0
29	34	30	32	1.0
29	34	30	41	1.0
29	34	32	43	2.0
29	34	42	43	1.0
29	35	27	33	1.0
29	35	33	34	1.0
29	35	33	46	1.0
29	35	34	47	2.0
29	35	35	47	1.0
29	35	43	44	1.0
29	36	28	46	1.0
29	36	29	46	2.0
29	36	34	47	1.0
29	37	32	47	3.0
29	37	32	48	3.0
29	37	33	47	1.0
29	38	31	46	1.0
29	39	31	32	1.0
29	40	29	31	1.0
29	40	31	32	1.0
29	40	44	48	1.0
29	44	29	30	1.0
29	45	27	33	1.0
29	46	28	41	1.0
29	46	29	30	1.0
29	47	24	32	1.0
29	48	32	33	1.0
29	51	20	21	1.0
29	57	33	34	1.0
29	67	13	22	1.0
30	31	34	38	2.0
30	31	36	37	1.0
30	31	36	44	1.0
30	31	38	40	1.0
30	32	34	36	1.0
30	32	39	41	1.0
30	32	40	41	1.0
30	33	35	36	1.0
30	33	35	42	1.0
30	33	40	41	1.0
30	34	34	35	1.0
30	36	30	31	1.0
30	36	32	44	1.0
30	37	30	47	1.0
30	37	33	47	1.0
30	37	35	48	1.0
30	37	35	49	1.0
30	38	22	34	1.0
30	38	34	48	2.0
30	39	34	35	1.0
30	44	28	29	1.0
30	45	35	38	1.0
30	47	29	30	1.0
30	47	30	31	1.0
30	49	27	28	1.0
30	51	34	35	1.0
31	32	35	39	2.0
31	32	36	37	1.0
31	32	36	39	1.0
31	32	39	40	1.0
31	33	36	41	1.0
31	33	40	41	2.0
31	34	36	43	1.0
31	34	37	38	1.0
31	34	39	40	1.0
31	34	41	43	1.0
31	36	32	44	1.0
31	36	36	37	1.0
31	37	33	34	1.0
31	37	35	47	1.0
31	37	35	48	1.0
31	37	37	48	1.0
31	38	34	35	1.0
31	38	47	48	1.0
31	40	32	33	1.0
31	43	28	32	2.0
31	43	34	35	1.0
31	43	36	37	1.0
31	48	27	30	1.0
31	49	31	32	1.0
31	50	22	23	1.0
31	55	24	25	1.0
32	33	13	43	1.0
32	33	38	39	3.0
32	33	38	42	1.0
32	33	39	40	1.0
32	33	40	44	1.0
32	33	45	48	1.0
32	34	37	42	2.0
32	34	37	43	1.0
32	34	38	43	1.0
32	35	38	45	2.0
32	36	35	43	1.0
32	37	36	46	1.0
32	37	36	48	3.0
32	37	46	47	1.0
32	46	31	32	1.0
32	46	34	35	1.0
32	52	18	30	1.0
32	52	31	35	1.0
32	56	30	33	1.0
32	57	30	31	1.0
32	66	28	29	1.0
32	67	28	29	1.0
33	34	25	29	1.0
33	35	38	44	1.0
33	36	36	43	1.0
33	36	37	38	1.0
33	36	38	44	1.0
33	36	38	45	2.0
33	36	42	44	1.0
33	36	43	44	1.0
33	37	38	45	1.0
33	37	38	47	1.0
33	37	39	46	1.0
33	38	37	47	2.0
33	38	39	49	1.0
33	39	32	47	1.0
33	39	37	48	1.0
33	39	37	49	1.0
33	39	38	39	1.0
33	42	35	36	1.0
33	49	32	33	1.0
33	50	34	35	1.0
33	52	37	38	1.0
33	57	31	33	1.0
34	35	40	42	1.0
34	35	40	43	1.0
34	35	42	44	1.0
34	36	39	43	1.0
34	36	39	45	2.0
34	36	41	43	1.0
34	36	41	46	1.0
34	37	39	46	2.0
34	37	40	47	1.0
34	38	37	47	1.0
34	38	37	48	2.0
34	38	39	40	1.0
34	41	40	41	1.0
34	42	8	37	1.0
34	44	37	38	1.0
34	44	38	39	1.0
34	50	24	33	1.0
34	50	36	37	1.0
34	51	32	33	1.0
34	65	41	42	1.0
34	74	29	31	1.0
35	36	37	46	1.0
35	36	40	43	2.0
35	36	41	42	1.0
35	36	41	44	1.0
35	36	42	43	1.0
35	36	42	44	1.0
35	37	39	40	1.0
35	38	41	46	2.0
35	39	47	48	1.0
35	40	37	38	1.0
35	43	38	39	2.0
35	47	33	34	1.0
35	47	34	35	1.0
35	56	18	31	1.0
35	65	35	36	1.0
36	37	37	43	1.0
36	37	41	45	1.0
36	37	42	45	1.0
36	37	43	44	2.0
36	37	43	45	2.0
36	37	43	46	1.0
36	38	41	46	4.0
36	38	41	47	1.0
36	38	42	45	4.0
36	38	43	45	1.0
36	38	43	48	1.0
36	39	33	42	1.0
36	39	39	42	1.0
36	39	41	43	1.0
36	39	41	47	1.0
36	39	41	48	1.0
36	39	42	43	1.0
36	39	42	47	2.0
36	41	33	43	1.0
36	41	42	43	1.0
36	42	43	44	1.0
36	43	38	40	1.0
36	48	37	48	1.0
36	53	27	34	1.0
36	53	34	41	1.0
36	54	41	42	1.0
36	61	39	40	1.0
36	63	35	36	1.0
37	38	42	46	2.0
37	38	43	46	1.0
37	38	44	45	2.0
37	39	42	46	3.0
37	39	43	48	2.0
37	40	43	48	2.0
37	41	44	45	1.0
37	42	37	42	1.0
37	43	21	41	1.0
37	45	40	41	1.0
37	59	37	41	1.0
37	63	35	36	1.0
37	63	36	37	1.0
38	39	24	31	1.0
38	39	46	47	1.0
38	43	33	36	1.0
38	45	40	41	1.0
38	45	41	42	1.0
38	45	41	44	1.0
38	48	31	43	1.0
38	49	40	41	1.0
38	57	34	35	1.0
38	57	44	46	1.0
38	74	38	40	1.0
38	75	45	48	1.0
39	40	40	42	1.0
39	41	47	48	1.0
39	45	43	46	1.0
39	51	40	41	1.0
39	56	41	42	1.0
39	57	35	36	1.0
40	41	46	47	2.0
40	59	44	45	1.0
40	63	41	42	1.0
40	63	43	44	1.0
40	75	42	44	1.0
41	42	20	43	1.0
41	43	46	47	1.0
41	55	25	26	1.0
41	70	43	44	1.0
42	50	48	49	1.0
42	51	44	47	1.0
42	51	48	49	1.0
42	59	45	46	1.0
42	61	41	43	1.0
42	64	41	42	1.0
43	44	9	15	1.0
43	46	48	49	1.0
43	52	47	48	1.0
43	59	43	44	1.0
43	62	47	48	1.0
46	54	46	47	1.0
46	62	40	41	1.0
46	62	45	46	1.0
47	48	4	5	1.0
47	59	48	49	1.0
48	67	44	45	1.0
48	67	45	46	1.0
48	71	41	42	1.0
49	66	32	41	1.0
49	66	36	41	1.0
52	71	39	40	1.0
52	73	45	46	1.0
58	59	35	36	1.0
64	67	44	46	1.0
Quadrant	1
0	1	3	17	1.0
0	1	3	46	1.0
0	1	4	8	1.0
0	1	4	9	1.0
0	1	4	11	1.0
0	1	4	14	1.0
0	1	5	8	1.0
0	1	5	10	1.0
0	1	6	7	7.0
0	1	6	11	1.0
0	1	6	25	1.0
0	1	7	10	2.0
0	1	7	11	1.0
0	1	7	14	1.0
0	1	8	9	5.0
0	1	8	25	1.0
0	1	10	11	2.0
0	1	11	26	1.0
0	1	12	13	1.0
0	1	13	14	1.0
0	1	16	17	1.0
0	2	2	8	5.0
0	2	3	8	20.0
0	2	3	9	3.0
0	2	4	8	1.0
0	2	5	6	1.0
0	2	6	7	2.0
0	2	6	8	1.0
0	2	6	22	1.0
0	2	7	8	3.0
0	2	7	16	1.0
0	2	8	9	1.0
0	2	8	10	1.0
0	2	10	11	1.0
0	2	13	15	1.0
0	2	15	17	1.0
0	2	18	19	1.0
0	2	29	30	1.0
0	3	2	7	3.0
0	3	2	8	11.0
0	3	2	9	10.0
0	3	2	10	5.0
0	3	3	9	10.0
0	3	3	10	3.0
0	3	3	11	1.0
0	3	5	14	1.0
0	3	6	11	1.0
0	3	6	16	1.0
0	3	7	11	1.0
0	3	8	9	5.0
0	3	9	10	1.0
0	3	10	11	1.0
0	3	10	15	1.0
0	3	12	17	1.0
0	3	13	14	2.0
0	3	14	15	1.0
0	3	25	26	1.0
0	4	2	9	1.0
0	4	2	10	9.0
0	4	2	11	5.0
0	4	2	12	5.0
0	4	2	13	2.0
0	4	3	9	1.0
0	4	3	11	2.0
0	4	3	12	1.0
0	4	3	13	1.0
0	4	4	12	1.0
0	4	6	7	1.0
0	4	8	9	2.0
0	4	8	20	1.0
0	4	10	12	1.0
0	4	11	13	1.0
0	4	12	13	1.0
0	4	22	23	1.0
0	5	2	11	3.0
0	5	2	12	4.0
0	5	2	14	2.0
0	5	3	4	1.0
0	5	3	11	3.0
0	5	3	13	1.0
0	5	4	5	1.0
0	5	6	32	1.0
0	5	7	12	1.0
0	5	8	9	1.0
0	5	8	11	1.0
0	5	8	19	1.0
0	5	9	10	1.0
0	5	10	11	1.0
0	5	11	17	1.0
0	5	15	16	2.0
0	5	15	28	1.0
0	6	2	13	1.0
0	6	2	14	4.0
0	6	2	17	1.0
0	6	5	6	1.0
0	6	5	10	1.0
0	6	5	17	1.0
0	6	8	15	1.0
0	6	9	11	1.0
0	6	10	12	1.0
0	6	10	15	2.0
0	6	11	12	1.0
0	6	12	24	2.0
0	6	14	15	1.0
0	6	19	24	1.0
0	7	2	16	1.0
0	7	2	17	2.0
0	7	3	17	1.0
0	7	3	18	1.0
0	7	7	8	1.0
0	7	10	13	1.0
0	7	13	14	5.0
0	7	13	15	1.0
0	7	14	15	1.0
0	7	17	18	2.0
0	8	2	15	1.0
0	8	2	21	2.0
0	8	3	21	1.0
0	8	3	22	1.0
0	8	7	11	1.0
0	8	11	12	1.0
0	8	15	16	2.0
0	8	16	17	2.0
0	8	20	21	1.0
0	8	20	26	1.0
0	8	39	40	1.0
0	8	42	44	1.0
0	9	2	22	1.0
0	9	2	23	1.0
0	9	11	14	1.0
0	9	13	15	1.0
0	9	14	16	1.0
0	9	15	16	3.0
0	9	16	17	1.0
0	9	18	19	3.0
0	9	22	23	1.0
0	9	24	25	1.0
0	10	2	3	1.0
0	10	2	25	3.0
0	10	3	4	1.0
0	10	3	25	2.0
0	10	3	26	1.0
0	10	6	7	1.0
0	10	7	9	1.0
0	10	8	24	1.0
0	10	10	11	1.0
0	10	12	41	1.0
0	10	17	18	1.0
0	10	22	32	1.0
0	10	23	24	1.0
0	10	26	27	1.0
0	10	28	29	1.0
0	11	3	4	1.0
0	11	10	40	1.0
0	11	11	23	1.0
0	11	17	20	1.0
0	11	18	19	1.0
0	11	19	20	1.0
0	11	23	24	2.0
0	11	27	28	1.0
0	12	2	3	1.0
0	12	2	27	1.0
0	12	2	28	2.0
0	12	2	29	1.0
0	12	3	31	1.0
0	12	5	17	1.0
0	12	10	11	1.0
0	12	11	22	1.0
0	12	13	18	1.0
0	12	16	44	1.0
0	12	22	23	1.0
0	12	23	24	1.0
0	12	26	27	1.0
0	12	26	35	1.0
0	12	26	38	1.0
0	12	27	28	2.0
0	12	30	31	1.0
0	13	2	29	2.0
0	13	14	19	1.0
0	13	15	48	1.0
0	13	18	23	1.0
0	13	23	24	2.0
0	13	25	26	3.0
0	13	29	30	1.0
0	13	38	39	1.0
0	14	2	31	1.0
0	14	18	19	2.0
0	14	19	20	1.0
0	14	24	25	1.0
0	14	25	26	1.0
0	14	30	31	1.0
0	14	35	36	1.0
0	14	39	40	1.0
0	15	2	21	1.0
0	15	14	20	1.0
0	15	22	23	1.0
0	15	23	24	1.0
0	16	3	28	1.0
0	16	3	34	1.0
0	16	3	35	1.0
0	16	17	22	1.0
0	16	22	23	1.0
0	16	24	25	1.0
0	16	42	44	1.0
0	17	25	26	1.0
0	17	27	28	1.0
0	17	27	32	1.0
0	17	38	39	1.0
0	18	3	29	1.0
0	18	5	7	1.0
0	18	23	24	1.0
0	18	25	26	1.0
0	18	26	27	1.0
0	18	29	31	1.0
0	19	21	22	1.0
0	19	26	28	1.0
0	19	33	37	1.0
0	19	36	37	2.0
0	19	41	42	1.0
0	20	23	31	1.0
0	20	25	26	1.0
0	20	33	34	1.0
0	20	42	43	1.0
0	21	27	29	1.0
0	21	34	35	1.0
0	22	2	3	1.0
0	22	26	42	1.0
0	22	31	32	1.0
0	22	35	44	1.0
0	23	27	47	1.0
0	23	47	48	1.0
0	24	2	13	1.0
0	24	29	30	1.0
0	25	27	30	1.0
0	25	41	42	1.0
0	25	43	44	1.0
0	25	45	46	1.0
0	26	23	35	1.0
0	26	30	42	1.0
0	26	37	38	1.0
0	26	43	45	1.0
0	26	47	48	1.0
0	27	17	38	1.0
0	27	32	43	1.0
0	27	33	35	1.0
0	27	34	35	1.0
0	28	9	44	1.0
0	28	24	31	1.0
0	28	33	34	1.0
0	28	34	40	1.0
0	28	35	37	1.0
0	30	12	36	1.0
0	30	33	37	1.0
0	34	40	42	1.0
0	36	26	27	1.0
0	37	28	44	1.0
0	37	41	44	1.0
0	38	35	43	1.0
0	38	39	40	1.0
0	38	43	44	1.0
0	38	43	47	1.0
0	38	48	49	1.0
0	40	35	37	1.0
0	41	32	37	1.0
0	41	37	39	1.0
0	44	2	3	1.0
0	46	4	5	1.0
0	47	8	46	1.0
0	51	40	42	1.0
0	75	18	29	1.0
1	2	2	7	1.0
1	2	2	8	1.0
1	2	3	6	4.0
1	2	3	7	7.0
1	2	4	5	3.0
1	2	4	13	1.0
1	2	5	7	4.0
1	2	6	7	3.0
1	2	7	8	2.0
1	2	10	11	1.0
1	2	13	15	1.0
1	2	20	26	1.0
1	3	2	7	2.0
1	3	2	8	5.0
1	3	3	9	1.0
1	3	4	8	8.0
1	3	4	9	6.0
1	3	5	8	5.0
1	3	5	9	2.0
1	3	5	10	2.0
1	3	7	9	1.0
1	3	8	9	1.0
1	3	9	10	1.0
1	3	14	16	1.0
1	4	2	3	2.0
1	4	2	4	1.0
1	4	2	8	5.0
1	4	2	11	1.0
1	4	3	9	6.0
1	4	3	10	8.0
1	4	3	11	4.0
1	4	3	12	7.0
1	4	4	9	1.0
1	4	4	10	2.0
1	4	4	11	4.0
1	4	5	10	1.0
1	4	5	11	1.0
1	4	6	10	1.0
1	4	10	11	1.0
1	5	2	3	1.0
1	5	2	9	2.0
1	5	2	10	2.0
1	5	2	11	2.0
1	5	2	12	2.0
1	5	3	9	2.0
1	5	3	10	1.0
1	5	3	11	7.0
1	5	3	12	3.0
1	5	3	15	1.0
1	5	4	5	1.0
1	5	4	11	1.0
1	5	4	14	1.0
1	5	5	11	1.0
1	5	8	11	1.0
1	5	9	10	1.0
1	5	10	14	1.0
1	5	12	18	1.0
1	6	2	3	4.0
1	6	2	12	1.0
1	6	2	13	5.0
1	6	3	14	3.0
1	6	3	31	1.0
1	6	4	5	1.0
1	6	4	13	2.0
1	6	4	14	1.0
1	6	4	16	1.0
1	6	12	13	1.0
1	7	2	3	2.0
1	7	2	14	4.0
1	7	3	14	2.0
1	7	3	15	2.0
1	7	3	18	1.0
1	7	14	15	1.0
1	8	2	15	2.0
1	8	2	20	2.0
1	8	3	16	2.0
1	8	3	17	1.0
1	8	3	18	1.0
1	8	3	21	1.0
1	8	4	18	1.0
1	8	4	19	1.0
1	8	14	15	1.0
1	8	15	16	1.0
1	9	2	18	1.0
1	9	3	5	1.0
1	9	3	19	2.0
1	9	4	16	1.0
1	9	4	20	3.0
1	10	2	19	1.0
1	10	2	22	2.0
1	10	3	4	1.0
1	10	3	22	1.0
1	10	3	23	1.0
1	10	4	21	1.0
1	10	4	26	1.0
1	10	15	17	1.0
1	10	17	18	1.0
1	11	3	27	1.0
1	11	5	23	1.0
1	11	16	17	1.0
1	11	21	22	1.0
1	11	23	24	1.0
1	11	24	25	1.0
1	12	2	24	1.0
1	12	2	25	2.0
1	12	19	20	1.0
1	12	25	28	1.0
1	13	2	25	2.0
1	13	2	28	1.0
1	13	2	31	1.0
1	13	3	26	1.0
1	13	5	22	1.0
1	14	2	29	1.0
1	14	2	33	1.0
1	14	27	28	1.0
1	15	26	27	1.0
1	15	29	35	1.0
1	16	4	28	1.0
1	16	21	23	1.0
1	17	2	40	2.0
1	17	8	26	1.0
1	17	24	26	1.0
1	17	25	29	1.0
1	17	27	37	1.0
1	17	34	40	1.0
1	18	3	4	1.0
1	19	31	34	1.0
1	19	33	34	1.0
1	21	2	40	1.0
1	22	2	3	1.0
1	24	36	37	1.0
1	24	45	46	1.0
1	25	7	8	1.0
1	25	28	45	1.0
1	27	40	41	1.0
1	27	45	48	1.0
1	28	4	8	1.0
1	29	46	47	1.0
1	61	7	8	1.0
2	3	2	3	2.0
2	3	3	14	1.0
2	3	4	5	2.0
2	3	4	8	3.0
2	3	5	7	10.0
2	3	5	8	11.0
2	3	5	9	6.0
2	3	6	8	6.0
2	3	6	9	1.0
2	3	8	9	1.0
2	3	9	10	1.0
2	3	10	11	2.0
2	3	10	25	1.0
2	3	11	19	1.0
2	3	12	18	1.0
2	4	2	8	1.0
2	4	3	4	1.0
2	4	3	8	2.0
2	4	3	9	1.0
2	4	4	9	5.0
2	4	5	8	3.0
2	4	5	9	7.0
2	4	5	10	8.0
2	4	5	11	2.0
2	4	6	9	6.0
2	4	6	10	5.0
2	4	9	10	2.0
2	4	10	11	2.0
2	5	3	9	2.0
2	5	3	11	4.0
2	5	4	5	2.0
2	5	4	9	2.0
2	5	4	11	13.0
2	5	5	6	1.0
2	5	5	10	7.0
2	5	5	11	5.0
2	5	5	12	2.0
2	5	9	10	1.0
2	6	2	11	8.0
2	6	3	11	4.0
2	6	3	12	1.0
2	6	3	13	1.0
2	6	3	14	4.0
2	6	4	11	2.0
2	6	4	12	5.0
2	6	4	13	4.0
2	6	4	14	2.0
2	6	5	6	1.0
2	6	5	11	1.0
2	6	5	12	2.0
2	6	5	13	2.0
2	6	8	9	1.0
2	6	9	16	1.0
2	6	11	12	1.0
2	6	11	13	1.0
2	6	13	14	1.0
2	6	13	17	1.0
2	6	14	15	1.0
2	6	15	18	1.0
2	7	2	11	1.0
2	7	2	16	1.0
2	7	3	12	1.0
2	7	3	13	1.0
2	7	3	16	1.0
2	7	4	13	3.0
2	7	4	14	3.0
2	7	4	16	1.0
2	7	4	17	1.0
2	7	5	6	1.0
2	7	5	11	1.0
2	7	5	14	1.0
2	7	6	14	1.0
2	7	6	16	3.0
2	7	13	14	1.0
2	7	13	19	1.0
2	7	14	15	1.0
2	7	16	17	1.0
2	8	2	13	1.0
2	8	2	14	1.0
2	8	2	15	2.0
2	8	2	16	1.0
2	8	3	4	1.0
2	8	3	13	1.0
2	8	3	16	2.0
2	8	3	17	1.0
2	8	4	5	1.0
2	8	4	15	1.0
2	8	4	16	1.0
2	8	4	17	3.0
2	8	4	19	1.0
2	8	5	6	1.0
2	8	5	17	4.0
2	8	5	18	2.0
2	8	10	15	1.0
2	8	14	15	1.0
2	9	3	16	1.0
2	9	3	17	1.0
2	9	3	18	4.0
2	9	3	19	2.0
2	9	3	20	1.0
2	9	4	16	1.0
2	9	4	18	1.0
2	9	4	22	1.0
2	9	8	17	1.0
2	9	13	14	1.0
2	9	13	15	1.0
2	9	14	15	1.0
2	9	15	21	1.0
2	9	16	17	1.0
2	9	17	18	1.0
2	10	2	3	1.0
2	10	2	22	1.0
2	10	3	4	1.0
2	10	3	21	1.0
2	10	3	22	1.0
2	10	3	23	1.0
2	10	4	5	1.0
2	10	4	19	1.0
2	10	4	20	1.0
2	10	4	21	1.0
2	10	6	22	2.0
2	10	13	15	1.0
2	10	15	16	1.0
2	10	15	18	1.0
2	11	3	21	3.0
2	11	3	24	2.0
2	11	4	20	2.0
2	11	4	22	1.0
2	11	17	18	1.0
2	11	18	37	1.0
2	12	2	3	1.0
2	12	2	22	2.0
2	12	2	23	1.0
2	12	2	25	2.0
2	12	3	4	1.0
2	12	3	11	1.0
2	12	3	24	1.0
2	12	3	25	2.0
2	12	4	5	1.0
2	13	2	3	1.0
2	13	3	30	1.0
2	13	4	25	2.0
2	13	5	6	1.0
2	13	5	26	1.0
2	13	17	18	1.0
2	14	2	3	1.0
2	14	4	5	1.0
2	14	21	22	2.0
2	14	22	23	1.0
2	14	22	25	1.0
2	15	2	29	2.0
2	15	2	31	1.0
2	15	4	32	2.0
2	16	4	36	2.0
2	16	5	32	1.0
2	17	31	46	1.0
2	18	4	37	1.0
2	18	4	38	2.0
2	18	25	26	1.0
2	18	30	47	1.0
2	19	2	39	2.0
2	19	5	6	1.0
2	20	3	4	1.0
2	20	3	39	1.0
2	21	4	44	1.0
2	21	4	45	1.0
2	22	31	32	1.0
2	22	41	42	1.0
2	22	42	44	1.0
2	25	2	47	1.0
2	26	3	4	1.0
2	27	4	5	1.0
2	30	4	5	1.0
2	31	4	19	1.0
2	33	46	47	1.0
2	34	4	8	1.0
2	37	3	4	1.0
2	40	2	3	1.0
2	65	27	30	1.0
3	4	4	9	1.0
3	4	5	9	3.0
3	4	5	17	1.0
3	4	6	7	2.0
3	4	6	8	8.0
3	4	6	10	1.0
3	4	7	9	8.0
3	4	7	10	1.0
3	4	8	9	3.0
3	4	10	11	4.0
3	4	10	22	1.0
3	4	16	17	1.0
3	4	18	21	1.0
3	5	2	5	1.0
3	5	5	11	4.0
3	5	5	12	1.0
3	5	6	7	2.0
3	5	6	8	1.0
3	5	6	9	5.0
3	5	6	10	19.0
3	5	6	12	4.0
3	5	6	13	1.0
3	5	7	9	3.0
3	5	7	10	9.0
3	5	7	11	2.0
3	5	7	14	1.0
3	5	9	26	1.0
3	5	10	11	1.0
3	5	11	12	2.0
3	6	3	5	1.0
3	6	4	5	1.0
3	6	4	10	1.0
3	6	4	11	3.0
3	6	4	13	1.0
3	6	4	14	1.0
3	6	5	10	3.0
3	6	5	11	10.0
3	6	5	12	7.0
3	6	6	7	1.0
3	6	6	8	1.0
3	6	6	11	13.0
3	6	10	12	1.0
3	7	3	12	1.0
3	7	3	14	1.0
3	7	4	5	2.0
3	7	4	14	1.0
3	7	5	7	1.0
3	7	5	10	1.0
3	7	5	16	1.0
3	7	5	17	3.0
3	7	6	12	3.0
3	7	6	16	1.0
3	7	11	12	1.0
3	7	12	13	1.0
3	7	13	14	1.0
3	8	3	13	3.0
3	8	4	13	1.0
3	8	4	14	1.0
3	8	4	15	2.0
3	8	4	16	2.0
3	8	5	7	1.0
3	8	5	16	3.0
3	8	5	17	4.0
3	8	6	16	3.0
3	8	6	17	3.0
3	8	7	18	1.0
3	8	12	13	1.0
3	8	13	17	1.0
3	8	14	16	1.0
3	9	3	16	1.0
3	9	3	17	2.0
3	9	3	18	1.0
3	9	4	16	2.0
3	9	4	17	1.0
3	9	4	19	1.0
3	9	5	17	3.0
3	9	5	18	2.0
3	9	5	19	1.0
3	9	5	20	2.0
3	9	6	18	2.0
3	9	12	15	1.0
3	9	14	17	1.0
3	9	39	40	1.0
3	10	3	18	2.0
3	10	3	21	1.0
3	10	4	17	1.0
3	10	4	18	6.0
3	10	4	19	2.0
3	10	4	20	3.0
3	10	5	19	1.0
3	10	6	19	2.0
3	10	16	31	1.0
3	10	17	18	1.0
3	11	2	19	2.0
3	11	3	24	3.0
3	11	4	21	2.0
3	11	4	22	2.0
3	11	5	23	2.0
3	11	5	24	2.0
3	11	5	26	2.0
3	11	6	7	1.0
3	11	6	22	1.0
3	11	17	18	1.0
3	11	18	19	2.0
3	12	2	23	1.0
3	12	2	25	1.0
3	12	3	20	1.0
3	12	3	21	1.0
3	12	4	24	2.0
3	12	4	27	1.0
3	12	5	22	1.0
3	12	5	23	1.0
3	12	5	25	2.0
3	12	5	26	2.0
3	12	5	27	1.0
3	12	5	28	1.0
3	12	11	17	1.0
3	12	14	19	1.0
3	12	21	22	1.0
3	13	2	3	1.0
3	13	2	25	1.0
3	13	3	24	2.0
3	13	4	23	1.0
3	13	5	25	1.0
3	13	21	22	1.0
3	13	26	27	1.0
3	14	3	24	1.0
3	14	4	5	1.0
3	14	4	29	1.0
3	14	4	31	1.0
3	14	5	27	1.0
3	14	5	28	1.0
3	14	5	31	1.0
3	14	5	32	1.0
3	14	5	33	2.0
3	15	2	24	1.0
3	15	3	29	2.0
3	15	4	28	2.0
3	15	24	25	1.0
3	15	31	32	1.0
3	16	4	32	1.0
3	16	5	6	1.0
3	16	19	26	1.0
3	16	22	26	1.0
3	16	25	26	1.0
3	17	2	29	2.0
3	17	2	31	1.0
3	17	3	35	1.0
3	17	4	33	1.0
3	17	5	32	1.0
3	17	6	7	1.0
3	17	6	18	1.0
3	17	25	26	1.0
3	18	2	38	1.0
3	18	3	36	1.0
3	18	4	37	1.0
3	18	5	34	1.0
3	18	25	27	1.0
3	18	29	30	1.0
3	18	30	31	1.0
3	19	2	32	4.0
3	19	4	42	1.0
3	19	5	39	1.0
3	19	31	32	1.0
3	20	2	41	1.0
3	21	30	33	1.0
3	22	14	40	1.0
3	22	34	35	1.0
3	23	37	38	1.0
3	24	2	4	1.0
3	24	3	4	1.0
3	26	4	10	1.0
3	27	41	42	1.0
3	31	45	46	1.0
3	33	11	14	1.0
3	34	2	3	1.0
4	5	4	12	1.0
4	5	7	9	10.0
4	5	7	10	20.0
4	5	7	11	6.0
4	5	8	9	23.0
4	5	8	10	16.0
4	5	8	13	1.0
4	5	9	10	3.0
4	5	9	11	2.0
4	5	10	11	3.0
4	5	12	13	1.0
4	5	12	33	1.0
4	5	19	20	1.0
4	5	25	26	1.0
4	6	5	6	1.0
4	6	5	10	1.0
4	6	5	11	2.0
4	6	5	12	2.0
4	6	6	7	1.0
4	6	6	10	6.0
4	6	6	11	8.0
4	6	6	12	5.0
4	6	6	13	1.0
4	6	7	10	11.0
4	6	7	11	28.0
4	6	7	12	7.0
4	6	7	13	3.0
4	6	8	9	1.0
4	6	8	10	4.0
4	6	8	11	10.0
4	6	8	12	11.0
4	6	11	23	1.0
4	7	2	8	1.0
4	7	5	6	1.0
4	7	5	12	2.0
4	7	5	13	2.0
4	7	6	7	2.0
4	7	6	11	1.0
4	7	6	12	5.0
4	7	6	13	10.0
4	7	6	15	1.0
4	7	7	8	1.0
4	7	7	11	1.0
4	7	7	13	9.0
4	7	7	14	1.0
4	7	8	12	3.0
4	7	8	13	1.0
4	7	8	14	3.0
4	7	11	12	2.0
4	7	12	13	1.0
4	7	18	44	1.0
4	8	4	13	1.0
4	8	4	14	3.0
4	8	4	15	3.0
4	8	5	14	4.0
4	8	5	15	3.0
4	8	6	8	1.0
4	8	6	14	5.0
4	8	6	15	1.0
4	8	6	16	1.0
4	8	7	14	2.0
4	8	7	15	2.0
4	8	7	16	3.0
4	8	7	17	2.0
4	8	8	14	1.0
4	8	8	16	1.0
4	9	2	17	1.0
4	9	5	14	1.0
4	9	5	16	6.0
4	9	6	15	1.0
4	9	6	16	1.0
4	9	6	17	1.0
4	9	6	19	1.0
4	9	6	20	1.0
4	9	7	18	1.0
4	9	7	19	2.0
4	9	14	15	1.0
4	9	15	16	1.0
4	9	18	28	1.0
4	10	4	18	1.0
4	10	4	19	1.0
4	10	5	21	2.0
4	10	6	21	1.0
4	10	7	20	2.0
4	11	2	20	2.0
4	11	3	19	2.0
4	11	3	20	1.0
4	11	4	18	1.0
4	11	4	21	3.0
4	11	5	19	2.0
4	11	5	22	2.0
4	11	6	22	1.0
4	11	6	23	1.0
4	11	7	19	1.0
4	11	7	21	1.0
4	11	7	22	1.0
4	11	12	17	1.0
4	11	17	20	1.0
4	11	22	24	1.0
4	12	2	18	3.0
4	12	2	19	1.0
4	12	2	20	2.0
4	12	2	21	1.0
4	12	2	22	1.0
4	12	2	23	3.0
4	12	3	20	2.0
4	12	4	19	1.0
4	12	4	21	1.0
4	12	5	6	1.0
4	12	5	21	1.0
4	12	5	22	2.0
4	12	6	26	1.0
4	12	6	27	1.0
4	12	7	23	2.0
4	12	7	24	1.0
4	12	12	16	1.0
4	12	19	20	1.0
4	12	19	22	1.0
4	12	22	25	1.0
4	13	3	20	2.0
4	13	3	21	3.0
4	13	5	20	1.0
4	13	5	28	1.0
4	13	6	7	1.0
4	13	6	23	1.0
4	13	23	24	1.0
4	14	2	22	1.0
4	14	2	23	1.0
4	14	2	26	1.0
4	14	4	23	1.0
4	14	4	27	3.0
4	14	5	6	1.0
4	14	5	28	1.0
4	14	6	25	2.0
4	14	6	26	1.0
4	15	2	23	1.0
4	15	4	5	1.0
4	15	5	28	2.0
4	15	24	27	1.0
4	16	5	29	1.0
4	16	7	32	2.0
4	16	7	33	2.0
4	16	25	26	1.0
4	16	27	28	1.0
4	17	2	27	2.0
4	17	2	28	1.0
4	17	2	32	1.0
4	17	2	33	3.0
4	17	32	33	1.0
4	18	3	30	1.0
4	18	4	5	1.0
4	18	20	33	1.0
4	18	25	33	1.0
4	19	5	34	1.0
4	19	7	36	2.0
4	20	4	5	1.0
4	20	5	35	1.0
4	20	6	38	1.0
4	21	4	5	1.0
4	21	6	7	1.0
4	22	2	41	1.0
4	22	4	5	1.0
4	23	30	31	1.0
4	24	4	44	1.0
4	24	14	15	1.0
4	26	12	37	1.0
4	36	5	6	1.0
4	48	6	7	1.0
5	6	7	9	1.0
5	6	8	10	2.0
5	6	8	12	1.0
5	6	9	11	13.0
5	6	9	12	1.0
5	6	9	15	1.0
5	6	10	11	1.0
5	6	11	12	2.0
5	6	11	13	1.0
5	6	12	13	1.0
5	6	12	15	1.0
5	6	14	15	2.0
5	6	16	17	1.0
5	7	4	8	1.0
5	7	6	12	2.0
5	7	7	8	2.0
5	7	7	12	1.0
5	7	7	13	4.0
5	7	8	9	1.0
5	7	8	12	6.0
5	7	8	13	3.0
5	7	8	14	1.0
5	7	9	12	7.0
5	7	9	13	7.0
5	7	9	14	1.0
5	7	11	12	1.0
5	7	12	14	1.0
5	8	5	13	1.0
5	8	5	14	1.0
5	8	6	13	1.0
5	8	6	14	1.0
5	8	7	8	1.0
5	8	7	13	1.0
5	8	7	14	4.0
5	8	7	15	4.0
5	8	8	14	7.0
5	8	8	15	3.0
5	8	8	16	2.0
5	8	9	14	1.0
5	8	12	13	1.0
5	8	13	14	2.0
5	8	14	15	1.0
5	8	17	18	1.0
5	9	4	16	1.0
5	9	5	15	1.0
5	9	6	15	1.0
5	9	7	8	2.0
5	9	7	11	1.0
5	9	7	14	1.0
5	9	7	15	7.0
5	9	7	16	4.0
5	9	7	17	5.0
5	9	8	16	4.0
5	9	8	17	7.0
5	9	9	16	1.0
5	9	9	18	3.0
5	9	12	14	1.0
5	9	15	16	1.0
5	10	4	19	1.0
5	10	5	8	1.0
5	10	5	16	2.0
5	10	5	17	1.0
5	10	6	8	1.0
5	10	6	15	2.0
5	10	6	16	3.0
5	10	6	17	1.0
5	10	6	18	1.0
5	10	7	16	3.0
5	10	7	17	2.0
5	10	7	18	1.0
5	10	7	19	1.0
5	10	8	9	2.0
5	10	8	20	1.0
5	10	9	19	1.0
5	10	15	16	2.0
5	10	16	17	1.0
5	11	2	16	1.0
5	11	3	18	1.0
5	11	4	17	5.0
5	11	4	19	1.0
5	11	6	18	1.0
5	11	7	19	1.0
5	11	7	20	2.0
5	11	17	18	1.0
5	11	19	20	2.0
5	12	4	5	2.0
5	12	4	20	1.0
5	12	4	21	1.0
5	12	5	20	1.0
5	12	5	21	2.0
5	12	5	22	2.0
5	12	6	22	2.0
5	12	8	22	2.0
5	12	19	20	1.0
5	13	2	21	2.0
5	13	2	22	1.0
5	13	3	21	1.0
5	13	5	20	1.0
5	13	8	19	1.0
5	13	8	22	1.0
5	13	9	23	2.0
5	13	25	26	1.0
5	13	26	27	1.0
5	14	2	3	2.0
5	14	3	21	2.0
5	14	3	23	3.0
5	14	4	21	2.0
5	14	4	22	1.0
5	14	4	24	2.0
5	14	5	23	2.0
5	14	6	24	1.0
5	14	6	25	4.0
5	14	7	22	1.0
5	14	7	25	1.0
5	14	15	20	1.0
5	14	19	20	1.0
5	15	2	24	1.0
5	15	4	23	1.0
5	15	4	29	1.0
5	15	5	6	1.0
5	15	6	31	1.0
5	15	7	26	1.0
5	15	7	27	1.0
5	16	7	26	1.0
5	16	7	33	1.0
5	16	24	25	1.0
5	17	3	27	1.0
5	17	4	5	1.0
5	17	4	33	2.0
5	17	6	32	2.0
5	17	24	25	1.0
5	18	2	28	2.0
5	18	2	33	2.0
5	18	3	27	1.0
5	18	4	30	2.0
5	18	5	30	2.0
5	18	5	38	1.0
5	18	6	7	1.0
5	18	25	26	1.0
5	18	26	28	1.0
5	18	31	32	1.0
5	19	4	32	1.0
5	19	4	33	1.0
5	19	15	16	1.0
5	20	4	36	1.0
5	20	4	38	1.0
5	21	2	35	1.0
5	21	5	38	1.0
5	21	9	37	1.0
5	21	23	31	1.0
5	21	31	35	1.0
5	21	35	38	1.0
5	22	3	5	1.0
5	22	3	37	1.0
5	23	3	39	1.0
5	23	3	40	1.0
5	23	5	40	1.0
5	24	40	41	1.0
5	25	4	18	1.0
5	25	4	35	1.0
5	26	2	3	1.0
5	26	2	5	1.0
5	27	3	4	1.0
5	29	38	39	1.0
5	30	8	9	1.0
5	30	38	40	1.0
5	36	47	48	2.0
5	38	8	9	1.0
5	59	6	7	1.0
5	64	7	8	1.0
6	7	3	10	1.0
6	7	3	12	1.0
6	7	9	10	1.0
6	7	9	13	3.0
6	7	9	14	1.0
6	7	9	22	1.0
6	7	9	23	1.0
6	7	10	11	7.0
6	7	10	12	4.0
6	7	10	13	3.0
6	7	12	13	1.0
6	7	16	17	1.0
6	7	19	20	1.0
6	8	5	9	1.0
6	8	6	13	1.0
6	8	7	13	3.0
6	8	7	14	1.0
6	8	8	12	1.0
6	8	8	13	8.0
6	8	8	14	4.0
6	8	9	10	3.0
6	8	9	13	1.0
6	8	9	14	8.0
6	8	10	12	2.0
6	8	10	13	6.0
6	8	12	13	2.0
6	8	13	14	1.0
6	8	13	39	1.0
6	8	14	20	1.0
6	8	24	25	1.0
6	9	7	14	4.0
6	9	7	15	2.0
6	9	8	14	4.0
6	9	8	15	4.0
6	9	8	17	2.0
6	9	9	14	1.0
6	9	9	15	9.0
6	9	9	16	1.0
6	9	9	19	1.0
6	9	9	25	1.0
6	9	10	15	3.0
6	9	10	16	2.0
6	9	10	24	1.0
6	9	13	14	2.0
6	10	2	11	1.0
6	10	5	16	1.0
6	10	7	15	1.0
6	10	7	16	3.0
6	10	7	17	2.0
6	10	8	15	3.0
6	10	8	16	4.0
6	10	8	17	8.0
6	10	8	18	1.0
6	10	9	16	2.0
6	10	9	19	2.0
6	10	10	13	1.0
6	10	13	16	1.0
6	10	17	18	1.0
6	11	5	6	1.0
6	11	5	17	2.0
6	11	6	16	1.0
6	11	6	18	1.0
6	11	7	18	6.0
6	11	7	19	2.0
6	11	7	20	2.0
6	11	8	9	1.0
6	11	8	18	1.0
6	11	9	19	1.0
6	11	10	20	1.0
6	11	17	19	1.0
6	12	6	21	3.0
6	12	8	9	2.0
6	12	8	19	1.0
6	12	8	20	2.0
6	12	8	22	1.0
6	12	9	10	1.0
6	12	9	21	3.0
6	12	10	22	1.0
6	13	5	20	3.0
6	13	6	20	2.0
6	13	7	20	3.0
6	13	7	23	1.0
6	13	8	20	1.0
6	13	8	21	2.0
6	13	8	24	2.0
6	13	18	20	1.0
6	14	5	21	2.0
6	14	6	28	1.0
6	14	7	11	1.0
6	14	7	22	1.0
6	14	8	9	1.0
6	14	8	23	2.0
6	14	8	24	1.0
6	14	10	23	1.0
6	14	12	21	1.0
6	15	2	8	1.0
6	15	4	23	1.0
6	15	4	26	2.0
6	15	4	28	1.0
6	15	5	6	1.0
6	15	5	25	1.0
6	15	6	23	1.0
6	15	6	24	1.0
6	15	6	25	2.0
6	15	6	29	1.0
6	15	7	23	1.0
6	15	7	27	2.0
6	15	8	9	2.0
6	15	9	17	1.0
6	15	11	26	1.0
6	15	21	22	2.0
6	16	3	4	1.0
6	16	4	28	1.0
6	16	5	30	1.0
6	16	6	7	1.0
6	16	6	19	1.0
6	16	6	25	2.0
6	16	6	26	1.0
6	16	6	43	1.0
6	16	7	8	1.0
6	16	7	29	1.0
6	16	8	31	1.0
6	16	9	10	1.0
6	16	9	29	1.0
6	17	7	23	1.0
6	17	7	32	2.0
6	17	8	34	1.0
6	17	30	31	1.0
6	18	2	25	1.0
6	18	2	28	1.0
6	18	2	33	1.0
6	18	3	30	1.0
6	18	4	5	1.0
6	18	5	34	1.0
6	18	8	32	1.0
6	18	26	27	1.0
6	18	27	28	2.0
6	18	32	33	1.0
6	19	3	4	1.0
6	19	3	31	1.0
6	19	3	32	1.0
6	19	3	34	2.0
6	19	4	37	1.0
6	19	5	6	1.0
6	20	3	35	1.0
6	20	6	7	2.0
6	20	6	33	2.0
6	20	28	29	1.0
6	21	2	35	1.0
6	21	3	33	3.0
6	21	7	42	1.0
6	21	7	43	1.0
6	22	3	44	1.0
6	22	6	44	1.0
6	23	2	45	1.0
6	23	3	44	2.0
6	23	4	37	2.0
6	23	4	47	1.0
6	23	7	8	1.0
6	23	35	36	1.0
6	24	4	5	1.0
6	24	4	40	1.0
6	24	37	39	1.0
6	26	2	42	1.0
6	27	6	7	1.0
6	27	7	8	1.0
6	28	2	45	1.0
6	34	3	4	1.0
6	39	7	8	1.0
6	40	2	3	1.0
7	8	2	12	1.0
7	8	4	10	1.0
7	8	5	11	1.0
7	8	9	10	1.0
7	8	9	12	1.0
7	8	10	11	2.0
7	8	10	12	1.0
7	8	10	13	7.0
7	8	11	12	8.0
7	8	11	13	6.0
7	8	11	14	3.0
7	8	12	13	3.0
7	8	15	16	1.0
7	8	17	26	1.0
7	8	18	19	1.0
7	8	19	20	1.0
7	8	21	22	1.0
7	9	7	14	1.0
7	9	9	14	3.0
7	9	10	13	2.0
7	9	10	14	7.0
7	9	10	15	5.0
7	9	11	12	1.0
7	9	11	13	1.0
7	9	11	14	5.0
7	9	11	15	1.0
7	9	12	15	1.0
7	9	15	16	1.0
7	10	9	10	1.0
7	10	9	14	1.0
7	10	9	15	1.0
7	10	9	16	1.0
7	10	10	15	5.0
7	10	10	16	3.0
7	10	10	18	2.0
7	10	10	29	1.0
7	10	11	15	2.0
7	10	11	17	2.0
7	10	16	26	1.0
7	11	7	17	2.0
7	11	9	18	1.0
7	11	9	19	3.0
7	11	10	18	2.0
7	11	10	19	2.0
7	11	10	20	1.0
7	11	11	19	1.0
7	11	16	17	3.0
7	12	6	18	2.0
7	12	7	19	3.0
7	12	8	17	2.0
7	12	8	19	1.0
7	12	8	21	2.0
7	12	9	19	3.0
7	12	9	20	4.0
7	12	9	21	1.0
7	12	10	18	2.0
7	12	10	20	3.0
7	12	10	21	1.0
7	12	10	22	1.0
7	12	17	18	1.0
7	12	18	19	1.0
7	12	19	20	1.0
7	12	19	29	1.0
7	13	6	21	1.0
7	13	7	8	1.0
7	13	8	22	3.0
7	13	8	23	1.0
7	13	9	10	1.0
7	13	9	20	1.0
7	13	9	22	1.0
7	13	9	23	2.0
7	13	9	24	2.0
7	13	10	11	1.0
7	13	10	20	1.0
7	13	10	22	1.0
7	13	18	20	1.0
7	13	22	30	1.0
7	14	2	20	1.0
7	14	4	20	1.0
7	14	5	20	1.0
7	14	5	21	1.0
7	14	5	23	1.0
7	14	6	7	1.0
7	14	7	22	2.0
7	14	7	24	1.0
7	14	8	22	1.0
7	14	9	12	1.0
7	14	9	18	1.0
7	14	9	26	1.0
7	14	10	24	1.0
7	14	10	27	1.0
7	14	20	27	1.0
7	15	3	22	1.0
7	15	6	25	5.0
7	15	7	23	2.0
7	15	7	24	2.0
7	15	8	25	1.0
7	15	8	26	3.0
7	15	8	41	1.0
7	15	9	25	3.0
7	15	10	26	1.0
7	15	10	28	1.0
7	16	3	24	1.0
7	16	5	24	1.0
7	16	6	24	1.0
7	16	7	24	1.0
7	16	8	9	1.0
7	16	9	26	1.0
7	16	9	28	1.0
7	16	10	31	1.0
7	16	21	22	1.0
7	16	23	30	1.0
7	17	4	27	1.0
7	17	4	29	2.0
7	17	5	27	1.0
7	17	6	26	2.0
7	17	7	29	3.0
7	17	7	30	1.0
7	17	8	32	1.0
7	17	9	10	1.0
7	17	9	34	1.0
7	17	10	29	2.0
7	18	3	28	1.0
7	18	5	30	1.0
7	18	9	10	1.0
7	18	10	32	1.0
7	18	10	33	1.0
7	18	20	30	1.0
7	19	2	31	1.0
7	19	5	13	1.0
7	19	5	30	1.0
7	19	10	33	1.0
7	20	3	10	1.0
7	20	9	35	1.0
7	21	2	32	1.0
7	21	9	36	1.0
7	21	10	11	1.0
7	21	36	38	1.0
7	22	5	9	1.0
7	22	9	39	2.0
7	22	41	42	1.0
7	23	6	7	1.0
7	23	6	40	1.0
7	23	7	38	1.0
7	23	7	43	1.0
7	23	7	46	1.0
7	23	34	37	1.0
7	24	4	5	1.0
7	24	7	41	1.0
7	24	7	42	1.0
7	24	9	10	1.0
7	24	32	33	2.0
7	26	6	49	1.0
7	26	8	47	1.0
7	26	41	42	1.0
7	29	4	20	1.0
7	30	6	7	1.0
7	30	9	12	1.0
7	36	6	7	1.0
7	37	7	8	2.0
7	38	2	3	1.0
7	41	4	5	1.0
7	45	11	25	1.0
7	71	10	32	1.0
8	9	3	23	1.0
8	9	7	12	1.0
8	9	10	12	1.0
8	9	11	12	1.0
8	9	11	13	3.0
8	9	11	14	10.0
8	9	11	15	3.0
8	9	11	20	1.0
8	9	12	13	10.0
8	9	12	14	7.0
8	9	12	15	2.0
8	9	13	14	5.0
8	9	13	16	1.0
8	9	16	20	1.0
8	9	26	27	1.0
8	10	7	12	1.0
8	10	8	11	1.0
8	10	9	15	2.0
8	10	10	15	2.0
8	10	10	16	3.0
8	10	10	17	1.0
8	10	11	12	1.0
8	10	11	15	7.0
8	10	11	16	9.0
8	10	11	17	1.0
8	10	12	13	1.0
8	10	12	15	4.0
8	10	12	16	6.0
8	10	12	17	1.0
8	10	20	21	1.0
8	11	10	11	1.0
8	11	10	16	3.0
8	11	10	17	1.0
8	11	10	18	2.0
8	11	11	12	1.0
8	11	11	16	1.0
8	11	11	18	2.0
8	11	11	21	1.0
8	11	12	13	1.0
8	11	12	17	2.0
8	11	12	18	6.0
8	11	12	19	2.0
8	11	15	16	1.0
8	12	2	3	1.0
8	12	8	9	1.0
8	12	8	11	1.0
8	12	8	18	2.0
8	12	9	12	1.0
8	12	9	20	1.0
8	12	10	11	1.0
8	12	10	17	1.0
8	12	10	18	4.0
8	12	11	12	1.0
8	12	11	16	1.0
8	12	11	18	2.0
8	12	11	19	5.0
8	12	11	20	1.0
8	12	11	21	1.0
8	12	12	18	1.0
8	12	12	19	1.0
8	12	12	20	2.0
8	12	17	18	2.0
8	12	18	20	1.0
8	12	19	20	1.0
8	12	20	26	1.0
8	13	8	20	2.0
8	13	10	19	1.0
8	13	10	20	2.0
8	13	10	21	2.0
8	13	10	22	2.0
8	13	10	23	1.0
8	13	11	12	2.0
8	13	11	20	1.0
8	13	11	21	1.0
8	13	11	32	1.0
8	13	12	22	1.0
8	13	15	19	1.0
8	13	17	19	2.0
8	13	20	21	3.0
8	13	20	35	1.0
8	13	22	23	1.0
8	14	6	21	1.0
8	14	7	20	1.0
8	14	9	10	1.0
8	14	9	23	3.0
8	14	9	24	3.0
8	14	10	21	1.0
8	14	10	24	1.0
8	14	13	24	1.0
8	14	21	22	1.0
8	14	23	24	1.0
8	15	8	24	1.0
8	15	8	25	1.0
8	15	9	26	1.0
8	15	10	23	1.0
8	15	11	12	1.0
8	15	12	13	2.0
8	16	5	24	1.0
8	16	6	25	1.0
8	16	7	8	2.0
8	16	7	24	1.0
8	16	9	25	1.0
8	16	10	26	1.0
8	16	11	25	1.0
8	16	11	26	1.0
8	16	12	29	2.0
8	16	24	25	1.0
8	17	4	27	1.0
8	17	5	25	1.0
8	17	8	27	1.0
8	17	8	28	1.0
8	17	12	27	1.0
8	17	12	29	1.0
8	17	25	26	1.0
8	18	3	26	2.0
8	18	4	27	1.0
8	18	4	29	2.0
8	18	23	24	2.0
8	19	4	27	3.0
8	19	6	29	1.0
8	19	6	30	2.0
8	19	6	33	1.0
8	19	7	32	1.0
8	19	8	31	1.0
8	19	10	11	1.0
8	19	10	33	1.0
8	19	10	34	1.0
8	19	10	35	1.0
8	19	26	27	1.0
8	20	3	28	1.0
8	20	6	33	1.0
8	20	10	34	1.0
8	20	27	29	1.0
8	20	31	32	1.0
8	21	2	34	1.0
8	21	6	32	1.0
8	21	8	33	1.0
8	21	8	34	1.0
8	21	9	10	1.0
8	21	10	35	1.0
8	21	36	37	1.0
8	22	2	35	1.0
8	22	3	37	2.0
8	22	7	37	2.0
8	23	2	40	1.0
8	23	3	4	1.0
8	23	3	40	1.0
8	23	4	41	1.0
8	23	7	40	1.0
8	23	11	39	1.0
8	23	31	37	1.0
8	23	37	38	1.0
8	24	4	5	1.0
8	24	4	36	1.0
8	24	5	36	2.0
8	25	4	6	1.0
8	25	4	40	1.0
8	25	4	42	1.0
8	25	6	43	2.0
8	25	7	40	2.0
8	25	7	42	1.0
8	25	8	42	1.0
8	26	3	44	1.0
8	26	12	13	1.0
8	27	2	42	1.0
8	27	2	43	1.0
8	27	11	12	1.0
8	28	5	6	1.0
8	29	9	10	1.0
8	31	46	47	1.0
8	32	6	7	1.0
8	32	6	9	1.0
8	35	3	6	1.0
8	36	10	21	1.0
8	36	12	17	1.0
8	40	11	12	1.0
8	46	4	5	1.0
8	50	10	11	1.0
9	10	11	15	4.0
9	10	12	14	1.0
9	10	12	15	2.0
9	10	13	14	4.0
9	10	13	15	12.0
9	10	13	17	1.0
9	11	11	15	2.0
9	11	12	13	2.0
9	11	12	16	2.0
9	11	12	17	5.0
9	11	12	18	2.0
9	11	12	19	1.0
9	11	13	14	1.0
9	11	13	16	4.0
9	11	13	17	1.0
9	11	13	18	1.0
9	11	14	15	1.0
9	11	14	17	1.0
9	11	15	16	1.0
9	11	16	17	2.0
9	11	17	18	1.0
9	11	27	28	1.0
9	12	10	20	1.0
9	12	11	12	1.0
9	12	11	13	1.0
9	12	11	18	2.0
9	12	12	18	2.0
9	12	12	19	4.0
9	12	12	20	1.0
9	12	13	17	1.0
9	12	13	19	1.0
9	12	17	18	1.0
9	12	18	19	1.0
9	12	18	23	1.0
9	13	10	11	1.0
9	13	10	19	1.0
9	13	10	20	1.0
9	13	11	12	2.0
9	13	11	18	1.0
9	13	11	19	1.0
9	13	12	19	1.0
9	13	13	14	2.0
9	13	13	20	6.0
9	13	13	21	4.0
9	13	13	24	2.0
9	13	17	19	1.0
9	13	18	19	1.0
9	13	20	21	1.0
9	14	8	22	1.0
9	14	9	19	2.0
9	14	11	21	1.0
9	14	11	22	3.0
9	14	11	23	1.0
9	14	11	25	1.0
9	14	21	22	2.0
9	15	8	23	1.0
9	15	9	10	1.0
9	15	9	11	1.0
9	15	9	23	2.0
9	15	10	22	1.0
9	15	10	23	1.0
9	15	11	23	1.0
9	15	12	23	2.0
9	15	12	25	2.0
9	15	17	20	1.0
9	15	23	31	1.0
9	16	8	23	1.0
9	16	8	24	3.0
9	16	9	20	1.0
9	16	9	24	1.0
9	16	9	25	1.0
9	16	10	27	2.0
9	16	11	12	1.0
9	16	11	25	1.0
9	16	11	26	3.0
9	16	12	27	2.0
9	16	23	24	1.0
9	16	23	26	1.0
9	16	26	27	1.0
9	16	27	28	1.0
9	17	7	8	1.0
9	17	9	10	1.0
9	17	10	24	1.0
9	17	10	25	1.0
9	17	10	26	1.0
9	17	10	27	2.0
9	17	11	29	1.0
9	17	12	27	1.0
9	17	12	30	2.0
9	17	13	32	1.0
9	17	25	33	1.0
9	17	27	28	1.0
9	18	6	27	1.0
9	18	8	9	1.0
9	18	8	27	2.0
9	18	9	29	2.0
9	18	10	26	1.0
9	18	11	27	1.0
9	18	11	28	1.0
9	18	26	27	1.0
9	19	6	29	1.0
9	19	8	27	1.0
9	19	8	28	1.0
9	19	9	32	1.0
9	19	11	33	1.0
9	19	11	34	1.0
9	20	2	30	1.0
9	20	8	36	1.0
9	20	10	31	1.0
9	20	30	31	1.0
9	21	5	33	2.0
9	21	8	9	1.0
9	21	8	32	1.0
9	21	9	32	1.0
9	21	10	11	1.0
9	21	10	31	2.0
9	21	11	37	1.0
9	21	21	28	1.0
9	22	5	36	1.0
9	22	6	33	1.0
9	22	8	9	1.0
9	22	11	14	1.0
9	23	4	7	1.0
9	23	9	39	1.0
9	23	9	41	1.0
9	23	10	38	1.0
9	23	35	36	1.0
9	23	36	42	1.0
9	24	4	38	1.0
9	24	6	36	1.0
9	24	7	43	1.0
9	24	10	39	1.0
9	24	31	32	1.0
9	25	9	10	1.0
9	25	10	14	1.0
9	26	3	41	1.0
9	26	7	40	1.0
9	26	8	41	1.0
9	26	9	31	1.0
9	26	10	42	1.0
9	26	13	15	1.0
9	27	5	42	2.0
9	27	7	8	1.0
9	27	8	42	1.0
9	27	40	41	1.0
9	28	6	44	1.0
9	28	7	43	1.0
9	29	8	9	1.0
9	29	10	12	1.0
9	30	11	12	1.0
9	32	6	7	1.0
9	36	8	9	1.0
9	37	7	8	1.0
9	39	11	15	1.0
9	44	9	10	1.0
9	48	8	9	1.0
10	11	10	18	1.0
10	11	11	14	1.0
10	11	11	16	1.0
10	11	13	16	2.0
10	11	14	15	1.0
10	11	14	16	5.0
10	11	14	17	3.0
10	11	14	21	1.0
10	11	15	16	8.0
10	11	15	17	1.0
10	11	22	23	1.0
10	11	23	24	1.0
10	11	27	28	1.0
10	11	35	43	1.0
10	12	11	17	1.0
10	12	11	18	1.0
10	12	12	13	1.0
10	12	12	17	2.0
10	12	13	17	3.0
10	12	13	19	5.0
10	12	13	20	1.0
10	12	14	16	1.0
10	12	14	17	1.0
10	12	14	18	4.0
10	12	14	19	1.0
10	12	15	18	1.0
10	12	15	19	1.0
10	12	17	18	2.0
10	12	18	19	1.0
10	12	18	20	1.0
10	13	4	14	1.0
10	13	10	19	1.0
10	13	11	18	1.0
10	13	12	19	2.0
10	13	13	18	1.0
10	13	13	19	3.0
10	13	13	20	2.0
10	13	14	19	3.0
10	13	14	20	1.0
10	13	14	22	1.0
10	13	15	44	1.0
10	13	18	19	2.0
10	13	19	20	1.0
10	13	19	34	1.0
10	13	20	21	1.0
10	14	12	21	2.0
10	14	13	21	3.0
10	14	13	22	1.0
10	14	13	23	1.0
10	14	14	22	1.0
10	14	14	23	2.0
10	14	22	23	1.0
10	15	9	22	1.0
10	15	10	21	1.0
10	15	10	22	3.0
10	15	10	23	2.0
10	15	11	12	1.0
10	15	11	22	1.0
10	15	11	24	1.0
10	15	12	22	1.0
10	15	13	15	1.0
10	15	13	23	2.0
10	15	13	24	2.0
10	15	14	24	1.0
10	15	18	23	1.0
10	15	21	22	1.0
10	16	8	22	1.0
10	16	10	22	1.0
10	16	10	23	1.0
10	16	10	24	1.0
10	16	11	12	2.0
10	16	12	13	1.0
10	16	13	14	1.0
10	16	13	25	1.0
10	16	13	26	1.0
10	16	22	23	2.0
10	16	23	27	1.0
10	17	8	10	1.0
10	17	8	26	1.0
10	17	10	25	1.0
10	17	12	25	2.0
10	17	13	14	3.0
10	17	24	25	1.0
10	18	6	27	1.0
10	18	6	28	1.0
10	18	7	25	1.0
10	18	11	27	1.0
10	18	11	28	2.0
10	18	12	16	1.0
10	18	12	28	3.0
10	18	24	25	1.0
10	19	6	29	1.0
10	19	7	28	2.0
10	19	7	30	1.0
10	19	11	32	1.0
10	19	30	31	1.0
10	19	31	32	1.0
10	20	9	30	1.0
10	20	10	30	1.0
10	20	12	13	1.0
10	20	26	27	1.0
10	21	7	36	2.0
10	21	10	33	1.0
10	21	11	35	2.0
10	21	11	37	1.0
10	21	12	34	1.0
10	21	14	28	1.0
10	22	6	35	2.0
10	22	9	34	1.0
10	22	11	13	1.0
10	22	29	30	1.0
10	22	30	32	1.0
10	23	7	35	1.0
10	23	9	40	1.0
10	23	10	39	1.0
10	23	12	13	1.0
10	23	30	31	1.0
10	24	5	34	1.0
10	24	7	33	1.0
10	24	7	43	1.0
10	24	9	41	1.0
10	24	27	41	1.0
10	24	38	39	1.0
10	24	40	41	1.0
10	25	6	34	1.0
10	26	5	41	1.0
10	26	6	36	1.0
10	26	6	43	1.0
10	26	6	44	1.0
10	26	7	35	1.0
10	26	9	46	1.0
10	26	12	42	2.0
10	26	12	45	1.0
10	26	37	41	1.0
10	26	41	42	1.0
10	28	38	39	1.0
10	29	5	43	1.0
10	30	6	45	1.0
10	34	7	8	1.0
10	34	44	45	1.0
10	35	4	5	2.0
10	37	8	9	1.0
10	53	12	13	1.0
10	55	12	13	1.0
10	55	13	14	1.0
11	12	14	18	3.0
11	12	15	16	4.0
11	12	15	17	2.0
11	12	15	18	6.0
11	12	15	31	1.0
11	12	16	17	1.0
11	12	16	18	2.0
11	12	17	19	1.0
11	12	23	24	1.0
11	12	23	27	1.0
11	13	13	18	1.0
11	13	13	19	1.0
11	13	14	18	3.0
11	13	14	19	3.0
11	13	14	21	1.0
11	13	15	18	2.0
11	13	15	19	3.0
11	13	15	20	1.0
11	13	15	21	1.0
11	13	16	18	2.0
11	13	16	19	2.0
11	13	16	20	1.0
11	13	18	19	1.0
11	13	19	20	1.0
11	13	19	21	1.0
11	14	12	20	2.0
11	14	13	20	3.0
11	14	14	15	1.0
11	14	14	21	1.0
11	14	15	21	4.0
11	14	15	22	1.0
11	14	16	21	1.0
11	14	18	32	1.0
11	14	19	22	1.0
11	14	21	22	1.0
11	15	13	14	1.0
11	15	13	20	1.0
11	15	14	21	1.0
11	15	14	23	2.0
11	15	14	28	1.0
11	15	16	21	1.0
11	15	16	22	1.0
11	15	20	21	1.0
11	15	21	22	1.0
11	16	11	22	1.0
11	16	14	25	2.0
11	16	14	26	1.0
11	16	15	24	1.0
11	17	5	25	1.0
11	17	12	23	1.0
11	17	12	25	1.0
11	17	12	27	1.0
11	17	14	26	1.0
11	17	24	25	2.0
11	17	25	26	1.0
11	18	9	25	1.0
11	18	12	13	1.0
11	18	12	26	1.0
11	18	12	27	1.0
11	18	12	30	1.0
11	18	13	14	1.0
11	18	14	33	2.0
11	18	26	30	1.0
11	19	10	11	1.0
11	19	15	31	2.0
11	20	10	29	1.0
11	20	12	29	2.0
11	20	14	15	1.0
11	20	26	27	1.0
11	20	29	33	1.0
11	21	8	31	1.0
11	21	13	32	1.0
11	21	28	29	1.0
11	22	11	32	2.0
11	22	13	36	1.0
11	22	36	37	1.0
11	23	7	31	2.0
11	23	9	37	1.0
11	23	10	17	1.0
11	23	12	13	1.0
11	23	39	40	1.0
11	24	13	37	2.0
11	24	13	38	1.0
11	25	38	40	1.0
11	26	7	41	1.0
11	26	39	43	1.0
11	27	6	38	1.0
11	27	45	47	1.0
11	28	13	14	1.0
11	28	38	39	1.0
11	31	38	39	1.0
11	33	46	47	1.0
11	34	13	14	1.0
11	36	14	15	2.0
11	37	8	9	1.0
11	37	9	30	1.0
11	38	4	5	1.0
11	43	8	9	1.0
11	61	16	17	1.0
11	70	10	11	1.0
12	13	10	32	1.0
12	13	15	16	1.0
12	13	15	18	1.0
12	13	15	19	2.0
12	13	16	18	3.0
12	13	16	19	3.0
12	13	16	20	1.0
12	13	16	22	1.0
12	13	16	24	1.0
12	13	17	19	1.0
12	13	19	20	2.0
12	14	14	20	2.0
12	14	15	20	1.0
12	14	15	21	1.0
12	14	16	21	1.0
12	14	19	20	2.0
12	14	23	24	1.0
12	15	15	16	2.0
12	15	15	21	2.0
12	15	15	22	5.0
12	15	15	23	3.0
12	15	16	21	1.0
12	15	16	22	2.0
12	15	16	23	2.0
12	15	17	23	1.0
12	15	18	24	1.0
12	15	22	23	1.0
12	15	22	28	1.0
12	15	23	24	1.0
12	16	12	23	1.0
12	16	14	22	1.0
12	16	14	24	2.0
12	16	14	26	2.0
12	16	16	23	1.0
12	16	21	24	1.0
12	17	13	26	1.0
12	17	15	27	1.0
12	17	15	28	1.0
12	17	24	25	1.0
12	18	12	27	2.0
12	18	13	27	2.0
12	18	13	29	1.0
12	18	14	25	1.0
12	18	14	27	2.0
12	18	15	16	1.0
12	18	16	27	1.0
12	18	16	28	1.0
12	18	26	27	1.0
12	19	12	27	1.0
12	19	13	26	1.0
12	19	14	29	1.0
12	19	14	30	1.0
12	19	20	28	1.0
12	19	28	29	2.0
12	20	10	30	1.0
12	20	12	29	1.0
12	20	12	30	1.0
12	20	13	30	1.0
12	20	13	31	1.0
12	20	15	29	1.0
12	20	15	33	1.0
12	20	32	33	1.0
12	21	10	32	1.0
12	21	11	31	1.0
12	21	11	32	1.0
12	21	13	32	1.0
12	21	14	15	1.0
12	22	7	8	1.0
12	22	8	9	1.0
12	22	9	10	1.0
12	22	11	32	1.0
12	22	11	35	1.0
12	22	12	36	1.0
12	22	15	34	2.0
12	22	22	28	1.0
12	22	30	31	1.0
12	23	8	32	1.0
12	23	10	30	1.0
12	23	12	33	2.0
12	23	12	35	1.0
12	23	13	35	1.0
12	23	14	15	1.0
12	23	36	37	2.0
12	24	13	14	1.0
12	24	14	39	1.0
12	25	6	35	1.0
12	26	7	38	1.0
12	26	10	24	1.0
12	26	10	35	1.0
12	26	11	43	2.0
12	26	13	15	1.0
12	26	15	45	1.0
12	27	15	44	2.0
12	27	15	46	1.0
12	28	5	37	1.0
12	28	7	43	1.0
12	28	31	37	1.0
12	29	15	34	1.0
12	30	12	13	1.0
12	34	11	12	1.0
12	34	13	15	1.0
12	35	14	15	1.0
12	37	13	14	1.0
12	42	9	10	1.0
12	43	13	14	1.0
12	44	2	40	1.0
12	52	9	15	1.0
13	14	2	25	1.0
13	14	5	18	1.0
13	14	14	17	1.0
13	14	16	17	1.0
13	14	16	19	1.0
13	14	17	18	1.0
13	14	17	19	2.0
13	14	17	20	2.0
13	14	18	19	1.0
13	14	18	20	6.0
13	14	18	22	2.0
13	14	19	20	1.0
13	14	19	27	1.0
13	14	21	22	1.0
13	14	22	23	1.0
13	14	29	32	1.0
13	15	4	21	1.0
13	15	9	21	1.0
13	15	16	23	1.0
13	15	17	20	1.0
13	15	17	21	1.0
13	15	17	22	3.0
13	15	18	19	1.0
13	15	18	22	1.0
13	15	20	21	1.0
13	15	22	24	1.0
13	15	22	28	1.0
13	16	11	15	1.0
13	16	15	21	1.0
13	16	15	22	2.0
13	16	15	23	2.0
13	16	16	17	1.0
13	16	16	22	5.0
13	16	16	23	3.0
13	16	16	24	1.0
13	16	17	21	1.0
13	16	17	22	2.0
13	16	17	23	2.0
13	16	21	22	3.0
13	16	23	24	1.0
13	17	14	23	1.0
13	17	15	23	3.0
13	17	15	25	1.0
13	17	16	17	1.0
13	17	16	23	1.0
13	17	16	24	3.0
13	17	16	26	1.0
13	17	17	23	1.0
13	17	23	27	1.0
13	17	23	41	1.0
13	18	14	15	1.0
13	18	14	25	1.0
13	18	14	26	1.0
13	18	14	28	1.0
13	18	15	25	3.0
13	18	15	26	1.0
13	19	13	27	1.0
13	19	14	28	2.0
13	19	14	29	3.0
13	19	16	17	1.0
13	19	16	29	2.0
13	19	17	18	1.0
13	19	23	25	1.0
13	19	29	30	1.0
13	20	12	30	1.0
13	20	14	29	1.0
13	20	15	28	1.0
13	20	16	28	1.0
13	20	31	32	1.0
13	21	11	29	1.0
13	21	13	32	2.0
13	21	14	33	2.0
13	21	15	16	1.0
13	21	16	31	1.0
13	21	17	37	1.0
13	21	28	33	1.0
13	22	8	17	1.0
13	22	15	17	1.0
13	22	15	34	1.0
13	22	16	17	1.0
13	23	13	16	1.0
13	23	13	35	3.0
13	23	14	33	1.0
13	23	14	34	1.0
13	23	15	33	1.0
13	23	15	35	1.0
13	23	16	17	1.0
13	24	15	35	1.0
13	25	10	36	2.0
13	25	13	43	1.0
13	26	9	39	1.0
13	26	10	39	1.0
13	26	15	16	1.0
13	26	39	40	1.0
13	27	8	39	1.0
13	27	8	40	1.0
13	27	12	14	1.0
13	27	13	14	1.0
13	27	13	44	1.0
13	28	35	36	1.0
13	29	15	18	1.0
13	29	40	41	1.0
13	30	12	46	1.0
13	31	9	49	2.0
13	31	16	32	1.0
13	33	10	11	1.0
13	36	2	49	1.0
13	36	15	16	1.0
13	37	14	15	1.0
13	40	14	15	1.0
13	43	6	7	1.0
13	44	5	6	1.0
13	62	9	10	1.0
13	63	9	10	1.0
14	15	3	19	1.0
14	15	17	18	1.0
14	15	17	21	9.0
14	15	17	22	1.0
14	15	18	19	1.0
14	15	18	20	4.0
14	15	18	21	2.0
14	15	18	26	1.0
14	15	19	20	6.0
14	15	19	21	4.0
14	15	19	27	1.0
14	15	19	28	1.0
14	15	20	21	5.0
14	15	22	23	1.0
14	15	23	24	1.0
14	15	34	35	1.0
14	16	16	21	1.0
14	16	17	18	2.0
14	16	17	22	4.0
14	16	17	24	1.0
14	16	18	21	2.0
14	16	18	22	3.0
14	16	18	23	1.0
14	16	19	22	1.0
14	16	22	30	1.0
14	17	15	18	1.0
14	17	16	23	1.0
14	17	16	25	1.0
14	17	17	23	1.0
14	17	18	24	1.0
14	17	18	25	2.0
14	17	19	25	1.0
14	17	23	30	1.0
14	17	25	27	1.0
14	18	15	25	2.0
14	18	15	26	1.0
14	18	16	24	3.0
14	18	16	25	1.0
14	18	16	26	3.0
14	18	17	25	3.0
14	18	17	26	6.0
14	18	18	24	1.0
14	18	18	25	1.0
14	18	18	26	1.0
14	18	18	27	1.0
14	18	18	31	1.0
14	18	19	27	1.0
14	18	22	24	1.0
14	19	16	27	3.0
14	19	16	29	1.0
14	19	17	18	1.0
14	19	17	28	1.0
14	19	18	29	1.0
14	19	18	30	1.0
14	19	27	28	1.0
14	19	28	29	1.0
14	20	14	28	1.0
14	20	14	29	1.0
14	20	15	28	1.0
14	20	17	28	1.0
14	20	17	33	1.0
14	20	18	28	1.0
14	21	16	29	1.0
14	22	9	29	1.0
14	22	11	30	2.0
14	22	14	30	1.0
14	22	14	31	2.0
14	22	15	31	1.0
14	22	15	32	2.0
14	22	17	18	2.0
14	22	17	34	1.0
14	22	27	28	1.0
14	23	7	17	1.0
14	23	16	17	1.0
14	23	17	18	1.0
14	23	17	36	1.0
14	23	34	35	1.0
14	24	13	35	1.0
14	25	14	35	1.0
14	25	14	37	1.0
14	25	17	18	1.0
14	25	18	22	1.0
14	25	30	32	1.0
14	25	33	35	1.0
14	25	35	36	1.0
14	26	10	34	2.0
14	26	11	34	1.0
14	26	12	13	1.0
14	26	15	38	1.0
14	26	15	39	1.0
14	27	9	39	1.0
14	27	11	37	1.0
14	27	11	41	2.0
14	27	13	39	2.0
14	28	9	45	1.0
14	28	10	11	1.0
14	28	11	43	1.0
14	28	11	44	1.0
14	28	38	49	1.0
14	30	3	46	1.0
14	30	4	47	2.0
14	31	7	45	1.0
14	31	17	48	1.0
14	31	17	49	1.0
14	31	35	40	1.0
14	33	17	18	1.0
14	34	7	8	1.0
14	34	43	44	1.0
14	39	5	8	1.0
14	39	7	8	1.0
14	42	7	41	1.0
14	45	16	19	1.0
14	66	26	30	1.0
14	69	14	15	1.0
15	16	11	12	1.0
15	16	18	22	1.0
15	16	19	22	2.0
15	16	20	21	3.0
15	16	20	22	3.0
15	16	21	22	1.0
15	16	21	29	1.0
15	16	23	24	1.0
15	16	30	31	1.0
15	17	11	18	1.0
15	17	14	23	1.0
15	17	18	23	1.0
15	17	19	23	4.0
15	17	19	24	3.0
15	17	20	24	1.0
15	17	20	25	1.0
15	17	23	24	1.0
15	18	18	25	3.0
15	18	18	26	2.0
15	18	19	25	1.0
15	18	19	26	1.0
15	19	17	18	1.0
15	19	17	19	1.0
15	19	18	26	1.0
15	19	18	27	1.0
15	19	19	23	1.0
15	19	19	26	3.0
15	19	19	30	1.0
15	19	20	28	2.0
15	20	9	19	1.0
15	20	15	30	3.0
15	20	16	28	2.0
15	20	16	30	1.0
15	20	18	28	1.0
15	20	18	29	1.0
15	20	26	27	1.0
15	21	15	27	2.0
15	21	16	27	1.0
15	21	17	33	2.0
15	21	27	37	1.0
15	21	29	31	1.0
15	22	16	32	1.0
15	22	17	32	1.0
15	22	17	33	2.0
15	22	17	34	1.0
15	22	18	30	2.0
15	22	18	31	1.0
15	22	19	32	1.0
15	22	31	32	1.0
15	23	12	15	2.0
15	23	15	16	1.0
15	23	18	34	2.0
15	24	13	19	1.0
15	24	15	16	1.0
15	24	19	22	1.0
15	26	14	37	1.0
15	26	16	36	1.0
15	26	18	19	1.0
15	26	18	39	1.0
15	26	18	40	1.0
15	26	18	42	1.0
15	27	10	38	2.0
15	27	10	41	1.0
15	27	16	38	1.0
15	27	18	46	1.0
15	27	19	20	1.0
15	27	41	42	1.0
15	28	15	39	1.0
15	28	31	43	1.0
15	28	37	38	1.0
15	29	13	45	1.0
15	30	8	44	1.0
15	30	18	19	1.0
15	31	8	18	1.0
15	31	9	41	1.0
15	31	13	44	1.0
15	31	18	49	1.0
15	32	9	41	1.0
15	32	10	41	1.0
15	32	15	17	1.0
15	32	18	19	1.0
15	33	7	44	1.0
15	33	8	44	1.0
15	33	17	24	1.0
15	34	8	47	1.0
15	42	9	10	1.0
15	52	12	13	1.0
16	17	14	17	1.0
16	17	15	23	1.0
16	17	19	23	1.0
16	17	21	22	3.0
16	17	21	23	2.0
16	17	22	23	2.0
16	17	23	31	1.0
16	17	34	35	1.0
16	17	48	49	1.0
16	18	20	23	1.0
16	18	20	24	2.0
16	18	21	23	1.0
16	18	21	24	1.0
16	18	25	26	1.0
16	19	19	27	1.0
16	19	20	26	2.0
16	19	20	27	1.0
16	19	21	26	1.0
16	19	23	25	1.0
16	19	27	28	1.0
16	20	18	28	1.0
16	20	18	30	1.0
16	20	19	28	1.0
16	20	19	30	2.0
16	21	19	28	1.0
16	21	20	21	1.0
16	21	30	31	1.0
16	21	31	32	1.0
16	22	17	18	1.0
16	22	18	31	3.0
16	22	19	20	1.0
16	22	19	31	1.0
16	22	20	33	2.0
16	22	20	34	1.0
16	23	3	18	1.0
16	23	19	20	2.0
16	23	31	32	2.0
16	24	13	19	1.0
16	24	14	32	1.0
16	24	16	24	1.0
16	24	17	33	1.0
16	24	19	20	1.0
16	24	20	23	1.0
16	25	14	34	1.0
16	25	14	35	1.0
16	25	15	35	1.0
16	25	16	37	1.0
16	25	17	34	1.0
16	25	26	32	1.0
16	26	17	37	3.0
16	26	19	20	1.0
16	27	14	38	1.0
16	27	14	41	1.0
16	27	15	41	1.0
16	27	17	18	2.0
16	27	18	19	1.0
16	27	19	21	1.0
16	29	9	37	1.0
16	30	16	43	1.0
16	30	18	49	1.0
16	31	16	19	1.0
16	31	39	40	1.0
16	33	8	44	1.0
16	33	9	10	1.0
16	33	9	44	1.0
16	34	8	45	1.0
16	36	48	49	1.0
16	37	10	11	1.0
16	42	8	9	1.0
17	18	18	23	1.0
17	18	18	28	1.0
17	18	20	23	1.0
17	18	21	23	2.0
17	18	22	23	5.0
17	18	23	24	3.0
17	18	24	25	1.0
17	18	31	37	1.0
17	19	12	22	1.0
17	19	20	26	3.0
17	19	21	25	3.0
17	19	22	23	1.0
17	20	21	27	2.0
17	20	21	28	2.0
17	20	28	29	1.0
17	21	19	28	2.0
17	21	19	29	1.0
17	21	20	28	1.0
17	21	20	31	1.0
17	21	28	29	1.0
17	21	29	33	1.0
17	22	17	30	4.0
17	22	19	33	1.0
17	22	27	29	1.0
17	23	19	30	1.0
17	23	19	34	2.0
17	23	31	32	1.0
17	24	16	31	1.0
17	24	18	35	2.0
17	25	20	21	1.0
17	25	22	36	1.0
17	25	22	37	1.0
17	26	20	21	1.0
17	27	16	20	1.0
17	27	18	42	1.0
17	27	18	43	1.0
17	27	19	37	2.0
17	28	20	42	3.0
17	29	10	38	1.0
17	29	15	39	1.0
17	29	17	18	1.0
17	29	18	19	1.0
17	29	19	43	2.0
17	30	12	43	1.0
17	31	16	17	1.0
17	32	14	43	1.0
17	33	20	23	1.0
17	34	11	49	1.0
17	34	13	20	1.0
17	35	47	48	1.0
17	38	11	12	1.0
17	46	13	14	1.0
17	48	17	18	1.0
17	48	19	20	1.0
17	55	20	28	1.0
18	19	12	19	1.0
18	19	13	24	1.0
18	19	18	32	1.0
18	19	22	25	1.0
18	19	23	25	2.0
18	19	24	25	2.0
18	20	21	27	1.0
18	20	22	26	2.0
18	20	22	27	4.0
18	20	23	26	1.0
18	20	23	27	5.0
18	20	24	28	1.0
18	20	25	26	2.0
18	21	20	28	1.0
18	21	21	27	5.0
18	21	21	28	4.0
18	21	22	27	2.0
18	21	22	28	6.0
18	21	22	29	1.0
18	21	22	30	1.0
18	21	23	24	1.0
18	21	23	27	1.0
18	21	23	28	2.0
18	21	23	33	1.0
18	21	27	28	1.0
18	22	19	29	1.0
18	22	21	29	1.0
18	22	22	29	2.0
18	22	22	30	1.0
18	22	22	31	1.0
18	22	23	29	1.0
18	22	23	30	2.0
18	22	28	29	1.0
18	23	19	31	1.0
18	23	20	31	1.0
18	24	19	23	1.0
18	24	19	33	2.0
18	24	20	32	1.0
18	24	21	34	1.0
18	24	22	23	2.0
18	24	34	35	1.0
18	25	17	36	1.0
18	25	18	19	1.0
18	25	18	33	1.0
18	25	18	34	2.0
18	25	19	34	2.0
18	25	20	35	3.0
18	26	18	37	1.0
18	27	16	37	1.0
18	27	19	37	1.0
18	27	21	40	1.0
18	27	34	35	1.0
18	28	17	37	1.0
18	28	18	37	1.0
18	30	19	20	1.0
18	33	18	19	1.0
18	34	17	47	2.0
18	35	10	12	1.0
18	36	40	48	1.0
18	47	12	14	1.0
18	52	20	21	1.0
18	56	16	31	1.0
19	20	19	45	1.0
19	20	22	26	2.0
19	20	22	27	4.0
19	20	23	26	1.0
19	20	23	43	1.0
19	20	24	25	4.0
19	20	24	26	4.0
19	20	25	26	5.0
19	20	26	27	2.0
19	20	26	30	1.0
19	21	22	27	6.0
19	21	22	28	1.0
19	21	23	25	1.0
19	21	23	26	1.0
19	21	23	27	8.0
19	21	23	28	3.0
19	21	24	27	5.0
19	21	26	27	1.0
19	22	20	29	1.0
19	22	22	28	3.0
19	22	22	29	1.0
19	22	23	28	3.0
19	22	23	29	5.0
19	22	23	30	4.0
19	22	23	31	1.0
19	22	24	28	3.0
19	22	24	29	3.0
19	22	24	30	2.0
19	23	22	31	2.0
19	23	22	32	1.0
19	23	23	24	2.0
19	23	23	31	1.0
19	24	22	31	2.0
19	24	23	32	1.0
19	24	32	33	1.0
19	24	33	34	1.0
19	25	20	34	2.0
19	25	23	34	1.0
19	25	25	35	1.0
19	26	19	34	1.0
19	26	22	37	1.0
19	26	22	38	2.0
19	26	23	35	1.0
19	26	23	36	1.0
19	28	20	39	1.0
19	28	21	42	1.0
19	28	24	37	1.0
19	29	18	41	1.0
19	29	20	45	1.0
19	29	21	41	1.0
19	30	14	38	1.0
19	30	15	38	2.0
19	30	22	47	1.0
19	31	34	40	1.0
19	31	40	46	1.0
19	31	43	44	3.0
19	33	14	46	2.0
19	33	15	46	1.0
19	41	13	14	1.0
19	43	12	13	1.0
19	44	17	18	1.0
19	48	12	13	1.0
19	52	18	19	1.0
20	21	7	27	1.0
20	21	23	24	1.0
20	21	24	27	1.0
20	21	25	27	4.0
20	21	26	28	2.0
20	21	27	28	1.0
20	22	22	28	1.0
20	22	23	29	1.0
20	22	24	29	3.0
20	22	25	29	1.0
20	23	23	30	2.0
20	23	23	31	1.0
20	23	24	30	8.0
20	23	25	30	1.0
20	23	25	31	1.0
20	23	25	32	1.0
20	24	22	31	1.0
20	24	23	24	1.0
20	24	23	32	1.0
20	24	24	27	1.0
20	24	24	32	5.0
20	24	26	33	1.0
20	25	17	25	1.0
20	25	21	32	1.0
20	25	22	32	2.0
20	25	24	26	1.0
20	25	24	33	1.0
20	25	24	34	1.0
20	26	21	22	1.0
20	26	23	35	1.0
20	26	23	36	4.0
20	26	24	36	1.0
20	27	20	21	1.0
20	27	21	39	1.0
20	27	23	39	1.0
20	27	24	37	2.0
20	27	32	37	1.0
20	28	18	38	1.0
20	28	19	36	1.0
20	28	19	38	1.0
20	28	19	39	1.0
20	28	20	36	1.0
20	28	24	39	1.0
20	28	24	40	1.0
20	29	19	40	1.0
20	29	23	40	1.0
20	29	24	25	1.0
20	29	24	41	1.0
20	30	18	38	1.0
20	33	16	43	1.0
20	34	42	43	1.0
20	36	15	47	1.0
20	36	16	47	3.0
20	39	16	18	1.0
20	41	18	19	1.0
20	44	7	15	1.0
20	48	15	18	1.0
21	22	24	27	1.0
21	22	26	27	1.0
21	22	26	28	3.0
21	22	26	29	1.0
21	22	27	28	3.0
21	22	27	35	1.0
21	23	25	29	2.0
21	23	25	30	1.0
21	23	26	29	1.0
21	23	26	31	1.0
21	23	29	30	1.0
21	23	29	32	1.0
21	23	30	33	1.0
21	23	31	32	1.0
21	24	7	38	1.0
21	24	23	24	1.0
21	24	23	31	1.0
21	24	24	31	2.0
21	24	24	32	2.0
21	24	25	27	1.0
21	24	25	31	5.0
21	24	25	32	2.0
21	24	25	33	2.0
21	24	26	30	2.0
21	24	26	31	2.0
21	24	26	32	2.0
21	24	26	33	1.0
21	25	21	31	1.0
21	25	26	34	1.0
21	25	27	28	1.0
21	25	31	32	1.0
21	26	7	34	1.0
21	26	22	23	1.0
21	26	22	34	1.0
21	26	23	34	1.0
21	26	23	35	1.0
21	26	24	33	1.0
21	26	24	34	4.0
21	26	24	35	2.0
21	26	25	34	3.0
21	27	21	35	1.0
21	27	24	37	1.0
21	27	33	34	1.0
21	28	20	21	2.0
21	28	21	38	1.0
21	28	23	24	1.0
21	28	24	39	2.0
21	28	26	41	2.0
21	29	18	24	1.0
21	29	24	25	1.0
21	30	25	26	1.0
21	31	16	17	1.0
21	32	24	44	1.0
21	33	3	44	1.0
21	33	22	45	1.0
21	34	21	48	1.0
21	35	18	19	1.0
21	35	21	48	1.0
21	36	17	29	1.0
21	36	21	22	1.0
21	39	18	19	1.0
21	41	15	18	1.0
21	51	20	21	1.0
22	23	26	29	2.0
22	23	26	30	1.0
22	23	27	28	2.0
22	23	27	29	5.0
22	23	28	29	1.0
22	23	28	30	2.0
22	23	29	30	1.0
22	23	31	39	1.0
22	23	41	42	2.0
22	24	25	31	1.0
22	24	27	30	1.0
22	24	27	31	2.0
22	24	29	30	1.0
22	24	31	32	1.0
22	25	18	31	1.0
22	25	26	33	7.0
22	25	27	28	1.0
22	25	27	33	1.0
22	25	27	34	1.0
22	26	24	25	1.0
22	27	30	34	1.0
22	28	21	37	1.0
22	28	22	37	1.0
22	28	25	26	1.0
22	28	27	37	1.0
22	28	28	39	3.0
22	28	35	36	1.0
22	29	26	39	1.0
22	30	23	40	1.0
22	30	23	41	2.0
22	30	24	41	1.0
22	30	25	40	1.0
22	30	25	41	1.0
22	30	26	27	1.0
22	30	26	30	1.0
22	30	26	41	2.0
22	30	37	38	1.0
22	31	25	45	1.0
22	31	33	40	1.0
22	31	40	41	1.0
22	33	24	44	1.0
22	33	24	45	1.0
22	34	21	22	1.0
22	34	22	47	1.0
22	34	22	48	1.0
22	34	23	28	1.0
22	35	21	46	1.0
22	35	22	23	1.0
22	35	45	46	1.0
22	37	22	23	1.0
22	39	15	16	1.0
22	39	22	24	1.0
22	39	23	24	1.0
22	41	15	16	1.0
22	41	24	25	1.0
22	42	15	16	1.0
22	45	40	41	1.0
22	57	22	29	1.0
23	24	27	28	1.0
23	24	28	31	1.0
23	24	29	30	1.0
23	24	30	31	1.0
23	24	30	35	1.0
23	25	29	30	1.0
23	25	31	32	1.0
23	25	33	48	1.0
23	26	27	33	3.0
23	26	33	34	1.0
23	26	34	35	1.0
23	27	24	34	2.0
23	27	25	34	1.0
23	27	27	34	1.0
23	27	27	38	1.0
23	27	29	37	2.0
23	27	35	36	1.0
23	27	35	44	1.0
23	27	40	41	1.0
23	28	25	35	1.0
23	28	25	37	2.0
23	28	26	27	1.0
23	28	27	35	2.0
23	28	28	29	1.0
23	29	23	24	1.0
23	29	24	25	1.0
23	29	26	37	2.0
23	29	28	29	1.0
23	29	36	37	1.0
23	30	25	39	2.0
23	30	28	43	2.0
23	30	37	38	1.0
23	31	22	26	1.0
23	31	23	41	1.0
23	31	24	41	3.0
23	31	28	44	1.0
23	31	40	41	1.0
23	32	21	40	1.0
23	32	25	41	1.0
23	32	27	28	1.0
23	32	28	29	1.0
23	32	28	47	2.0
23	33	40	42	1.0
23	34	24	46	1.0
23	34	25	49	1.0
23	34	27	28	1.0
23	34	30	31	1.0
23	35	19	46	1.0
23	35	24	47	1.0
23	36	25	32	1.0
23	50	9	10	2.0
23	50	12	13	1.0
23	53	12	13	1.0
23	53	13	14	1.0
24	25	24	33	1.0
24	25	29	30	2.0
24	25	29	31	2.0
24	25	29	32	1.0
24	25	30	32	4.0
24	25	31	32	1.0
24	25	32	33	1.0
24	25	32	39	1.0
24	25	34	35	1.0
24	26	28	34	1.0
24	26	28	35	1.0
24	26	29	35	1.0
24	26	32	33	1.0
24	27	27	34	1.0
24	27	28	34	1.0
24	27	35	36	1.0
24	28	25	35	2.0
24	28	26	35	1.0
24	28	26	38	1.0
24	28	28	36	2.0
24	28	28	38	1.0
24	28	28	39	1.0
24	28	29	36	2.0
24	28	29	37	1.0
24	29	27	39	1.0
24	29	28	39	1.0
24	29	29	30	1.0
24	29	29	39	3.0
24	29	29	40	1.0
24	29	39	42	1.0
24	30	25	39	1.0
24	30	27	38	1.0
24	30	27	40	1.0
24	30	27	41	1.0
24	30	28	29	1.0
24	30	28	41	1.0
24	30	29	41	1.0
24	31	25	26	1.0
24	31	26	43	2.0
24	31	28	43	2.0
24	32	25	26	2.0
24	32	27	43	1.0
24	32	29	31	1.0
24	33	22	43	3.0
24	33	24	44	1.0
24	33	27	46	1.0
24	33	39	40	1.0
24	34	28	47	1.0
24	35	20	45	1.0
24	38	27	28	1.0
24	39	28	33	1.0
24	44	27	29	1.0
24	45	24	25	1.0
24	49	16	17	1.0
25	26	30	32	1.0
25	26	30	33	2.0
25	26	31	32	1.0
25	26	33	34	1.0
25	27	28	35	3.0
25	27	29	33	1.0
25	27	29	34	9.0
25	27	29	35	1.0
25	27	30	33	1.0
25	27	30	34	1.0
25	27	30	35	1.0
25	27	34	35	1.0
25	27	35	36	1.0
25	28	13	34	1.0
25	28	27	36	1.0
25	28	28	35	2.0
25	28	28	36	1.0
25	28	29	30	2.0
25	28	29	36	5.0
25	28	30	31	1.0
25	28	30	35	2.0
25	28	30	36	2.0
25	28	31	35	1.0
25	28	31	36	3.0
25	29	29	36	1.0
25	29	29	38	1.0
25	30	26	37	1.0
25	30	27	37	1.0
25	30	37	38	1.0
25	31	27	41	2.0
25	31	28	41	1.0
25	31	31	43	1.0
25	31	40	41	1.0
25	32	24	41	2.0
25	32	25	41	1.0
25	32	26	43	1.0
25	32	26	44	1.0
25	32	27	40	2.0
25	32	28	29	1.0
25	32	28	43	3.0
25	32	28	44	1.0
25	32	28	45	3.0
25	32	29	30	1.0
25	32	30	45	1.0
25	33	24	44	1.0
25	33	24	45	1.0
25	33	25	45	2.0
25	33	26	43	1.0
25	33	26	44	3.0
25	33	27	28	1.0
25	33	28	44	2.0
25	33	30	31	1.0
25	33	43	44	1.0
25	34	25	32	1.0
25	34	33	46	1.0
25	35	23	29	1.0
25	35	35	47	1.0
25	37	25	47	1.0
25	37	25	48	1.0
25	40	25	26	1.0
25	40	26	29	1.0
25	41	16	17	1.0
25	44	26	27	1.0
25	50	27	28	1.0
25	53	10	11	1.0
25	67	8	39	1.0
25	72	27	28	1.0
25	72	28	40	1.0
26	27	9	40	1.0
26	27	13	35	1.0
26	27	30	33	2.0
26	27	31	33	1.0
26	27	32	33	1.0
26	28	30	35	2.0
26	28	30	36	1.0
26	28	32	34	1.0
26	28	32	35	1.0
26	29	29	37	1.0
26	29	30	31	2.0
26	29	30	35	2.0
26	29	30	36	2.0
26	29	30	37	2.0
26	29	31	36	2.0
26	29	31	37	1.0
26	29	32	36	1.0
26	30	28	38	1.0
26	30	30	38	1.0
26	30	30	39	1.0
26	30	38	39	1.0
26	31	27	40	2.0
26	31	30	35	1.0
26	31	32	41	1.0
26	32	26	42	2.0
26	32	27	30	1.0
26	32	28	40	1.0
26	32	31	32	1.0
26	32	31	42	2.0
26	32	31	44	1.0
26	33	27	43	1.0
26	33	28	43	1.0
26	34	28	44	1.0
26	36	24	28	1.0
26	36	27	28	2.0
26	40	24	25	1.0
26	41	6	28	1.0
26	42	28	30	1.0
26	46	21	24	1.0
26	48	17	18	1.0
26	59	4	5	1.0
26	71	27	28	1.0
27	28	32	34	1.0
27	28	32	35	4.0
27	28	33	34	1.0
27	28	33	35	3.0
27	29	31	37	2.0
27	29	32	36	3.0
27	29	32	38	2.0
27	29	33	34	1.0
27	29	33	35	1.0
27	30	31	36	1.0
27	31	22	38	1.0
27	31	31	38	1.0
27	31	31	39	3.0
27	32	29	40	1.0
27	32	31	32	1.0
27	35	27	47	1.0
27	35	28	44	1.0
27	38	30	31	2.0
27	39	29	30	1.0
27	39	30	32	1.0
27	41	30	31	1.0
27	42	30	31	1.0
27	43	20	21	1.0
27	44	27	32	1.0
27	45	32	34	1.0
27	47	29	30	1.0
27	51	20	23	1.0
27	59	23	24	1.0
28	29	32	36	1.0
28	29	34	35	3.0
28	29	34	36	2.0
28	29	34	37	2.0
28	29	35	36	2.0
28	29	35	37	1.0
28	30	33	37	2.0
28	31	22	31	1.0
28	31	31	38	1.0
28	31	33	40	1.0
28	32	33	40	1.0
28	32	33	43	1.0
28	32	35	40	1.0
28	33	31	43	1.0
28	33	32	41	1.0
28	33	33	41	1.0
28	35	28	45	1.0
28	35	30	48	2.0
28	36	30	46	1.0
28	36	31	48	1.0
28	36	32	33	1.0
28	36	33	34	2.0
28	38	30	31	1.0
28	39	27	28	1.0
28	40	47	48	1.0
28	41	22	26	1.0
28	43	39	40	1.0
28	45	20	22	1.0
28	45	21	22	1.0
28	47	17	18	1.0
28	50	18	22	1.0
28	50	20	21	1.0
28	52	30	41	1.0
28	53	18	19	1.0
29	30	19	20	1.0
29	31	33	39	2.0
29	32	33	39	1.0
29	32	33	42	1.0
29	32	34	39	1.0
29	32	37	38	1.0
29	32	41	42	1.0
29	33	33	34	1.0
29	33	34	43	2.0
29	33	34	44	3.0
29	33	34	45	2.0
29	33	35	43	2.0
29	34	32	43	1.0
29	34	34	43	1.0
29	35	30	43	1.0
29	35	34	45	1.0
29	36	31	47	1.0
29	36	33	34	1.0
29	38	31	48	1.0
29	39	28	48	1.0
29	43	24	34	1.0
29	43	27	45	1.0
30	31	33	34	1.0
30	31	36	37	1.0
30	31	37	38	2.0
30	32	27	35	1.0
30	33	35	36	1.0
30	33	36	44	1.0
30	33	42	43	1.0
30	34	33	34	1.0
30	34	34	45	1.0
30	35	34	43	1.0
30	35	34	46	1.0
30	36	31	44	1.0
30	36	33	45	1.0
30	36	33	47	1.0
30	36	34	46	1.0
30	37	35	36	1.0
30	38	29	49	1.0
30	38	31	48	1.0
30	39	28	48	1.0
30	39	29	48	1.0
30	49	35	40	1.0
30	55	28	29	1.0
30	56	28	29	2.0
30	57	27	30	1.0
31	32	37	39	2.0
31	33	37	41	2.0
31	33	38	40	1.0
31	35	27	35	1.0
31	36	34	36	1.0
31	37	35	49	1.0
31	38	36	37	1.0
31	38	36	39	1.0
31	39	29	48	1.0
31	39	34	35	1.0
31	39	34	48	1.0
31	40	33	34	1.0
31	42	30	31	1.0
31	43	31	32	1.0
31	46	31	32	1.0
32	33	37	40	3.0
32	33	38	39	2.0
32	33	39	42	1.0
32	34	41	43	1.0
32	34	43	45	1.0
32	35	43	44	1.0
32	36	36	46	1.0
32	36	37	46	2.0
32	36	38	46	1.0
32	38	35	36	1.0
32	39	34	48	1.0
32	42	36	37	1.0
32	43	32	33	1.0
32	48	24	25	1.0
32	54	33	34	1.0
33	37	39	40	2.0
33	39	40	41	1.0
33	42	37	38	1.0
33	43	38	39	1.0
33	45	28	30	1.0
33	45	33	35	1.0
33	45	35	36	1.0
33	54	32	33	1.0
33	56	38	39	1.0
33	66	23	24	1.0
34	35	3	4	1.0
34	35	33	39	1.0
34	36	41	45	1.0
34	38	27	39	1.0
34	38	38	47	1.0
34	39	36	47	1.0
34	39	37	47	1.0
34	39	37	48	1.0
34	43	34	35	1.0
34	44	33	36	1.0
34	45	36	37	1.0
34	53	37	38	1.0
34	56	34	35	1.0
35	36	44	45	1.0
35	36	44	46	1.0
35	39	38	47	1.0
35	39	39	46	1.0
35	39	39	47	2.0
35	39	40	46	1.0
35	39	47	48	1.0
35	44	37	38	1.0
35	50	26	27	1.0
35	50	35	42	1.0
35	52	19	33	1.0
35	52	33	34	1.0
35	52	33	35	1.0
35	53	33	34	1.0
35	57	31	32	1.0
35	59	31	32	1.0
35	62	28	42	1.0
36	37	38	45	1.0
36	39	45	46	1.0
36	43	32	37	1.0
36	46	38	39	1.0
36	51	34	35	1.0
36	51	34	39	1.0
36	73	27	35	1.0
37	38	23	42	1.0
37	39	31	46	1.0
37	39	42	46	1.0
37	39	43	47	1.0
37	39	46	48	1.0
37	40	42	43	1.0
37	40	48	49	1.0
37	41	37	38	1.0
37	41	42	43	2.0
37	41	43	46	1.0
37	41	43	47	1.0
37	42	40	41	2.0
37	46	37	38	1.0
37	46	40	41	1.0
37	47	40	41	1.0
37	49	35	40	1.0
37	50	16	33	1.0
37	65	40	44	1.0
38	39	38	47	1.0
38	40	38	41	1.0
38	41	43	44	1.0
38	41	43	45	1.0
38	41	44	45	1.0
38	43	41	42	1.0
38	49	29	42	1.0
38	49	44	45	1.0
38	54	43	44	1.0
38	74	30	31	1.0
38	74	31	32	1.0
38	74	39	40	1.0
39	40	30	32	1.0
39	40	46	47	1.0
39	43	43	45	1.0
39	44	42	43	1.0
39	47	28	45	1.0
39	48	14	44	1.0
39	49	40	48	1.0
39	49	43	44	1.0
39	53	42	43	1.0
39	59	29	43	1.0
40	42	46	47	1.0
40	45	36	46	1.0
40	50	45	46	1.0
40	54	40	41	1.0
40	60	42	44	1.0
40	63	33	34	1.0
41	43	47	48	1.0
41	46	47	48	1.0
41	65	34	35	1.0
41	68	43	44	1.0
42	46	43	45	1.0
42	51	6	44	1.0
42	53	43	45	1.0
42	53	45	47	1.0
42	60	40	42	1.0
42	71	37	38	1.0
46	56	46	48	1.0
46	57	40	45	1.0
47	67	48	49	1.0
48	68	47	48	2.0
49	56	41	47	1.0
49	68	47	48	1.0
51	67	46	49	1.0
54	56	37	39	1.0
56	62	42	43	1.0
59	60	39	42	1.0
Quadrant	2
0	1	3	49	3.0
0	1	4	49	4.0
0	1	5	49	7.0
0	1	8	49	1.0
0	1	10	49	1.0
0	1	14	15	1.0
0	1	14	49	1.0
0	1	15	49	1.0
0	1	16	49	1.0
0	1	23	49	1.0
0	1	32	49	1.0
0	2	2	7	8.0
0	2	2	8	2.0
0	2	2	49	1.0
0	2	3	8	8.0
0	2	3	49	1.0
0	2	4	49	1.0
0	2	6	49	2.0
0	2	7	49	3.0
0	3	3	49	6.0
0	3	7	49	1.0
0	5	2	49	3.0
0	5	3	24	1.0
0	5	10	49	1.0
0	6	2	15	2.0
0	6	2	18	1.0
0	6	3	15	4.0
0	6	3	49	1.0
0	6	11	49	2.0
0	6	13	15	1.0
0	6	13	49	2.0
0	7	2	15	2.0
0	7	13	14	1.0
0	7	14	49	1.0
0	7	15	16	1.0
0	7	15	49	1.0
0	7	16	17	1.0
0	7	16	49	1.0
0	7	18	49	1.0
0	8	3	49	1.0
0	8	4	49	1.0
0	8	13	14	1.0
0	8	15	49	1.0
0	8	16	23	1.0
0	8	16	49	3.0
0	9	3	49	1.0
0	9	15	17	1.0
0	9	17	18	1.0
0	9	17	49	4.0
0	9	18	49	1.0
0	9	19	49	2.0
0	9	20	49	2.0
0	9	21	49	1.0
0	10	3	49	1.0
0	10	16	17	2.0
0	10	18	19	1.0
0	10	18	49	1.0
0	10	19	20	1.0
0	10	20	23	1.0
0	10	20	49	4.0
0	10	21	49	1.0
0	10	23	49	1.0
0	10	24	49	1.0
0	11	18	25	1.0
0	11	19	49	1.0
0	11	23	49	1.0
0	11	25	49	1.0
0	12	3	25	1.0
0	12	16	18	1.0
0	12	18	49	1.0
0	12	19	49	1.0
0	12	21	49	1.0
0	12	23	49	3.0
0	12	24	49	1.0
0	13	2	49	1.0
0	13	19	49	2.0
0	13	20	21	1.0
0	13	20	49	1.0
0	13	21	22	1.0
0	14	2	27	1.0
0	14	13	27	1.0
0	14	16	24	1.0
0	14	21	22	1.0
0	14	23	24	1.0
0	14	24	25	1.0
0	14	24	30	1.0
0	14	26	49	1.0
0	14	27	49	1.0
0	15	22	49	1.0
0	15	36	49	1.0
0	16	2	49	3.0
0	16	30	31	1.0
0	16	30	49	1.0
0	16	31	49	1.0
0	17	2	49	1.0
0	18	30	31	1.0
0	18	31	32	1.0
0	18	31	39	1.0
0	19	36	37	1.0
0	21	32	33	1.0
0	21	33	49	2.0
0	22	29	49	1.0
0	23	18	36	1.0
0	23	36	37	1.0
0	25	4	49	1.0
0	25	35	49	1.0
0	26	45	49	1.0
0	28	41	43	1.0
0	30	42	49	1.0
0	32	44	45	1.0
0	79	2	49	2.0
0	79	3	49	4.0
0	79	4	5	3.0
0	79	4	49	3.0
0	79	5	49	5.0
0	79	6	7	1.0
0	79	6	10	1.0
0	79	6	49	2.0
0	79	7	49	1.0
0	79	8	9	1.0
0	79	8	12	1.0
0	79	8	49	1.0
0	79	9	10	1.0
0	79	9	49	2.0
0	79	15	16	1.0
0	79	15	49	1.0
0	79	16	49	1.0
0	79	24	27	1.0
1	2	2	6	1.0
1	2	2	7	3.0
1	2	3	4	1.0
1	2	3	8	2.0
1	2	3	49	1.0
1	2	4	7	16.0
1	2	4	8	3.0
1	2	4	49	6.0
1	2	5	49	3.0
1	2	6	9	1.0
1	2	6	49	8.0
1	2	7	8	3.0
1	2	7	49	5.0
1	2	8	11	1.0
1	2	9	10	1.0
1	2	9	49	2.0
1	2	14	15	1.0
1	2	14	49	2.0
1	2	15	49	1.0
1	2	16	17	1.0
1	2	18	49	1.0
1	2	24	25	1.0
1	3	3	8	9.0
1	3	3	49	1.0
1	3	4	9	16.0
1	3	4	49	4.0
1	3	5	49	1.0
1	3	7	9	1.0
1	3	7	49	2.0
1	3	15	49	1.0
1	4	2	49	1.0
1	4	3	49	1.0
1	4	4	49	4.0
1	4	5	49	1.0
1	4	8	49	1.0
1	4	9	49	3.0
1	4	11	49	1.0
1	5	2	12	5.0
1	5	2	49	1.0
1	5	3	49	1.0
1	5	4	49	3.0
1	5	5	49	1.0
1	5	7	49	1.0
1	5	13	49	1.0
1	5	14	49	1.0
1	6	2	49	1.0
1	6	3	14	4.0
1	6	3	49	2.0
1	6	4	49	2.0
1	6	13	14	2.0
1	6	13	49	1.0
1	6	14	49	1.0
1	6	15	49	1.0
1	7	2	13	2.0
1	7	3	17	1.0
1	7	3	49	1.0
1	7	4	49	1.0
1	7	12	13	2.0
1	7	12	49	2.0
1	7	13	14	1.0
1	7	13	49	3.0
1	7	14	49	2.0
1	7	15	16	1.0
1	8	2	49	1.0
1	8	3	49	2.0
1	8	5	49	1.0
1	8	10	13	1.0
1	8	14	49	1.0
1	9	3	23	1.0
1	9	16	49	2.0
1	9	17	18	1.0
1	9	17	49	2.0
1	9	18	19	3.0
1	9	18	20	1.0
1	9	18	49	1.0
1	9	19	49	3.0
1	10	2	49	1.0
1	10	3	49	1.0
1	10	4	49	1.0
1	10	18	19	1.0
1	10	18	49	1.0
1	10	19	49	1.0
1	10	22	24	1.0
1	11	2	24	2.0
1	11	3	26	1.0
1	11	4	23	2.0
1	11	18	38	1.0
1	11	21	22	1.0
1	11	21	23	1.0
1	11	22	23	1.0
1	12	2	24	1.0
1	12	3	26	1.0
1	12	19	49	2.0
1	12	20	49	2.0
1	12	21	49	1.0
1	12	22	23	1.0
1	12	26	27	1.0
1	13	4	27	1.0
1	13	4	49	1.0
1	13	19	49	1.0
1	13	20	49	1.0
1	13	21	25	1.0
1	13	21	49	1.0
1	13	24	25	1.0
1	14	20	49	1.0
1	14	25	26	1.0
1	14	28	29	1.0
1	14	29	49	1.0
1	15	6	49	1.0
1	15	23	49	1.0
1	15	25	49	1.0
1	16	3	35	1.0
1	16	5	24	1.0
1	16	14	22	1.0
1	16	27	28	1.0
1	16	33	34	1.0
1	16	33	35	1.0
1	16	33	49	1.0
1	17	3	36	1.0
1	17	3	49	1.0
1	17	28	29	2.0
1	17	29	30	1.0
1	17	32	49	1.0
1	17	35	49	1.0
1	19	2	38	1.0
1	19	2	39	2.0
1	19	4	49	1.0
1	19	31	32	1.0
1	21	3	49	1.0
1	22	40	49	1.0
1	24	46	47	1.0
1	26	4	5	1.0
1	26	36	37	1.0
1	26	46	49	1.0
1	29	43	49	1.0
1	79	2	6	4.0
1	79	2	49	1.0
1	79	4	5	3.0
1	79	4	31	1.0
1	79	4	49	1.0
1	79	5	7	1.0
1	79	5	9	1.0
1	79	5	49	3.0
1	79	6	7	3.0
1	79	6	9	1.0
1	79	6	49	6.0
1	79	7	49	7.0
1	79	8	9	4.0
1	79	8	49	3.0
1	79	9	10	2.0
1	79	9	11	1.0
1	79	9	49	1.0
1	79	10	11	1.0
1	79	10	12	1.0
1	79	10	49	3.0
1	79	15	16	1.0
1	79	15	17	1.0
1	79	16	49	1.0
2	3	3	5	1.0
2	3	4	9	1.0
2	3	4	49	1.0
2	3	5	7	33.0
2	3	5	10	1.0
2	3	5	49	3.0
2	3	6	18	1.0
2	3	6	49	4.0
2	3	7	8	3.0
2	3	7	49	8.0
2	3	8	49	7.0
2	3	9	49	2.0
2	3	12	49	2.0
2	3	13	14	1.0
2	3	15	49	1.0
2	3	17	18	1.0
2	3	44	49	1.0
2	4	3	8	2.0
2	4	5	8	10.0
2	4	5	10	6.0
2	4	5	49	6.0
2	4	6	8	2.0
2	4	6	9	5.0
2	4	6	11	2.0
2	4	6	49	2.0
2	4	7	8	1.0
2	4	7	49	1.0
2	4	8	10	1.0
2	4	8	15	1.0
2	4	8	49	1.0
2	4	9	49	2.0
2	5	3	4	1.0
2	5	3	10	4.0
2	5	4	10	3.0
2	5	4	11	4.0
2	5	4	12	7.0
2	5	4	15	1.0
2	5	4	49	4.0
2	5	5	10	7.0
2	5	5	11	8.0
2	5	5	12	4.0
2	5	5	13	3.0
2	5	5	49	4.0
2	5	9	10	3.0
2	5	9	49	2.0
2	5	10	49	2.0
2	5	11	18	1.0
2	5	11	49	3.0
2	6	2	11	1.0
2	6	2	12	1.0
2	6	3	11	4.0
2	6	4	10	1.0
2	6	4	12	8.0
2	6	4	13	5.0
2	6	4	14	3.0
2	6	4	15	5.0
2	6	4	19	1.0
2	6	5	6	1.0
2	6	5	12	1.0
2	6	5	13	1.0
2	6	5	14	3.0
2	6	5	15	1.0
2	6	5	16	1.0
2	6	5	49	3.0
2	6	6	49	1.0
2	6	11	49	4.0
2	7	2	12	2.0
2	7	2	13	2.0
2	7	2	16	1.0
2	7	3	4	1.0
2	7	3	12	4.0
2	7	3	13	1.0
2	7	4	14	1.0
2	7	4	15	4.0
2	7	4	18	1.0
2	7	4	49	1.0
2	7	5	13	1.0
2	7	5	49	3.0
2	7	6	14	2.0
2	7	13	49	2.0
2	7	14	49	3.0
2	8	3	4	3.0
2	8	3	15	2.0
2	8	3	16	3.0
2	8	3	49	2.0
2	8	4	15	1.0
2	8	4	16	2.0
2	8	4	18	1.0
2	8	4	19	3.0
2	8	5	6	1.0
2	8	5	49	2.0
2	8	6	49	1.0
2	8	14	49	1.0
2	8	15	16	2.0
2	8	15	49	1.0
2	8	16	49	1.0
2	9	2	15	1.0
2	9	2	18	1.0
2	9	2	49	1.0
2	9	3	17	4.0
2	9	3	18	4.0
2	9	3	49	2.0
2	9	4	19	1.0
2	9	4	22	1.0
2	9	4	49	2.0
2	9	5	6	1.0
2	9	5	18	1.0
2	9	5	49	1.0
2	9	15	17	1.0
2	9	15	49	1.0
2	9	18	49	1.0
2	9	19	49	1.0
2	10	2	17	5.0
2	10	2	18	1.0
2	10	2	19	4.0
2	10	3	18	1.0
2	10	3	19	3.0
2	10	3	22	1.0
2	10	3	49	1.0
2	10	4	18	1.0
2	10	4	21	1.0
2	10	4	49	1.0
2	10	5	19	1.0
2	10	5	49	1.0
2	10	16	49	2.0
2	10	19	20	1.0
2	10	21	49	1.0
2	10	22	49	1.0
2	11	2	18	1.0
2	11	2	20	1.0
2	11	4	22	1.0
2	11	4	23	4.0
2	11	5	6	1.0
2	11	5	27	2.0
2	12	2	24	1.0
2	12	4	49	1.0
2	12	5	49	1.0
2	12	17	20	1.0
2	12	17	49	1.0
2	12	19	49	1.0
2	12	22	49	1.0
2	13	2	25	2.0
2	13	2	28	1.0
2	13	3	4	1.0
2	13	23	49	2.0
2	13	24	25	1.0
2	13	24	49	1.0
2	13	25	49	1.0
2	14	3	4	1.0
2	14	3	26	1.0
2	14	4	26	1.0
2	14	4	27	1.0
2	14	4	49	3.0
2	14	6	49	1.0
2	14	21	49	1.0
2	14	23	49	1.0
2	15	6	49	1.0
2	15	23	31	1.0
2	15	23	49	1.0
2	15	26	49	1.0
2	15	27	49	1.0
2	15	28	29	1.0
2	16	2	31	2.0
2	16	5	49	1.0
2	16	22	23	1.0
2	16	27	28	1.0
2	16	29	49	1.0
2	17	3	5	1.0
2	17	3	49	1.0
2	17	29	30	1.0
2	17	31	49	1.0
2	18	25	26	1.0
2	18	25	31	1.0
2	18	28	30	1.0
2	18	31	33	1.0
2	19	27	29	1.0
2	19	37	49	1.0
2	20	37	38	1.0
2	21	28	49	1.0
2	21	31	49	2.0
2	22	4	49	1.0
2	23	3	49	1.0
2	23	38	49	1.0
2	25	43	49	1.0
2	25	44	49	3.0
2	26	47	49	1.0
2	27	2	49	1.0
2	27	41	42	1.0
2	30	47	49	1.0
2	33	47	49	1.0
2	37	10	11	1.0
2	46	3	4	1.0
2	79	2	7	4.0
2	79	2	9	1.0
2	79	2	49	1.0
2	79	3	5	1.0
2	79	3	7	1.0
2	79	4	8	1.0
2	79	5	6	1.0
2	79	5	9	1.0
2	79	5	49	1.0
2	79	6	10	1.0
2	79	6	14	1.0
2	79	6	49	3.0
2	79	7	8	2.0
2	79	7	12	1.0
2	79	7	18	1.0
2	79	7	49	2.0
2	79	8	9	2.0
2	79	8	15	1.0
2	79	8	49	8.0
2	79	9	10	3.0
2	79	9	49	3.0
2	79	10	49	2.0
2	79	11	12	1.0
2	79	11	49	2.0
2	79	13	14	1.0
2	79	14	49	1.0
2	79	15	49	2.0
2	79	16	49	1.0
2	79	18	49	1.0
2	79	25	49	1.0
2	79	38	39	1.0
3	4	5	19	2.0
3	4	5	49	1.0
3	4	7	9	3.0
3	4	10	13	1.0
3	4	11	49	1.0
3	4	15	49	1.0
3	4	16	49	1.0
3	4	17	49	1.0
3	5	5	49	4.0
3	5	6	11	9.0
3	5	7	49	2.0
3	5	10	11	1.0
3	5	10	49	1.0
3	6	3	11	2.0
3	6	4	49	1.0
3	6	5	13	6.0
3	6	5	49	3.0
3	6	6	11	4.0
3	6	6	49	4.0
3	6	7	49	1.0
3	6	10	49	1.0
3	6	11	12	1.0
3	6	11	13	1.0
3	6	11	49	1.0
3	6	13	49	1.0
3	7	4	13	2.0
3	7	4	14	4.0
3	7	4	15	2.0
3	7	4	16	1.0
3	7	4	49	1.0
3	7	5	12	5.0
3	7	5	13	7.0
3	7	5	14	1.0
3	7	5	49	3.0
3	7	6	15	1.0
3	7	6	49	1.0
3	7	12	13	1.0
3	7	13	14	1.0
3	7	13	49	2.0
3	7	14	15	1.0
3	8	3	15	1.0
3	8	3	49	2.0
3	8	4	14	2.0
3	8	4	15	2.0
3	8	4	16	4.0
3	8	4	49	4.0
3	8	5	14	3.0
3	8	5	15	4.0
3	8	5	49	2.0
3	8	6	15	3.0
3	8	6	16	1.0
3	8	6	49	4.0
3	8	13	49	3.0
3	8	14	49	3.0
3	9	3	14	1.0
3	9	3	16	1.0
3	9	3	17	1.0
3	9	3	18	2.0
3	9	4	14	1.0
3	9	4	15	1.0
3	9	4	16	6.0
3	9	5	19	2.0
3	9	5	49	1.0
3	9	6	17	1.0
3	9	6	21	1.0
3	9	6	49	1.0
3	9	17	49	2.0
3	9	18	49	2.0
3	10	2	18	6.0
3	10	3	17	1.0
3	10	3	18	3.0
3	10	3	21	4.0
3	10	3	22	1.0
3	10	4	17	2.0
3	10	4	18	3.0
3	10	4	19	1.0
3	10	4	20	3.0
3	10	4	21	2.0
3	10	5	19	2.0
3	10	5	20	1.0
3	10	5	21	1.0
3	10	5	23	1.0
3	10	5	49	2.0
3	10	9	49	1.0
3	10	15	49	1.0
3	10	16	17	1.0
3	10	17	18	1.0
3	10	17	49	2.0
3	11	3	18	2.0
3	11	4	21	2.0
3	11	4	22	1.0
3	11	4	49	1.0
3	11	5	20	1.0
3	11	5	21	1.0
3	11	17	49	1.0
3	12	2	20	2.0
3	12	3	21	1.0
3	12	4	21	2.0
3	12	4	22	2.0
3	12	5	21	2.0
3	12	5	23	1.0
3	12	5	49	1.0
3	12	6	49	1.0
3	12	18	19	1.0
3	12	18	20	1.0
3	12	19	22	1.0
3	12	19	49	1.0
3	13	2	5	1.0
3	13	2	21	1.0
3	13	2	49	1.0
3	13	4	10	1.0
3	13	6	9	1.0
3	13	6	49	1.0
3	13	18	22	1.0
3	13	18	49	1.0
3	13	20	49	2.0
3	13	21	49	1.0
3	13	25	26	1.0
3	14	4	49	1.0
3	14	5	6	2.0
3	14	6	49	1.0
3	14	22	49	1.0
3	14	24	49	1.0
3	15	2	34	1.0
3	15	22	23	1.0
3	15	25	49	1.0
3	15	26	49	1.0
3	15	27	29	1.0
3	15	27	49	2.0
3	16	2	27	1.0
3	16	2	29	1.0
3	16	4	49	1.0
3	16	5	34	1.0
3	16	23	24	1.0
3	16	26	49	1.0
3	16	27	28	1.0
3	16	29	49	1.0
3	17	2	31	1.0
3	17	3	29	1.0
3	17	4	29	1.0
3	17	5	34	1.0
3	17	26	49	1.0
3	18	2	49	1.0
3	18	4	31	2.0
3	18	25	49	1.0
3	18	27	28	1.0
3	18	30	32	1.0
3	19	3	49	1.0
3	19	4	40	1.0
3	19	4	41	1.0
3	19	27	28	1.0
3	19	29	30	1.0
3	20	4	9	1.0
3	20	29	30	1.0
3	20	38	39	1.0
3	21	2	43	1.0
3	21	4	41	1.0
3	21	4	42	1.0
3	21	4	49	1.0
3	22	3	41	1.0
3	22	31	49	1.0
3	23	39	49	1.0
3	24	36	37	1.0
3	24	36	38	1.0
3	24	37	38	1.0
3	24	38	49	1.0
3	25	39	42	1.0
3	26	37	49	1.0
3	79	2	49	1.0
3	79	3	10	1.0
3	79	5	8	1.0
3	79	6	19	1.0
3	79	7	16	1.0
3	79	8	12	1.0
3	79	8	49	3.0
3	79	9	10	1.0
3	79	9	49	2.0
3	79	11	12	1.0
3	79	11	49	1.0
3	79	12	13	1.0
3	79	12	49	1.0
3	79	14	49	1.0
3	79	15	16	3.0
3	79	15	49	1.0
3	79	16	49	1.0
3	79	22	49	2.0
3	79	32	49	1.0
4	5	2	49	1.0
4	5	5	49	1.0
4	5	6	7	3.0
4	5	7	9	11.0
4	5	7	49	3.0
4	5	8	11	6.0
4	5	8	49	1.0
4	5	9	49	5.0
4	5	10	49	3.0
4	5	11	49	3.0
4	5	12	49	1.0
4	5	14	49	2.0
4	5	17	18	2.0
4	5	20	49	1.0
4	5	21	49	1.0
4	6	6	49	2.0
4	6	7	10	2.0
4	6	7	11	13.0
4	6	7	20	1.0
4	6	7	21	1.0
4	6	7	49	3.0
4	6	8	9	1.0
4	6	8	10	1.0
4	6	8	12	1.0
4	6	8	49	2.0
4	6	10	15	1.0
4	6	10	49	1.0
4	6	11	26	1.0
4	6	11	27	1.0
4	6	11	49	6.0
4	6	17	49	1.0
4	7	5	12	3.0
4	7	6	49	3.0
4	7	7	12	5.0
4	7	7	13	9.0
4	7	7	14	1.0
4	7	7	15	1.0
4	7	7	49	2.0
4	7	8	49	1.0
4	7	11	49	2.0
4	7	12	49	2.0
4	7	14	49	1.0
4	8	3	14	1.0
4	8	3	15	1.0
4	8	4	14	2.0
4	8	4	15	2.0
4	8	5	14	3.0
4	8	6	16	4.0
4	8	6	49	1.0
4	8	7	13	1.0
4	8	7	14	2.0
4	8	7	49	4.0
4	8	8	16	2.0
4	8	13	49	2.0
4	8	14	21	1.0
4	8	14	49	2.0
4	9	2	14	1.0
4	9	3	15	3.0
4	9	5	49	2.0
4	9	6	15	1.0
4	9	6	18	2.0
4	9	6	49	1.0
4	9	7	17	1.0
4	9	7	19	2.0
4	9	7	49	1.0
4	9	8	16	1.0
4	9	8	17	1.0
4	9	14	49	1.0
4	9	15	49	2.0
4	9	17	49	1.0
4	10	3	17	2.0
4	10	3	49	1.0
4	10	4	16	1.0
4	10	4	17	1.0
4	10	4	18	2.0
4	10	5	17	1.0
4	10	5	18	4.0
4	10	5	49	4.0
4	10	6	8	1.0
4	10	6	17	3.0
4	10	6	18	2.0
4	10	6	49	1.0
4	10	7	21	1.0
4	10	7	49	1.0
4	10	15	16	1.0
4	10	15	17	1.0
4	10	15	49	2.0
4	10	16	31	1.0
4	10	18	49	2.0
4	10	19	49	1.0
4	10	24	49	1.0
4	11	2	49	1.0
4	11	3	18	1.0
4	11	5	17	1.0
4	11	5	18	2.0
4	11	6	18	2.0
4	11	6	21	2.0
4	11	6	22	1.0
4	11	7	20	2.0
4	11	7	49	1.0
4	11	17	49	1.0
4	11	18	19	1.0
4	12	2	19	1.0
4	12	4	20	2.0
4	12	4	21	2.0
4	12	5	21	1.0
4	12	5	49	1.0
4	12	6	21	1.0
4	12	6	24	3.0
4	12	19	27	1.0
4	12	20	21	1.0
4	12	21	49	2.0
4	12	23	24	1.0
4	12	23	49	1.0
4	13	4	22	1.0
4	13	4	24	1.0
4	13	4	49	1.0
4	13	5	23	2.0
4	13	5	49	1.0
4	13	7	25	1.0
4	13	14	20	1.0
4	13	22	49	1.0
4	13	23	24	1.0
4	14	4	49	1.0
4	14	5	49	1.0
4	14	21	22	1.0
4	14	21	49	1.0
4	14	22	23	1.0
4	14	23	49	1.0
4	14	26	49	1.0
4	15	6	27	1.0
4	15	7	49	1.0
4	15	23	24	1.0
4	15	23	49	1.0
4	15	27	28	1.0
4	15	29	49	2.0
4	15	32	35	1.0
4	15	33	49	1.0
4	16	2	49	1.0
4	16	3	31	2.0
4	16	6	29	2.0
4	16	6	34	1.0
4	16	25	27	1.0
4	16	26	49	1.0
4	17	5	30	1.0
4	17	7	49	1.0
4	17	25	26	2.0
4	17	28	29	1.0
4	17	29	30	1.0
4	17	29	38	1.0
4	18	2	32	1.0
4	18	5	33	1.0
4	18	6	34	1.0
4	19	4	34	3.0
4	19	5	35	1.0
4	19	11	49	1.0
4	19	27	49	2.0
4	19	31	49	1.0
4	20	5	41	1.0
4	20	25	36	1.0
4	20	28	29	1.0
4	20	34	49	1.0
4	21	2	43	1.0
4	21	30	34	1.0
4	21	34	49	2.0
4	22	2	43	1.0
4	22	41	42	1.0
4	23	4	43	1.0
4	23	4	46	1.0
4	23	34	35	1.0
4	23	36	49	2.0
4	24	3	49	1.0
4	24	34	35	1.0
4	24	46	47	1.0
4	25	38	49	1.0
4	25	41	42	1.0
4	26	6	49	1.0
4	26	36	37	1.0
4	28	3	49	1.0
4	28	4	48	1.0
4	28	5	49	1.0
4	30	3	6	1.0
4	30	4	49	1.0
4	31	2	49	1.0
4	31	3	4	1.0
4	38	5	49	1.0
4	55	8	49	1.0
4	60	15	49	1.0
4	79	4	49	1.0
4	79	8	9	2.0
4	79	9	10	2.0
4	79	9	11	1.0
4	79	9	49	1.0
4	79	10	49	6.0
4	79	11	49	1.0
4	79	12	13	2.0
4	79	12	49	2.0
4	79	15	49	2.0
4	79	18	49	1.0
4	79	20	27	1.0
5	6	3	49	1.0
5	6	4	49	1.0
5	6	7	49	1.0
5	6	8	10	3.0
5	6	8	11	9.0
5	6	8	12	2.0
5	6	8	28	1.0
5	6	8	49	6.0
5	6	9	49	4.0
5	6	10	49	1.0
5	6	12	13	1.0
5	6	14	49	2.0
5	6	16	49	1.0
5	6	17	49	1.0
5	6	21	49	1.0
5	6	31	49	1.0
5	7	7	13	2.0
5	7	7	16	1.0
5	7	7	49	1.0
5	7	8	14	1.0
5	7	8	15	1.0
5	7	8	49	2.0
5	7	9	13	4.0
5	7	9	20	1.0
5	7	10	49	1.0
5	7	13	49	1.0
5	7	14	49	1.0
5	8	5	14	1.0
5	8	7	9	1.0
5	8	7	12	3.0
5	8	7	13	2.0
5	8	7	15	1.0
5	8	7	49	1.0
5	8	8	12	2.0
5	8	8	14	4.0
5	8	8	16	2.0
5	8	8	49	4.0
5	8	9	13	2.0
5	8	9	15	1.0
5	8	12	15	1.0
5	8	13	20	1.0
5	8	13	49	5.0
5	8	14	15	1.0
5	8	14	49	5.0
5	8	15	49	1.0
5	9	5	49	1.0
5	9	6	15	3.0
5	9	6	18	1.0
5	9	7	13	1.0
5	9	7	15	3.0
5	9	7	16	1.0
5	9	7	18	1.0
5	9	7	49	4.0
5	9	8	15	3.0
5	9	8	18	1.0
5	9	8	49	2.0
5	9	14	15	2.0
5	9	14	49	1.0
5	9	15	49	1.0
5	9	16	49	1.0
5	10	4	17	1.0
5	10	5	17	2.0
5	10	6	15	2.0
5	10	6	16	1.0
5	10	6	17	1.0
5	10	7	8	1.0
5	10	7	16	3.0
5	10	7	17	2.0
5	10	7	18	6.0
5	10	7	19	1.0
5	10	8	18	1.0
5	10	8	19	2.0
5	10	8	20	1.0
5	10	8	49	2.0
5	10	14	16	1.0
5	10	15	49	1.0
5	10	16	49	1.0
5	11	3	17	2.0
5	11	4	49	1.0
5	11	5	21	1.0
5	11	5	27	1.0
5	11	6	49	1.0
5	11	7	20	1.0
5	11	8	20	3.0
5	11	8	41	1.0
5	11	8	49	1.0
5	11	19	21	1.0
5	11	21	22	1.0
5	11	21	49	1.0
5	12	4	21	1.0
5	12	5	24	1.0
5	12	5	25	1.0
5	12	6	20	2.0
5	12	6	23	2.0
5	12	6	25	1.0
5	12	8	22	1.0
5	12	8	24	1.0
5	12	8	49	1.0
5	12	20	24	1.0
5	12	20	49	3.0
5	12	21	22	1.0
5	12	22	49	1.0
5	12	44	45	1.0
5	13	4	19	1.0
5	13	4	22	1.0
5	13	4	23	1.0
5	13	6	21	1.0
5	13	6	27	1.0
5	13	8	26	1.0
5	13	11	12	1.0
5	13	19	23	1.0
5	13	19	49	1.0
5	13	20	49	2.0
5	13	21	49	1.0
5	14	3	25	2.0
5	14	4	23	1.0
5	14	5	6	1.0
5	14	5	24	1.0
5	14	5	27	1.0
5	14	5	49	1.0
5	14	6	23	3.0
5	14	6	24	3.0
5	14	6	29	2.0
5	14	7	26	2.0
5	14	8	25	1.0
5	14	19	20	1.0
5	14	22	49	1.0
5	14	23	49	1.0
5	15	2	24	2.0
5	15	3	24	1.0
5	15	6	26	2.0
5	15	7	27	2.0
5	15	8	49	1.0
5	15	23	49	1.0
5	15	26	27	1.0
5	16	2	24	3.0
5	16	3	24	1.0
5	16	5	29	1.0
5	17	4	32	1.0
5	17	4	49	1.0
5	17	5	49	2.0
5	17	8	33	2.0
5	17	28	49	1.0
5	17	29	49	1.0
5	18	2	49	3.0
5	18	3	49	3.0
5	18	4	5	1.0
5	18	4	14	1.0
5	18	5	30	1.0
5	18	7	49	1.0
5	18	27	28	1.0
5	18	27	49	1.0
5	18	28	29	1.0
5	19	27	28	1.0
5	19	27	49	1.0
5	19	31	49	1.0
5	20	3	40	1.0
5	20	29	49	1.0
5	20	30	49	1.0
5	21	5	49	1.0
5	21	34	35	1.0
5	22	5	49	1.0
5	22	8	9	1.0
5	22	38	49	1.0
5	23	8	49	1.0
5	24	2	39	1.0
5	24	3	49	1.0
5	24	35	49	1.0
5	25	39	40	1.0
5	26	3	49	2.0
5	26	35	36	1.0
5	28	2	46	1.0
5	28	2	49	1.0
5	28	3	49	2.0
5	28	4	5	1.0
5	28	4	6	1.0
5	28	4	49	1.0
5	28	6	48	1.0
5	28	7	8	1.0
5	28	8	49	1.0
5	29	6	49	1.0
5	29	39	40	1.0
5	29	41	42	1.0
5	29	46	49	1.0
5	30	7	8	1.0
5	30	8	49	1.0
5	33	3	4	1.0
5	36	2	49	1.0
5	36	3	49	2.0
5	38	2	49	1.0
5	43	4	49	1.0
5	79	2	3	1.0
5	79	2	4	1.0
5	79	4	49	1.0
5	79	7	8	1.0
5	79	7	49	1.0
5	79	8	9	1.0
5	79	8	12	1.0
5	79	8	49	1.0
5	79	9	15	1.0
5	79	9	16	1.0
5	79	9	49	1.0
5	79	10	25	1.0
5	79	10	49	1.0
5	79	11	12	2.0
5	79	11	49	3.0
5	79	12	13	1.0
5	79	12	49	1.0
5	79	13	14	1.0
5	79	13	49	1.0
5	79	14	15	1.0
5	79	14	49	1.0
5	79	15	49	3.0
5	79	16	17	1.0
5	79	16	49	2.0
5	79	17	20	1.0
5	79	17	49	1.0
5	79	18	49	1.0
5	79	19	49	1.0
5	79	21	49	1.0
5	79	34	37	1.0
6	7	5	12	1.0
6	7	8	12	1.0
6	7	9	13	2.0
6	7	9	49	3.0
6	7	10	13	3.0
6	7	10	49	12.0
6	7	11	49	8.0
6	7	12	13	5.0
6	7	12	25	1.0
6	7	13	14	1.0
6	7	13	20	1.0
6	7	14	16	1.0
6	7	17	18	1.0
6	7	23	49	1.0
6	7	26	27	1.0
6	7	26	49	1.0
6	7	28	49	1.0
6	8	7	13	3.0
6	8	8	12	4.0
6	8	8	13	2.0
6	8	9	12	5.0
6	8	9	13	12.0
6	8	9	14	4.0
6	8	9	49	2.0
6	8	10	12	5.0
6	8	10	13	4.0
6	8	10	14	3.0
6	8	10	15	2.0
6	8	10	49	1.0
6	8	13	15	1.0
6	8	13	49	3.0
6	8	14	49	2.0
6	9	7	17	1.0
6	9	8	15	5.0
6	9	8	16	3.0
6	9	8	49	1.0
6	9	9	15	7.0
6	9	9	16	4.0
6	9	9	49	1.0
6	9	10	15	2.0
6	9	10	17	3.0
6	9	10	19	1.0
6	9	10	49	3.0
6	9	14	49	3.0
6	9	15	16	1.0
6	9	15	49	1.0
6	9	16	19	2.0
6	10	6	15	1.0
6	10	6	16	2.0
6	10	6	49	1.0
6	10	7	15	4.0
6	10	7	18	1.0
6	10	7	49	1.0
6	10	8	9	1.0
6	10	8	16	2.0
6	10	8	17	3.0
6	10	8	18	4.0
6	10	9	16	1.0
6	10	9	17	2.0
6	10	9	18	2.0
6	10	9	19	3.0
6	10	9	49	3.0
6	10	10	17	1.0
6	10	15	16	1.0
6	10	15	49	1.0
6	10	17	49	1.0
6	11	5	17	2.0
6	11	6	18	3.0
6	11	7	18	1.0
6	11	8	17	1.0
6	11	8	18	2.0
6	11	8	20	3.0
6	11	9	10	1.0
6	11	9	19	4.0
6	11	9	49	1.0
6	11	10	19	1.0
6	11	16	49	1.0
6	11	17	49	1.0
6	11	18	49	3.0
6	11	20	49	1.0
6	12	5	49	1.0
6	12	7	8	1.0
6	12	7	18	1.0
6	12	7	20	1.0
6	12	7	22	2.0
6	12	8	10	1.0
6	12	8	18	1.0
6	12	8	22	2.0
6	12	9	19	1.0
6	12	9	20	3.0
6	12	9	22	2.0
6	12	9	49	1.0
6	12	10	49	1.0
6	12	17	49	1.0
6	12	19	32	1.0
6	12	19	49	1.0
6	12	20	28	1.0
6	12	23	49	1.0
6	13	2	9	1.0
6	13	4	20	1.0
6	13	4	21	1.0
6	13	4	49	1.0
6	13	6	49	1.0
6	13	7	24	1.0
6	13	7	49	1.0
6	13	8	9	1.0
6	13	8	25	3.0
6	13	9	49	2.0
6	13	10	23	1.0
6	13	19	22	1.0
6	13	21	22	1.0
6	13	23	49	1.0
6	14	4	21	1.0
6	14	4	22	1.0
6	14	4	23	1.0
6	14	4	25	1.0
6	14	6	24	2.0
6	14	6	27	1.0
6	14	7	23	1.0
6	14	7	24	2.0
6	14	8	24	1.0
6	14	22	23	1.0
6	15	2	25	1.0
6	15	4	25	1.0
6	15	7	9	1.0
6	15	7	25	3.0
6	15	8	25	2.0
6	15	8	26	3.0
6	15	9	49	1.0
6	15	22	23	1.0
6	15	23	49	1.0
6	15	27	29	1.0
6	16	2	24	1.0
6	16	2	49	1.0
6	16	3	27	1.0
6	16	6	26	1.0
6	16	7	27	4.0
6	16	7	28	2.0
6	16	8	30	1.0
6	16	26	49	2.0
6	17	3	25	1.0
6	17	4	27	2.0
6	17	5	27	3.0
6	17	7	27	1.0
6	17	8	34	1.0
6	17	28	49	1.0
6	18	2	49	1.0
6	18	4	30	1.0
6	18	5	29	1.0
6	18	6	29	3.0
6	18	7	33	1.0
6	18	30	32	1.0
6	19	7	8	1.0
6	19	7	38	2.0
6	19	7	39	1.0
6	19	22	26	1.0
6	19	26	27	1.0
6	19	33	49	1.0
6	20	6	49	1.0
6	20	7	8	2.0
6	20	7	35	1.0
6	20	8	49	1.0
6	20	29	30	2.0
6	20	30	31	1.0
6	21	2	36	1.0
6	21	4	49	1.0
6	22	2	3	1.0
6	22	46	47	1.0
6	23	5	37	1.0
6	23	31	32	1.0
6	24	2	49	1.0
6	24	31	34	1.0
6	24	42	49	1.0
6	25	4	39	1.0
6	25	4	44	1.0
6	25	8	9	1.0
6	25	9	11	1.0
6	26	7	46	1.0
6	28	37	49	1.0
6	29	2	46	1.0
6	29	8	49	1.0
6	30	38	49	1.0
6	30	44	45	1.0
6	32	6	7	1.0
6	32	9	10	1.0
6	32	44	45	1.0
6	33	6	7	1.0
6	33	10	33	1.0
6	33	46	47	1.0
6	36	9	10	1.0
6	36	10	49	1.0
6	39	12	49	1.0
6	57	3	49	1.0
6	63	13	14	1.0
6	79	4	11	1.0
6	79	4	49	1.0
6	79	6	8	1.0
6	79	7	31	1.0
6	79	8	9	1.0
6	79	8	13	1.0
6	79	8	16	1.0
6	79	8	49	1.0
6	79	9	12	1.0
6	79	9	49	1.0
6	79	10	11	1.0
6	79	10	49	1.0
6	79	11	49	2.0
6	79	12	30	1.0
6	79	13	14	1.0
6	79	13	15	1.0
6	79	13	49	1.0
6	79	14	15	1.0
6	79	15	49	1.0
6	79	16	18	1.0
6	79	16	49	1.0
6	79	18	49	2.0
6	79	19	49	1.0
6	79	21	49	2.0
6	79	22	23	1.0
6	79	22	49	1.0
6	79	26	49	1.0
6	79	31	49	1.0
6	79	34	49	1.0
7	8	2	49	1.0
7	8	9	49	1.0
7	8	10	49	1.0
7	8	11	23	1.0
7	8	11	30	1.0
7	8	11	49	2.0
7	8	12	49	5.0
7	8	13	16	1.0
7	8	13	49	1.0
7	8	14	15	2.0
7	8	15	49	1.0
7	8	16	17	1.0
7	8	16	49	1.0
7	8	17	23	1.0
7	8	18	49	1.0
7	8	19	49	1.0
7	8	20	21	1.0
7	8	21	49	1.0
7	8	34	49	1.0
7	9	6	11	1.0
7	9	10	11	1.0
7	9	10	13	1.0
7	9	10	15	6.0
7	9	10	16	2.0
7	9	10	17	1.0
7	9	10	49	1.0
7	9	11	14	3.0
7	9	11	15	13.0
7	9	11	49	2.0
7	9	14	21	1.0
7	9	14	27	1.0
7	9	15	16	1.0
7	9	15	49	1.0
7	9	19	49	1.0
7	10	8	16	1.0
7	10	9	10	1.0
7	10	9	15	1.0
7	10	9	16	2.0
7	10	9	17	1.0
7	10	9	18	1.0
7	10	9	19	1.0
7	10	10	11	2.0
7	10	10	15	4.0
7	10	10	16	5.0
7	10	10	17	1.0
7	10	10	18	1.0
7	10	10	49	2.0
7	10	11	16	3.0
7	10	11	17	2.0
7	10	16	19	1.0
7	10	16	49	2.0
7	11	6	7	1.0
7	11	7	17	1.0
7	11	7	49	1.0
7	11	8	18	1.0
7	11	9	10	1.0
7	11	9	18	1.0
7	11	9	19	1.0
7	11	9	49	1.0
7	11	10	17	3.0
7	11	10	18	2.0
7	11	10	20	2.0
7	11	10	25	1.0
7	11	11	20	1.0
7	11	16	17	1.0
7	11	17	19	1.0
7	12	4	8	1.0
7	12	6	9	1.0
7	12	8	18	2.0
7	12	8	19	2.0
7	12	8	49	1.0
7	12	9	19	2.0
7	12	9	22	2.0
7	12	10	19	2.0
7	12	10	21	3.0
7	12	16	49	1.0
7	12	18	26	1.0
7	12	19	49	1.0
7	12	20	49	1.0
7	13	6	20	1.0
7	13	7	20	1.0
7	13	8	9	1.0
7	13	8	22	1.0
7	13	9	21	1.0
7	13	10	20	1.0
7	13	15	22	1.0
7	13	19	20	2.0
7	13	19	49	1.0
7	13	22	49	1.0
7	13	23	49	1.0
7	14	7	21	1.0
7	14	8	9	1.0
7	14	8	24	1.0
7	14	8	49	4.0
7	14	9	22	2.0
7	14	9	23	2.0
7	14	9	24	1.0
7	14	20	38	1.0
7	14	21	26	1.0
7	14	21	49	1.0
7	14	22	30	1.0
7	14	22	49	1.0
7	15	6	22	2.0
7	15	6	24	2.0
7	15	6	49	1.0
7	15	7	25	1.0
7	15	8	25	1.0
7	15	8	27	1.0
7	15	10	11	1.0
7	15	10	24	2.0
7	15	10	49	1.0
7	15	21	26	1.0
7	16	7	25	1.0
7	16	7	28	1.0
7	16	10	49	2.0
7	16	25	49	1.0
7	17	3	26	2.0
7	18	2	28	1.0
7	18	6	49	1.0
7	18	7	28	1.0
7	18	7	29	1.0
7	18	25	26	1.0
7	18	28	29	1.0
7	18	31	49	1.0
7	19	2	3	1.0
7	19	3	28	1.0
7	19	6	33	3.0
7	19	7	30	1.0
7	19	7	31	1.0
7	19	8	9	2.0
7	19	8	30	1.0
7	19	8	31	1.0
7	19	28	29	1.0
7	20	4	35	1.0
7	20	10	49	1.0
7	20	30	49	1.0
7	20	37	38	1.0
7	21	2	33	1.0
7	21	5	33	1.0
7	21	7	39	1.0
7	21	9	49	2.0
7	21	10	49	1.0
7	23	4	45	1.0
7	23	4	49	3.0
7	23	7	38	1.0
7	23	9	40	2.0
7	23	11	49	1.0
7	23	31	33	1.0
7	23	36	49	1.0
7	24	7	46	1.0
7	24	36	37	1.0
7	25	10	49	1.0
7	25	39	49	1.0
7	26	3	41	1.0
7	26	4	47	1.0
7	26	43	49	1.0
7	27	6	44	1.0
7	27	7	49	1.0
7	27	42	49	1.0
7	29	10	49	2.0
7	30	42	43	1.0
7	31	4	49	1.0
7	31	44	49	1.0
7	32	7	49	1.0
7	33	5	49	1.0
7	34	8	49	2.0
7	35	9	49	1.0
7	35	46	47	1.0
7	38	10	49	1.0
7	39	5	49	1.0
7	39	8	49	1.0
7	79	2	18	1.0
7	79	4	13	2.0
7	79	7	49	1.0
7	79	11	20	1.0
7	79	12	13	1.0
7	79	13	25	1.0
7	79	13	49	1.0
7	79	15	49	1.0
7	79	16	17	1.0
7	79	16	49	2.0
7	79	18	19	1.0
7	79	18	49	1.0
7	79	21	49	1.0
7	79	23	24	1.0
7	79	24	25	1.0
7	79	26	27	1.0
8	9	11	13	1.0
8	9	11	14	7.0
8	9	11	15	1.0
8	9	14	15	1.0
8	9	14	49	2.0
8	9	15	16	1.0
8	9	15	49	1.0
8	9	16	17	1.0
8	9	18	49	1.0
8	9	20	21	1.0
8	9	27	49	1.0
8	10	8	12	1.0
8	10	8	49	1.0
8	10	9	15	1.0
8	10	10	11	1.0
8	10	10	15	5.0
8	10	11	14	3.0
8	10	11	16	13.0
8	10	11	49	3.0
8	10	12	13	2.0
8	10	12	14	1.0
8	10	12	15	7.0
8	10	12	49	1.0
8	10	14	15	3.0
8	10	14	49	1.0
8	10	16	17	1.0
8	10	16	49	2.0
8	11	10	17	4.0
8	11	10	18	1.0
8	11	11	17	1.0
8	11	11	18	3.0
8	11	12	18	2.0
8	11	12	49	3.0
8	11	16	49	1.0
8	11	17	49	2.0
8	11	21	49	1.0
8	12	8	18	1.0
8	12	9	11	1.0
8	12	9	18	1.0
8	12	9	19	3.0
8	12	9	20	1.0
8	12	10	17	1.0
8	12	10	18	3.0
8	12	10	21	1.0
8	12	10	49	3.0
8	12	11	17	1.0
8	12	11	18	3.0
8	12	11	19	2.0
8	12	11	20	1.0
8	12	11	49	4.0
8	12	12	49	1.0
8	12	17	49	1.0
8	12	18	49	1.0
8	12	19	49	1.0
8	12	20	49	1.0
8	13	8	18	2.0
8	13	8	20	1.0
8	13	9	19	1.0
8	13	9	20	2.0
8	13	9	21	1.0
8	13	10	19	2.0
8	13	10	20	2.0
8	13	10	21	4.0
8	13	10	23	2.0
8	13	10	49	4.0
8	13	11	20	3.0
8	13	11	21	4.0
8	13	11	49	1.0
8	13	18	19	2.0
8	13	20	21	2.0
8	13	23	24	1.0
8	14	8	13	1.0
8	14	8	20	1.0
8	14	8	21	1.0
8	14	8	22	1.0
8	14	8	49	1.0
8	14	10	22	1.0
8	14	10	23	2.0
8	14	10	24	1.0
8	14	11	22	3.0
8	14	11	23	1.0
8	14	11	25	1.0
8	14	20	49	1.0
8	14	22	49	1.0
8	15	5	23	1.0
8	15	6	22	1.0
8	15	7	22	2.0
8	15	9	10	1.0
8	15	9	49	1.0
8	15	10	26	1.0
8	15	12	49	1.0
8	15	21	49	1.0
8	15	24	49	1.0
8	16	6	49	2.0
8	16	7	25	1.0
8	16	8	25	1.0
8	16	8	26	1.0
8	16	9	25	2.0
8	16	9	26	2.0
8	16	10	30	1.0
8	16	10	49	1.0
8	16	11	49	2.0
8	16	27	28	1.0
8	17	5	25	1.0
8	17	7	49	1.0
8	17	9	27	1.0
8	17	11	29	1.0
8	17	26	49	1.0
8	18	4	29	1.0
8	18	7	26	1.0
8	18	8	31	1.0
8	18	9	27	1.0
8	18	24	49	1.0
8	19	6	27	1.0
8	19	6	28	1.0
8	19	8	34	2.0
8	19	10	32	1.0
8	19	11	49	1.0
8	20	6	31	1.0
8	20	6	33	1.0
8	21	3	28	1.0
8	21	5	33	1.0
8	21	5	37	1.0
8	21	5	49	1.0
8	21	9	32	1.0
8	21	10	34	2.0
8	21	27	28	1.0
8	21	28	29	1.0
8	22	2	32	1.0
8	22	5	38	1.0
8	22	32	49	1.0
8	22	33	49	1.0
8	23	7	49	1.0
8	23	8	49	1.0
8	23	11	49	1.0
8	24	2	31	1.0
8	24	3	36	1.0
8	24	4	37	1.0
8	24	5	37	2.0
8	24	6	49	1.0
8	24	9	42	1.0
8	24	33	34	1.0
8	24	35	49	1.0
8	25	2	35	1.0
8	25	11	12	1.0
8	25	37	49	1.0
8	26	9	14	1.0
8	27	36	49	1.0
8	28	2	48	1.0
8	30	4	48	1.0
8	30	41	49	2.0
8	30	42	49	1.0
8	32	2	49	1.0
8	32	5	49	1.0
8	34	7	49	1.0
8	42	44	45	1.0
8	79	9	10	1.0
8	79	9	26	1.0
8	79	11	12	1.0
8	79	11	23	1.0
8	79	12	18	1.0
8	79	13	49	1.0
8	79	15	49	1.0
8	79	16	49	1.0
8	79	17	18	1.0
8	79	19	20	1.0
8	79	21	22	1.0
8	79	21	49	2.0
8	79	31	32	1.0
8	79	31	49	1.0
9	10	6	24	1.0
9	10	12	15	1.0
9	10	12	16	4.0
9	10	13	14	3.0
9	10	13	15	9.0
9	10	13	49	5.0
9	10	14	15	2.0
9	10	14	49	2.0
9	10	15	16	1.0
9	10	15	18	1.0
9	10	15	49	3.0
9	10	16	17	1.0
9	10	16	49	1.0
9	10	24	49	1.0
9	10	29	49	1.0
9	11	9	11	1.0
9	11	11	16	1.0
9	11	11	18	2.0
9	11	12	17	4.0
9	11	12	18	1.0
9	11	13	17	5.0
9	11	13	19	1.0
9	11	13	49	2.0
9	11	16	49	2.0
9	11	17	49	1.0
9	11	22	49	1.0
9	12	10	13	1.0
9	12	10	18	4.0
9	12	11	18	2.0
9	12	11	19	2.0
9	12	12	17	4.0
9	12	12	18	3.0
9	12	12	19	3.0
9	12	12	49	1.0
9	12	13	14	1.0
9	12	13	17	1.0
9	12	13	18	1.0
9	12	13	19	1.0
9	12	13	20	2.0
9	12	13	49	2.0
9	12	14	19	1.0
9	12	17	18	1.0
9	12	19	49	1.0
9	13	10	19	1.0
9	13	10	20	1.0
9	13	10	21	3.0
9	13	11	12	1.0
9	13	11	18	2.0
9	13	11	20	7.0
9	13	11	21	2.0
9	13	12	20	4.0
9	13	12	21	1.0
9	13	13	19	1.0
9	13	13	23	3.0
9	13	19	20	1.0
9	13	19	49	3.0
9	13	21	38	1.0
9	13	21	49	2.0
9	14	9	22	1.0
9	14	10	11	1.0
9	14	10	21	1.0
9	14	10	22	4.0
9	14	11	12	2.0
9	14	11	22	1.0
9	14	11	49	6.0
9	14	12	20	1.0
9	14	12	23	2.0
9	14	12	24	1.0
9	14	12	49	1.0
9	14	13	49	2.0
9	14	21	22	1.0
9	14	21	49	1.0
9	14	22	24	1.0
9	15	10	22	1.0
9	15	11	21	1.0
9	15	11	23	1.0
9	15	12	26	1.0
9	15	13	25	1.0
9	15	13	26	3.0
9	15	13	49	1.0
9	15	21	23	1.0
9	15	23	49	1.0
9	15	26	27	1.0
9	16	6	25	1.0
9	16	7	24	1.0
9	16	8	9	2.0
9	16	10	27	1.0
9	16	11	12	1.0
9	16	11	47	1.0
9	16	11	49	1.0
9	16	12	15	1.0
9	16	12	28	2.0
9	16	12	49	1.0
9	16	13	15	1.0
9	16	13	25	1.0
9	16	22	49	1.0
9	16	23	24	1.0
9	17	7	25	1.0
9	17	8	11	1.0
9	17	8	22	1.0
9	17	10	26	2.0
9	17	11	49	2.0
9	17	12	28	1.0
9	17	22	25	1.0
9	17	23	49	1.0
9	18	5	28	1.0
9	18	10	11	2.0
9	18	12	29	1.0
9	18	14	49	1.0
9	18	29	49	1.0
9	19	7	29	1.0
9	19	11	31	1.0
9	19	26	49	1.0
9	19	30	31	1.0
9	19	31	49	1.0
9	20	6	28	1.0
9	20	6	32	1.0
9	20	7	28	1.0
9	20	9	49	2.0
9	20	16	30	1.0
9	20	27	28	2.0
9	20	30	49	1.0
9	21	6	36	1.0
9	21	9	31	1.0
9	21	9	32	1.0
9	21	11	36	1.0
9	21	28	29	1.0
9	21	28	49	1.0
9	21	30	49	1.0
9	22	4	5	1.0
9	22	4	34	2.0
9	22	4	49	2.0
9	22	6	34	1.0
9	22	10	49	1.0
9	22	11	40	2.0
9	23	10	41	1.0
9	23	11	41	1.0
9	23	34	35	1.0
9	24	28	33	1.0
9	25	2	34	1.0
9	25	34	49	1.0
9	25	37	38	1.0
9	26	4	42	1.0
9	26	8	49	2.0
9	26	9	49	1.0
9	26	34	35	1.0
9	26	36	49	2.0
9	27	11	49	1.0
9	27	39	49	1.0
9	28	8	45	1.0
9	28	37	49	1.0
9	28	38	39	1.0
9	28	45	46	1.0
9	28	46	49	1.0
9	29	2	41	1.0
9	29	3	46	1.0
9	29	4	49	1.0
9	29	5	49	1.0
9	29	6	48	1.0
9	30	6	49	1.0
9	30	9	49	1.0
9	32	48	49	1.0
9	33	10	49	2.0
9	34	17	49	1.0
9	36	11	16	1.0
9	37	4	49	1.0
9	44	12	49	1.0
9	47	6	7	1.0
9	50	6	49	1.0
9	51	3	6	1.0
9	79	3	36	1.0
9	79	12	14	2.0
9	79	12	49	1.0
9	79	14	15	1.0
9	79	15	49	1.0
9	79	16	17	2.0
9	79	16	49	2.0
9	79	19	20	1.0
9	79	19	49	1.0
9	79	20	49	1.0
9	79	22	23	1.0
9	79	22	49	1.0
9	79	23	49	1.0
9	79	27	28	1.0
9	79	29	49	1.0
9	79	33	49	1.0
10	11	12	16	1.0
10	11	13	16	2.0
10	11	13	17	3.0
10	11	14	15	3.0
10	11	14	16	3.0
10	11	14	17	1.0
10	11	14	18	1.0
10	11	14	24	1.0
10	11	16	17	2.0
10	11	16	49	1.0
10	11	17	49	1.0
10	11	21	49	1.0
10	11	22	23	1.0
10	11	34	49	1.0
10	11	35	36	1.0
10	11	46	47	1.0
10	12	11	12	1.0
10	12	11	49	2.0
10	12	12	18	2.0
10	12	13	17	2.0
10	12	13	18	8.0
10	12	13	19	3.0
10	12	14	15	2.0
10	12	14	18	3.0
10	12	14	49	3.0
10	12	15	19	1.0
10	12	17	49	1.0
10	12	18	49	3.0
10	13	5	13	1.0
10	13	12	18	1.0
10	13	12	49	2.0
10	13	13	18	1.0
10	13	13	19	2.0
10	13	13	21	3.0
10	13	13	49	1.0
10	13	14	18	1.0
10	13	14	19	2.0
10	13	14	20	1.0
10	13	14	21	1.0
10	13	14	22	2.0
10	13	15	19	1.0
10	13	18	49	2.0
10	13	19	20	1.0
10	13	19	49	1.0
10	13	20	49	1.0
10	14	4	12	1.0
10	14	10	23	1.0
10	14	11	21	3.0
10	14	11	22	1.0
10	14	12	21	2.0
10	14	12	22	1.0
10	14	12	23	1.0
10	14	12	49	1.0
10	14	13	15	1.0
10	14	13	19	1.0
10	14	13	20	1.0
10	14	13	21	3.0
10	14	13	22	1.0
10	14	13	49	1.0
10	14	16	19	1.0
10	14	19	35	1.0
10	14	20	49	1.0
10	14	22	23	1.0
10	14	22	49	1.0
10	15	9	49	1.0
10	15	11	23	1.0
10	15	11	24	2.0
10	15	12	13	1.0
10	15	12	21	1.0
10	15	12	22	5.0
10	15	12	49	1.0
10	15	13	14	2.0
10	15	13	21	1.0
10	15	13	22	1.0
10	15	13	23	1.0
10	15	14	23	2.0
10	15	18	49	1.0
10	15	21	49	2.0
10	15	22	49	1.0
10	16	2	21	1.0
10	16	9	25	1.0
10	16	10	25	1.0
10	16	11	23	1.0
10	16	12	23	1.0
10	16	12	26	1.0
10	16	13	14	1.0
10	16	14	49	1.0
10	16	22	49	1.0
10	16	24	49	1.0
10	17	9	25	1.0
10	17	10	11	1.0
10	17	10	25	1.0
10	17	10	26	1.0
10	17	10	49	1.0
10	17	11	13	1.0
10	17	11	24	1.0
10	17	11	25	1.0
10	17	13	14	1.0
10	17	13	29	1.0
10	17	16	49	1.0
10	17	22	23	1.0
10	17	23	24	1.0
10	17	24	25	1.0
10	17	27	28	1.0
10	17	28	49	1.0
10	18	9	27	1.0
10	18	9	30	1.0
10	18	10	32	1.0
10	18	31	49	1.0
10	19	28	49	1.0
10	20	6	29	1.0
10	20	9	30	2.0
10	20	10	36	2.0
10	20	11	31	2.0
10	20	28	29	1.0
10	20	28	49	1.0
10	21	8	35	1.0
10	21	10	33	1.0
10	21	11	33	1.0
10	21	11	40	1.0
10	21	35	36	1.0
10	22	10	33	1.0
10	22	34	49	1.0
10	22	36	49	1.0
10	22	39	40	1.0
10	23	4	31	1.0
10	23	5	31	1.0
10	23	7	39	1.0
10	23	8	36	1.0
10	23	12	49	1.0
10	23	13	49	1.0
10	23	33	34	1.0
10	23	34	49	1.0
10	24	3	34	1.0
10	24	9	37	1.0
10	24	12	49	1.0
10	24	13	43	2.0
10	25	6	49	1.0
10	25	9	49	1.0
10	25	10	49	1.0
10	25	11	41	1.0
10	25	11	49	1.0
10	25	38	49	1.0
10	26	9	41	1.0
10	26	9	46	1.0
10	26	45	46	1.0
10	27	6	7	1.0
10	28	6	43	1.0
10	28	44	49	1.0
10	29	42	43	1.0
10	31	9	49	2.0
10	32	44	49	1.0
10	32	45	49	1.0
10	33	2	49	1.0
10	34	2	49	1.0
10	38	5	49	2.0
10	39	11	24	1.0
10	41	9	49	1.0
10	42	2	49	1.0
10	42	8	9	1.0
10	42	8	49	1.0
10	46	19	23	1.0
10	47	4	49	1.0
10	49	6	7	1.0
10	57	11	12	1.0
10	57	12	13	1.0
10	67	2	49	1.0
10	67	14	49	1.0
10	71	14	49	1.0
10	79	10	19	1.0
10	79	12	49	1.0
10	79	14	49	1.0
10	79	17	49	1.0
10	79	19	49	1.0
10	79	20	49	1.0
10	79	21	49	1.0
10	79	23	49	2.0
10	79	24	49	1.0
10	79	25	26	1.0
10	79	25	49	1.0
10	79	27	28	1.0
10	79	27	30	1.0
10	79	27	49	1.0
10	79	34	49	1.0
11	12	11	15	1.0
11	12	12	17	1.0
11	12	12	49	1.0
11	12	14	15	2.0
11	12	14	17	1.0
11	12	14	18	2.0
11	12	14	19	1.0
11	12	14	49	1.0
11	12	15	17	4.0
11	12	15	18	6.0
11	12	15	28	1.0
11	12	15	49	1.0
11	12	16	17	2.0
11	12	16	49	1.0
11	12	17	18	1.0
11	12	17	49	2.0
11	12	18	19	1.0
11	12	18	49	2.0
11	12	19	25	2.0
11	12	20	21	1.0
11	12	23	49	1.0
11	12	25	49	1.0
11	12	26	31	1.0
11	13	3	15	1.0
11	13	8	19	1.0
11	13	13	14	1.0
11	13	14	15	2.0
11	13	14	17	1.0
11	13	14	18	2.0
11	13	14	19	6.0
11	13	14	20	3.0
11	13	14	49	3.0
11	13	15	16	2.0
11	13	15	19	5.0
11	13	15	20	2.0
11	13	15	49	1.0
11	13	16	49	1.0
11	13	18	19	1.0
11	13	18	49	1.0
11	13	19	49	3.0
11	13	20	21	1.0
11	13	20	49	4.0
11	14	2	15	1.0
11	14	12	14	1.0
11	14	12	21	1.0
11	14	13	49	1.0
11	14	14	19	2.0
11	14	14	21	11.0
11	14	14	22	7.0
11	14	14	49	4.0
11	14	15	19	1.0
11	14	15	20	5.0
11	14	15	21	8.0
11	14	15	22	2.0
11	14	15	49	2.0
11	14	16	20	1.0
11	15	13	22	1.0
11	15	14	21	1.0
11	15	14	22	9.0
11	15	14	23	3.0
11	15	15	21	1.0
11	15	15	22	1.0
11	15	15	23	2.0
11	15	15	24	1.0
11	15	19	21	1.0
11	15	21	49	1.0
11	15	25	49	1.0
11	16	8	23	1.0
11	16	11	23	1.0
11	16	12	24	1.0
11	16	13	24	2.0
11	16	13	25	1.0
11	16	14	15	1.0
11	16	14	24	1.0
11	16	14	25	4.0
11	16	14	26	1.0
11	16	14	49	1.0
11	16	15	23	1.0
11	16	15	24	2.0
11	16	21	22	1.0
11	16	21	49	2.0
11	16	23	25	1.0
11	16	23	31	1.0
11	16	23	32	1.0
11	16	23	49	1.0
11	16	24	25	1.0
11	17	6	14	1.0
11	17	9	25	3.0
11	17	12	25	1.0
11	17	13	25	1.0
11	17	14	25	1.0
11	17	14	26	1.0
11	17	15	26	2.0
11	17	25	26	1.0
11	18	9	10	1.0
11	18	11	29	2.0
11	18	14	27	1.0
11	18	14	28	1.0
11	18	14	49	2.0
11	18	15	27	2.0
11	18	15	32	1.0
11	18	24	25	1.0
11	19	8	9	1.0
11	19	8	28	1.0
11	19	9	29	2.0
11	19	9	49	1.0
11	19	26	27	1.0
11	20	7	29	1.0
11	20	8	29	1.0
11	20	10	29	1.0
11	20	10	30	1.0
11	20	11	29	1.0
11	20	12	31	1.0
11	20	14	49	1.0
11	21	10	12	1.0
11	21	11	32	2.0
11	21	12	37	1.0
11	21	14	32	1.0
11	21	31	49	1.0
11	22	12	49	1.0
11	22	13	34	1.0
11	22	30	49	1.0
11	23	6	49	1.0
11	23	12	49	1.0
11	23	13	42	1.0
11	24	6	49	1.0
11	24	10	40	1.0
11	24	10	45	1.0
11	24	11	45	2.0
11	24	12	37	1.0
11	24	31	32	1.0
11	24	39	49	2.0
11	25	3	7	1.0
11	25	7	49	1.0
11	25	13	49	1.0
11	25	29	36	1.0
11	26	7	36	1.0
11	26	13	14	1.0
11	27	8	49	2.0
11	27	9	49	1.0
11	27	40	49	1.0
11	27	45	49	2.0
11	28	9	49	2.0
11	28	39	40	1.0
11	29	9	45	1.0
11	29	9	46	1.0
11	29	42	49	1.0
11	30	9	45	1.0
11	30	9	46	1.0
11	32	8	9	1.0
11	32	9	49	1.0
11	33	47	49	1.0
11	34	8	49	1.0
11	34	9	10	1.0
11	36	8	14	1.0
11	37	9	49	1.0
11	39	9	10	1.0
11	40	11	49	1.0
11	41	5	12	1.0
11	79	11	26	1.0
11	79	14	23	1.0
11	79	15	16	1.0
11	79	16	17	3.0
11	79	17	49	2.0
11	79	19	20	1.0
11	79	20	25	1.0
11	79	20	49	2.0
11	79	21	22	1.0
11	79	23	49	1.0
12	13	5	49	1.0
12	13	14	18	1.0
12	13	15	16	1.0
12	13	16	17	3.0
12	13	16	18	4.0
12	13	16	19	3.0
12	13	16	49	1.0
12	13	17	18	7.0
12	13	17	19	2.0
12	13	17	20	1.0
12	13	17	49	1.0
12	13	18	20	1.0
12	13	18	49	1.0
12	13	19	49	2.0
12	13	24	25	1.0
12	13	27	49	1.0
12	13	30	49	1.0
12	13	31	49	1.0
12	13	44	45	1.0
12	14	15	20	10.0
12	14	15	49	1.0
12	14	16	17	2.0
12	14	16	19	4.0
12	14	16	20	13.0
12	14	16	21	14.0
12	14	16	49	2.0
12	14	18	19	1.0
12	14	19	49	1.0
12	14	20	21	2.0
12	14	20	49	1.0
12	14	21	49	1.0
12	15	13	22	1.0
12	15	14	15	1.0
12	15	14	21	3.0
12	15	14	22	4.0
12	15	15	21	3.0
12	15	15	22	5.0
12	15	15	23	6.0
12	15	15	49	1.0
12	15	16	17	1.0
12	15	16	22	3.0
12	15	16	23	1.0
12	15	16	24	1.0
12	15	17	23	1.0
12	16	7	22	1.0
12	16	14	15	1.0
12	16	14	23	1.0
12	16	14	25	2.0
12	16	14	49	1.0
12	16	15	24	1.0
12	16	15	49	1.0
12	16	16	24	1.0
12	16	16	49	1.0
12	16	21	23	1.0
12	16	22	49	1.0
12	16	23	24	1.0
12	17	13	24	1.0
12	17	13	25	1.0
12	17	14	25	2.0
12	17	14	26	1.0
12	17	14	27	1.0
12	17	14	49	1.0
12	17	15	24	1.0
12	17	15	25	1.0
12	17	15	49	1.0
12	17	16	24	1.0
12	17	16	25	1.0
12	17	16	26	1.0
12	17	17	22	1.0
12	17	17	23	1.0
12	17	25	49	1.0
12	18	14	26	1.0
12	18	15	27	2.0
12	18	15	28	1.0
12	18	15	49	1.0
12	18	16	49	1.0
12	18	23	27	1.0
12	19	9	27	1.0
12	19	10	11	1.0
12	19	11	25	1.0
12	19	11	27	1.0
12	19	11	49	1.0
12	19	12	25	1.0
12	19	13	27	1.0
12	19	13	28	2.0
12	19	14	27	1.0
12	19	15	30	1.0
12	19	15	31	1.0
12	19	16	29	2.0
12	19	18	27	1.0
12	19	26	49	1.0
12	19	27	28	1.0
12	20	10	15	1.0
12	20	11	49	1.0
12	20	12	27	1.0
12	20	12	31	1.0
12	20	13	35	1.0
12	20	17	32	1.0
12	20	26	27	1.0
12	20	28	29	1.0
12	21	9	29	1.0
12	21	12	31	1.0
12	21	12	32	1.0
12	21	12	35	1.0
12	21	12	37	1.0
12	21	13	35	1.0
12	21	13	36	1.0
12	21	14	33	3.0
12	21	30	49	1.0
12	22	8	33	1.0
12	22	12	35	1.0
12	22	14	15	1.0
12	22	14	32	2.0
12	22	14	33	1.0
12	22	14	34	1.0
12	22	14	49	1.0
12	22	15	49	1.0
12	22	28	49	1.0
12	22	29	30	1.0
12	22	31	39	1.0
12	22	31	49	1.0
12	22	37	49	1.0
12	23	10	36	1.0
12	23	10	37	1.0
12	23	11	36	1.0
12	23	11	37	1.0
12	23	12	32	1.0
12	23	14	16	1.0
12	23	15	22	1.0
12	23	15	36	1.0
12	23	32	49	1.0
12	23	33	49	3.0
12	23	36	49	1.0
12	23	37	38	1.0
12	24	9	39	1.0
12	24	11	12	1.0
12	24	11	33	1.0
12	24	34	49	1.0
12	24	38	39	1.0
12	25	8	37	1.0
12	25	9	36	1.0
12	25	39	49	1.0
12	26	10	49	1.0
12	26	13	43	2.0
12	26	13	44	1.0
12	28	4	38	2.0
12	28	7	49	2.0
12	28	14	49	1.0
12	29	2	44	1.0
12	29	10	49	1.0
12	29	11	49	1.0
12	29	12	13	1.0
12	29	15	49	1.0
12	29	35	42	1.0
12	29	43	49	1.0
12	30	9	49	1.0
12	30	10	49	1.0
12	31	13	49	5.0
12	31	43	49	1.0
12	32	3	49	1.0
12	32	7	47	1.0
12	33	4	15	1.0
12	34	42	46	1.0
12	34	42	49	1.0
12	35	14	15	1.0
12	37	42	47	1.0
12	39	15	49	1.0
12	40	10	11	1.0
12	40	11	49	1.0
12	41	6	16	1.0
12	43	6	49	1.0
12	43	12	13	1.0
12	44	5	49	1.0
12	44	16	17	1.0
12	46	15	29	1.0
12	51	5	49	1.0
12	69	12	49	1.0
12	73	22	49	1.0
12	79	13	49	1.0
12	79	16	49	1.0
12	79	17	18	1.0
12	79	18	49	1.0
12	79	20	21	1.0
12	79	20	49	1.0
12	79	21	22	1.0
12	79	21	49	1.0
12	79	22	23	1.0
12	79	22	24	1.0
12	79	27	28	1.0
12	79	30	31	1.0
12	79	37	38	1.0
13	14	16	17	1.0
13	14	16	19	1.0
13	14	16	49	1.0
13	14	17	18	1.0
13	14	17	19	9.0
13	14	17	20	1.0
13	14	17	21	2.0
13	14	17	24	1.0
13	14	17	49	3.0
13	14	18	19	5.0
13	14	18	49	1.0
13	14	19	22	1.0
13	14	19	49	1.0
13	14	20	49	1.0
13	14	25	26	1.0
13	14	31	49	1.0
13	14	33	49	1.0
13	14	40	48	1.0
13	15	14	21	1.0
13	15	16	20	3.0
13	15	16	21	7.0
13	15	17	20	3.0
13	15	17	21	6.0
13	15	17	22	2.0
13	15	17	49	1.0
13	15	18	20	1.0
13	15	18	21	3.0
13	15	18	49	1.0
13	15	21	49	2.0
13	16	15	22	1.0
13	16	16	17	2.0
13	16	16	21	1.0
13	16	16	22	3.0
13	16	16	23	4.0
13	16	16	49	1.0
13	16	17	18	2.0
13	16	17	22	4.0
13	16	17	23	7.0
13	16	22	23	1.0
13	16	24	29	1.0
13	17	13	24	1.0
13	17	15	24	1.0
13	17	15	49	1.0
13	17	16	25	4.0
13	17	16	49	1.0
13	17	17	24	1.0
13	17	17	25	1.0
13	17	23	49	1.0
13	17	24	25	1.0
13	17	24	49	2.0
13	17	25	49	1.0
13	18	13	25	1.0
13	18	14	25	1.0
13	18	17	26	1.0
13	18	17	49	1.0
13	18	26	27	1.0
13	19	12	27	1.0
13	19	13	14	1.0
13	19	14	29	1.0
13	19	14	30	1.0
13	19	14	49	3.0
13	19	15	18	1.0
13	19	15	29	1.0
13	19	16	30	2.0
13	19	16	49	1.0
13	19	17	18	1.0
13	19	17	20	1.0
13	19	20	49	1.0
13	19	27	28	1.0
13	19	28	49	1.0
13	20	13	29	1.0
13	20	14	30	1.0
13	20	14	49	1.0
13	20	15	16	3.0
13	20	16	17	1.0
13	20	16	32	1.0
13	20	16	49	1.0
13	20	26	27	1.0
13	21	9	10	1.0
13	21	14	30	1.0
13	21	15	34	1.0
13	21	16	17	1.0
13	21	16	33	1.0
13	21	16	34	1.0
13	21	16	49	1.0
13	21	17	33	1.0
13	21	30	49	1.0
13	21	33	34	1.0
13	22	9	31	2.0
13	22	13	32	1.0
13	22	13	33	1.0
13	22	16	33	1.0
13	22	17	33	1.0
13	22	28	29	1.0
13	22	29	49	1.0
13	22	32	49	1.0
13	23	8	30	1.0
13	23	9	33	1.0
13	23	13	33	2.0
13	23	13	34	1.0
13	23	13	39	1.0
13	23	15	36	1.0
13	23	34	35	1.0
13	24	9	49	1.0
13	24	13	40	1.0
13	24	14	15	1.0
13	24	14	36	2.0
13	24	16	36	1.0
13	24	17	39	1.0
13	25	13	49	1.0
13	25	14	49	2.0
13	25	16	49	1.0
13	25	17	49	1.0
13	26	12	39	1.0
13	26	13	38	1.0
13	26	14	49	1.0
13	26	17	18	1.0
13	27	11	12	1.0
13	27	11	49	1.0
13	27	12	39	1.0
13	27	12	44	2.0
13	27	13	43	1.0
13	27	35	36	1.0
13	27	35	49	1.0
13	28	14	44	1.0
13	28	17	18	1.0
13	28	39	40	1.0
13	28	40	49	1.0
13	29	6	40	1.0
13	29	16	49	1.0
13	30	45	48	1.0
13	31	3	41	1.0
13	31	4	41	1.0
13	31	12	49	1.0
13	31	13	48	1.0
13	31	41	42	1.0
13	31	46	47	1.0
13	32	6	12	1.0
13	33	5	47	1.0
13	33	6	47	1.0
13	33	11	49	1.0
13	34	8	49	1.0
13	34	10	11	1.0
13	34	43	49	1.0
13	35	5	6	1.0
13	35	6	49	1.0
13	35	9	10	1.0
13	37	9	10	1.0
13	38	2	4	1.0
13	38	9	49	1.0
13	40	14	15	1.0
13	44	11	12	1.0
13	48	6	7	2.0
13	48	12	49	1.0
13	55	13	49	1.0
13	66	12	49	1.0
13	79	16	17	1.0
13	79	16	19	1.0
13	79	17	18	1.0
13	79	19	20	1.0
13	79	20	49	1.0
13	79	24	25	1.0
13	79	24	49	1.0
13	79	26	27	1.0
13	79	28	31	1.0
13	79	28	49	1.0
14	15	17	20	1.0
14	15	18	20	2.0
14	15	18	21	1.0
14	15	18	22	2.0
14	15	18	49	2.0
14	15	19	21	6.0
14	15	19	49	2.0
14	15	20	21	1.0
14	15	21	23	1.0
14	15	23	24	2.0
14	15	43	44	1.0
14	16	17	22	1.0
14	16	18	22	3.0
14	16	18	23	3.0
14	16	19	22	1.0
14	16	21	22	1.0
14	16	22	49	1.0
14	16	24	49	1.0
14	16	28	32	1.0
14	17	15	23	1.0
14	17	16	23	1.0
14	17	17	24	3.0
14	17	17	25	2.0
14	17	17	49	1.0
14	17	18	24	1.0
14	17	25	26	1.0
14	17	25	49	1.0
14	17	26	27	1.0
14	18	15	24	1.0
14	18	15	25	3.0
14	18	15	26	1.0
14	18	16	17	1.0
14	18	18	19	1.0
14	18	18	49	1.0
14	18	24	49	1.0
14	19	16	29	2.0
14	19	17	27	1.0
14	19	17	29	1.0
14	19	18	19	1.0
14	19	18	49	1.0
14	19	25	49	1.0
14	19	26	27	1.0
14	19	26	49	1.0
14	20	14	27	1.0
14	20	14	49	1.0
14	20	15	28	1.0
14	20	16	29	2.0
14	20	17	49	1.0
14	20	18	20	1.0
14	20	26	27	1.0
14	20	28	49	1.0
14	20	29	30	1.0
14	20	30	49	1.0
14	20	31	49	1.0
14	21	13	14	1.0
14	21	15	30	2.0
14	21	15	49	1.0
14	21	16	31	2.0
14	21	16	32	2.0
14	21	16	35	1.0
14	21	24	30	1.0
14	21	28	49	2.0
14	21	29	31	1.0
14	21	29	49	1.0
14	22	12	32	2.0
14	22	15	49	2.0
14	22	16	17	1.0
14	22	16	33	1.0
14	22	18	34	1.0
14	22	18	49	1.0
14	22	29	49	1.0
14	22	34	36	1.0
14	23	11	31	1.0
14	23	13	31	1.0
14	23	13	49	1.0
14	23	17	18	1.0
14	23	17	36	1.0
14	23	33	34	1.0
14	24	13	49	1.0
14	24	19	36	1.0
14	24	32	33	1.0
14	24	34	37	1.0
14	24	38	39	1.0
14	25	13	35	2.0
14	25	14	36	3.0
14	25	15	38	1.0
14	25	16	17	1.0
14	25	16	38	2.0
14	25	17	49	2.0
14	25	18	19	1.0
14	26	11	13	1.0
14	26	17	18	1.0
14	26	37	38	1.0
14	26	38	49	2.0
14	27	10	16	1.0
14	27	11	39	1.0
14	27	16	17	1.0
14	27	17	18	1.0
14	27	35	39	1.0
14	27	35	49	1.0
14	27	36	37	1.0
14	27	36	49	3.0
14	27	40	41	1.0
14	28	13	14	1.0
14	28	14	49	1.0
14	28	15	16	1.0
14	28	15	49	1.0
14	29	13	14	1.0
14	29	13	49	1.0
14	29	35	36	1.0
14	30	9	49	1.0
14	31	7	8	1.0
14	31	7	49	1.0
14	32	15	16	1.0
14	33	8	49	1.0
14	34	3	48	1.0
14	36	16	49	2.0
14	40	15	49	1.0
14	47	11	16	1.0
14	54	15	49	1.0
14	55	7	9	1.0
14	63	13	49	1.0
14	71	10	11	1.0
14	79	18	19	1.0
14	79	18	26	1.0
14	79	18	49	1.0
14	79	21	49	1.0
14	79	24	49	1.0
14	79	27	49	1.0
14	79	29	30	1.0
14	79	36	37	1.0
15	16	6	49	1.0
15	16	10	49	1.0
15	16	15	17	1.0
15	16	19	22	1.0
15	16	20	22	2.0
15	16	21	49	1.0
15	16	22	23	1.0
15	16	30	49	1.0
15	17	18	23	2.0
15	17	18	24	1.0
15	17	19	22	1.0
15	17	20	24	1.0
15	17	24	49	1.0
15	18	14	24	1.0
15	18	16	24	1.0
15	18	19	24	2.0
15	18	20	49	1.0
15	18	23	49	1.0
15	18	24	49	1.0
15	18	26	49	1.0
15	19	18	26	1.0
15	19	18	29	1.0
15	19	19	26	1.0
15	19	19	49	1.0
15	19	25	26	2.0
15	19	26	27	1.0
15	20	16	29	1.0
15	20	17	27	3.0
15	20	18	28	1.0
15	20	18	29	4.0
15	20	19	49	1.0
15	21	15	49	1.0
15	21	16	29	1.0
15	21	16	30	1.0
15	21	17	49	1.0
15	21	18	30	1.0
15	21	18	31	1.0
15	21	18	32	1.0
15	21	18	49	1.0
15	21	19	31	1.0
15	21	27	49	1.0
15	21	28	49	3.0
15	21	29	33	1.0
15	21	31	49	1.0
15	22	18	31	2.0
15	22	18	32	1.0
15	22	31	49	2.0
15	23	16	32	2.0
15	23	17	32	2.0
15	23	18	20	1.0
15	23	19	34	2.0
15	23	19	49	1.0
15	23	32	33	1.0
15	23	32	49	1.0
15	24	14	15	1.0
15	24	14	49	1.0
15	24	15	49	2.0
15	24	16	34	1.0
15	24	31	49	1.0
15	24	32	33	1.0
15	25	16	39	1.0
15	25	18	37	1.0
15	25	19	49	1.0
15	26	10	11	1.0
15	26	12	49	1.0
15	26	15	39	2.0
15	26	16	39	1.0
15	26	17	49	1.0
15	26	34	49	3.0
15	27	14	49	1.0
15	27	15	39	1.0
15	27	15	40	1.0
15	27	36	37	2.0
15	27	37	49	2.0
15	28	10	39	1.0
15	28	11	49	1.0
15	28	12	37	2.0
15	28	14	38	1.0
15	28	14	39	2.0
15	28	14	47	1.0
15	28	15	16	1.0
15	28	15	47	1.0
15	28	17	46	2.0
15	29	11	39	2.0
15	29	14	42	2.0
15	29	40	49	1.0
15	30	15	16	1.0
15	30	18	49	1.0
15	31	6	49	1.0
15	31	9	40	1.0
15	31	9	44	1.0
15	31	10	40	1.0
15	31	18	49	1.0
15	31	41	49	1.0
15	32	8	9	1.0
15	32	38	49	1.0
15	32	39	43	1.0
15	33	7	15	1.0
15	33	42	49	1.0
15	34	9	10	1.0
15	34	16	17	1.0
15	36	16	17	1.0
15	37	17	18	1.0
15	39	10	11	1.0
15	41	5	10	1.0
15	41	18	49	1.0
15	53	16	49	1.0
15	54	10	16	1.0
15	79	8	13	1.0
15	79	8	49	1.0
15	79	15	20	1.0
15	79	15	23	1.0
15	79	15	49	1.0
15	79	16	18	1.0
15	79	16	49	1.0
15	79	17	49	2.0
15	79	18	36	1.0
15	79	19	49	1.0
15	79	20	23	1.0
15	79	22	23	1.0
15	79	23	24	1.0
15	79	24	25	1.0
15	79	24	34	1.0
15	79	26	27	1.0
15	79	26	49	1.0
15	79	27	34	1.0
15	79	27	49	1.0
15	79	29	49	2.0
15	79	31	32	1.0
15	79	40	49	1.0
16	17	16	49	1.0
16	17	17	26	1.0
16	17	20	21	1.0
16	17	20	36	1.0
16	17	21	22	1.0
16	17	21	24	1.0
16	17	22	23	1.0
16	17	23	49	1.0
16	17	24	49	1.0
16	17	27	49	1.0
16	17	37	49	1.0
16	18	18	23	1.0
16	18	18	24	1.0
16	18	19	24	3.0
16	18	20	24	4.0
16	18	20	25	1.0
16	18	20	26	2.0
16	18	21	24	2.0
16	18	21	49	2.0
16	18	22	23	1.0
16	18	23	24	1.0
16	18	23	49	1.0
16	18	35	36	1.0
16	19	18	25	1.0
16	19	18	27	1.0
16	19	19	25	3.0
16	19	20	25	3.0
16	19	20	26	1.0
16	19	20	27	3.0
16	19	25	26	1.0
16	19	26	27	1.0
16	19	38	42	1.0
16	20	15	20	1.0
16	20	16	27	1.0
16	20	17	27	1.0
16	20	18	19	2.0
16	20	18	29	1.0
16	20	18	49	1.0
16	20	20	28	1.0
16	20	20	29	2.0
16	20	20	49	2.0
16	20	27	39	1.0
16	20	27	49	2.0
16	21	16	29	2.0
16	21	17	29	1.0
16	21	17	31	1.0
16	21	18	29	1.0
16	21	19	28	1.0
16	21	19	31	3.0
16	21	19	49	1.0
16	21	20	28	1.0
16	21	20	29	1.0
16	21	20	32	1.0
16	21	22	49	1.0
16	21	29	30	1.0
16	22	16	29	1.0
16	22	17	29	2.0
16	22	18	31	1.0
16	22	19	32	1.0
16	22	20	35	1.0
16	23	17	34	1.0
16	23	17	49	1.0
16	23	18	31	1.0
16	23	18	32	1.0
16	23	18	34	1.0
16	23	19	34	1.0
16	23	20	49	1.0
16	23	29	34	1.0
16	23	29	49	1.0
16	24	14	32	1.0
16	24	15	34	1.0
16	24	16	33	1.0
16	24	18	19	2.0
16	24	18	35	1.0
16	24	19	39	1.0
16	24	19	49	1.0
16	24	31	32	1.0
16	24	32	33	1.0
16	24	33	49	1.0
16	25	15	34	1.0
16	25	16	35	2.0
16	25	16	49	1.0
16	25	17	18	1.0
16	25	17	34	1.0
16	25	18	19	1.0
16	25	34	49	1.0
16	26	12	38	1.0
16	26	16	37	1.0
16	26	17	49	1.0
16	26	20	36	1.0
16	26	32	33	1.0
16	26	33	49	1.0
16	26	36	37	1.0
16	26	36	49	1.0
16	27	14	36	1.0
16	27	16	39	2.0
16	27	20	28	1.0
16	27	36	37	1.0
16	28	5	17	1.0
16	28	17	18	1.0
16	28	17	45	1.0
16	28	19	20	1.0
16	28	19	43	1.0
16	29	14	47	1.0
16	30	13	15	1.0
16	30	17	48	1.0
16	30	18	19	2.0
16	31	14	15	1.0
16	31	44	45	1.0
16	31	45	49	1.0
16	32	8	9	1.0
16	34	8	10	1.0
16	34	16	18	1.0
16	34	16	49	1.0
16	34	17	19	1.0
16	38	12	49	1.0
16	40	2	16	1.0
16	45	9	49	1.0
16	49	7	49	1.0
16	49	11	49	1.0
16	53	12	14	1.0
16	62	12	49	1.0
16	79	7	27	1.0
16	79	16	17	1.0
16	79	16	49	1.0
16	79	20	47	1.0
16	79	22	24	1.0
16	79	23	27	1.0
16	79	23	49	1.0
16	79	24	49	1.0
16	79	25	36	1.0
16	79	27	49	1.0
16	79	31	32	1.0
16	79	35	36	1.0
16	79	48	49	1.0
17	18	21	24	1.0
17	18	21	49	1.0
17	18	22	23	1.0
17	18	22	24	5.0
17	18	22	33	1.0
17	18	22	49	1.0
17	18	23	49	1.0
17	18	44	45	1.0
17	19	19	49	1.0
17	19	21	22	2.0
17	19	21	26	2.0
17	19	22	26	1.0
17	19	23	24	2.0
17	19	23	49	2.0
17	19	26	49	1.0
17	20	19	26	1.0
17	20	21	22	2.0
17	20	21	27	1.0
17	20	21	49	1.0
17	20	22	27	1.0
17	20	22	28	1.0
17	20	23	49	1.0
17	20	26	27	1.0
17	20	26	49	2.0
17	20	27	28	1.0
17	21	18	49	1.0
17	21	19	21	1.0
17	21	20	21	1.0
17	21	20	49	1.0
17	21	21	28	1.0
17	21	21	30	1.0
17	21	21	49	1.0
17	21	27	28	1.0
17	22	19	29	1.0
17	22	20	32	1.0
17	22	21	31	1.0
17	22	21	49	1.0
17	22	32	49	1.0
17	23	18	31	1.0
17	23	19	31	1.0
17	23	19	34	2.0
17	23	20	21	1.0
17	23	20	31	1.0
17	23	20	35	1.0
17	23	30	32	1.0
17	23	30	49	1.0
17	23	32	49	2.0
17	24	16	31	1.0
17	24	17	34	1.0
17	24	19	33	1.0
17	24	19	35	1.0
17	24	20	21	1.0
17	24	20	22	1.0
17	24	20	49	2.0
17	24	21	22	1.0
17	24	34	35	1.0
17	25	12	18	1.0
17	25	15	35	1.0
17	25	18	35	1.0
17	25	19	36	1.0
17	25	19	37	1.0
17	25	20	36	1.0
17	25	22	49	1.0
17	25	35	36	1.0
17	26	16	33	1.0
17	26	16	38	1.0
17	26	17	39	1.0
17	26	19	21	1.0
17	26	19	49	1.0
17	26	21	49	3.0
17	26	33	34	1.0
17	26	39	41	1.0
17	27	18	20	1.0
17	27	18	38	1.0
17	27	19	29	1.0
17	27	19	38	3.0
17	27	33	49	1.0
17	27	41	42	1.0
17	27	41	49	1.0
17	28	19	41	1.0
17	28	39	40	1.0
17	28	39	49	1.0
17	28	41	49	1.0
17	29	17	49	1.0
17	29	20	47	2.0
17	29	20	48	1.0
17	29	20	49	1.0
17	30	19	49	1.0
17	30	40	41	1.0
17	30	41	49	1.0
17	31	13	48	1.0
17	31	14	15	1.0
17	32	20	21	1.0
17	32	20	48	1.0
17	32	20	49	1.0
17	32	41	49	1.0
17	34	7	13	1.0
17	34	13	49	1.0
17	34	20	49	2.0
17	34	31	49	1.0
17	35	16	17	1.0
17	36	11	12	1.0
17	36	13	49	1.0
17	36	14	15	1.0
17	36	14	49	1.0
17	36	21	49	1.0
17	39	20	21	1.0
17	40	17	18	1.0
17	63	19	33	1.0
17	79	18	19	1.0
17	79	20	21	1.0
17	79	20	34	1.0
17	79	21	33	1.0
17	79	21	49	1.0
17	79	22	49	1.0
17	79	25	49	1.0
17	79	27	28	1.0
17	79	33	49	1.0
17	79	35	49	1.0
17	79	37	49	1.0
18	19	22	23	1.0
18	19	22	24	1.0
18	19	22	26	2.0
18	19	22	49	2.0
18	19	23	24	1.0
18	19	23	25	1.0
18	19	33	49	1.0
18	19	41	44	1.0
18	20	10	49	1.0
18	20	22	25	1.0
18	20	23	27	1.0
18	20	23	49	1.0
18	20	26	49	1.0
18	21	21	22	1.0
18	21	21	49	1.0
18	21	22	23	2.0
18	21	23	49	1.0
18	21	24	49	1.0
18	21	27	29	1.0
18	21	28	49	1.0
18	21	30	49	1.0
18	22	21	22	1.0
18	22	21	29	2.0
18	22	21	30	3.0
18	22	22	30	1.0
18	22	22	31	2.0
18	22	29	49	1.0
18	22	30	31	1.0
18	23	21	22	2.0
18	23	21	49	2.0
18	23	22	32	1.0
18	23	29	30	1.0
18	24	18	32	1.0
18	24	19	34	2.0
18	24	20	34	2.0
18	24	21	22	2.0
18	24	21	32	1.0
18	24	21	33	2.0
18	24	21	34	2.0
18	24	21	35	1.0
18	24	22	33	1.0
18	24	23	33	1.0
18	24	33	34	2.0
18	24	33	49	1.0
18	25	17	49	1.0
18	25	18	19	2.0
18	25	18	20	1.0
18	25	18	49	1.0
18	25	19	32	2.0
18	25	19	36	2.0
18	25	19	37	1.0
18	25	19	49	1.0
18	25	20	28	1.0
18	25	20	34	1.0
18	25	21	35	2.0
18	25	21	38	1.0
18	25	22	38	3.0
18	26	18	49	2.0
18	26	19	37	1.0
18	26	19	39	1.0
18	26	19	40	1.0
18	26	20	36	1.0
18	26	20	37	1.0
18	26	34	35	1.0
18	26	35	49	1.0
18	26	36	49	1.0
18	27	15	37	1.0
18	27	16	37	2.0
18	27	21	49	1.0
18	27	36	37	1.0
18	28	14	19	1.0
18	28	14	38	2.0
18	28	15	21	1.0
18	28	16	40	3.0
18	28	17	49	1.0
18	28	20	21	1.0
18	28	20	49	1.0
18	28	21	49	1.0
18	28	36	39	1.0
18	28	38	39	1.0
18	29	18	39	1.0
18	29	20	21	1.0
18	29	21	49	2.0
18	30	21	49	1.0
18	30	40	41	1.0
18	31	10	18	1.0
18	31	20	49	1.0
18	31	22	49	1.0
18	31	46	47	1.0
18	32	17	20	1.0
18	33	15	46	1.0
18	34	15	16	1.0
18	34	15	49	1.0
18	34	16	49	1.0
18	35	12	49	1.0
18	35	17	18	1.0
18	35	20	21	1.0
18	37	22	49	1.0
18	38	17	49	1.0
18	40	14	15	1.0
18	40	16	49	1.0
18	40	22	49	1.0
18	46	21	49	1.0
18	58	15	16	1.0
18	79	23	24	1.0
18	79	23	26	1.0
18	79	31	42	1.0
18	79	31	49	1.0
18	79	33	49	1.0
19	20	26	49	1.0
19	20	27	49	1.0
19	20	28	29	1.0
19	20	31	49	1.0
19	21	18	24	1.0
19	21	20	24	1.0
19	21	22	23	1.0
19	21	22	28	1.0
19	21	23	24	1.0
19	21	23	27	1.0
19	21	23	49	2.0
19	21	26	29	1.0
19	21	29	30	1.0
19	22	21	29	1.0
19	22	22	29	1.0
19	22	22	30	1.0
19	22	22	31	2.0
19	22	22	38	1.0
19	22	23	29	4.0
19	22	28	29	1.0
19	22	29	30	1.0
19	23	20	31	1.0
19	23	21	22	1.0
19	23	22	24	1.0
19	23	22	29	1.0
19	23	22	49	1.0
19	23	23	32	2.0
19	23	24	30	1.0
19	24	20	34	2.0
19	24	21	32	1.0
19	24	22	32	1.0
19	24	22	33	2.0
19	24	23	34	1.0
19	24	23	49	3.0
19	25	21	36	1.0
19	25	23	49	2.0
19	26	18	22	1.0
19	26	20	36	2.0
19	27	18	49	1.0
19	27	20	49	1.0
19	27	33	37	1.0
19	28	19	20	1.0
19	28	19	49	1.0
19	28	20	39	1.0
19	28	20	49	1.0
19	29	19	20	1.0
19	29	20	49	1.0
19	29	21	22	1.0
19	29	22	43	1.0
19	29	22	49	1.0
19	30	18	41	2.0
19	30	18	42	1.0
19	30	20	22	1.0
19	30	41	49	1.0
19	30	42	49	1.0
19	31	17	47	1.0
19	31	20	47	1.0
19	31	21	45	1.0
19	31	39	49	1.0
19	31	42	43	1.0
19	32	22	23	1.0
19	32	23	49	2.0
19	32	42	49	1.0
19	33	20	49	1.0
19	33	22	49	1.0
19	36	16	48	1.0
19	36	22	23	1.0
19	38	17	18	1.0
19	40	22	49	1.0
19	46	15	16	1.0
19	57	20	49	1.0
19	79	2	49	1.0
19	79	23	49	1.0
19	79	25	26	1.0
19	79	29	33	1.0
19	79	30	31	1.0
19	79	32	49	2.0
19	79	41	42	1.0
19	79	41	49	1.0
20	21	15	26	1.0
20	21	18	25	1.0
20	21	24	25	2.0
20	21	24	26	1.0
20	21	25	26	1.0
20	21	25	28	1.0
20	21	25	49	2.0
20	21	26	27	1.0
20	21	26	32	1.0
20	21	26	49	2.0
20	21	27	49	1.0
20	21	28	49	1.0
20	21	31	49	1.0
20	21	33	49	1.0
20	21	36	37	1.0
20	22	24	25	1.0
20	22	25	29	4.0
20	22	25	49	1.0
20	22	28	29	1.0
20	22	30	49	1.0
20	23	22	30	1.0
20	23	23	26	1.0
20	23	23	49	1.0
20	23	24	31	1.0
20	23	25	49	2.0
20	23	29	49	1.0
20	23	30	32	1.0
20	24	22	32	1.0
20	24	23	32	2.0
20	24	23	33	1.0
20	24	24	33	2.0
20	24	30	31	1.0
20	24	31	32	1.0
20	24	32	33	1.0
20	25	21	33	2.0
20	25	21	34	2.0
20	25	22	32	1.0
20	25	22	33	1.0
20	25	34	49	1.0
20	25	35	49	1.0
20	26	22	23	1.0
20	26	24	35	1.0
20	26	24	36	1.0
20	26	33	34	1.0
20	27	19	49	1.0
20	27	21	49	1.0
20	27	22	23	1.0
20	27	22	38	2.0
20	27	23	25	1.0
20	28	21	23	1.0
20	28	21	37	1.0
20	28	23	49	1.0
20	28	24	49	1.0
20	28	25	49	1.0
20	29	11	23	1.0
20	29	22	23	1.0
20	29	25	49	2.0
20	30	23	24	1.0
20	31	23	49	1.0
20	31	40	49	1.0
20	31	41	49	1.0
20	31	46	49	2.0
20	32	21	49	1.0
20	32	22	45	1.0
20	32	23	24	1.0
20	33	18	48	2.0
20	33	23	49	1.0
20	34	15	49	2.0
20	37	21	22	1.0
20	38	17	18	1.0
20	46	10	13	1.0
20	52	21	49	1.0
20	76	24	25	1.0
20	79	19	20	1.0
20	79	23	25	1.0
20	79	27	49	1.0
20	79	28	29	1.0
20	79	28	49	1.0
20	79	29	30	1.0
20	79	34	49	1.0
20	79	45	46	1.0
21	22	25	26	1.0
21	22	25	29	1.0
21	22	25	31	1.0
21	22	26	28	2.0
21	22	27	49	6.0
21	22	28	49	1.0
21	22	30	32	1.0
21	22	35	36	1.0
21	23	25	27	1.0
21	23	25	31	2.0
21	23	26	29	1.0
21	23	30	49	1.0
21	24	15	26	1.0
21	24	23	31	1.0
21	24	24	31	2.0
21	24	24	32	1.0
21	24	25	26	1.0
21	24	25	33	1.0
21	24	27	31	1.0
21	24	30	31	1.0
21	24	30	33	1.0
21	25	24	33	1.0
21	25	24	34	1.0
21	25	26	27	1.0
21	25	26	49	1.0
21	25	31	32	1.0
21	26	25	34	2.0
21	26	25	35	1.0
21	27	14	23	1.0
21	28	21	37	1.0
21	28	22	23	1.0
21	28	22	37	1.0
21	28	25	49	1.0
21	29	22	43	1.0
21	29	38	39	1.0
21	29	39	40	1.0
21	30	22	44	2.0
21	30	39	49	1.0
21	31	20	21	1.0
21	31	22	49	1.0
21	31	39	40	1.0
21	31	40	44	1.0
21	32	25	49	2.0
21	33	43	44	1.0
21	33	44	49	1.0
21	34	7	20	1.0
21	34	14	44	2.0
21	35	22	23	1.0
21	35	23	24	1.0
21	36	18	49	1.0
21	39	17	18	1.0
21	39	19	20	1.0
21	39	40	49	1.0
21	41	22	49	1.0
21	44	13	49	3.0
21	55	24	30	1.0
21	56	23	24	1.0
21	57	24	49	1.0
21	79	4	14	1.0
21	79	9	28	1.0
21	79	21	22	1.0
21	79	28	29	2.0
21	79	28	49	2.0
21	79	32	36	1.0
21	79	35	49	1.0
22	23	2	49	1.0
22	23	24	25	1.0
22	23	26	30	2.0
22	23	27	28	1.0
22	23	27	49	2.0
22	23	28	49	2.0
22	23	38	49	1.0
22	23	40	49	1.0
22	24	21	27	1.0
22	24	24	31	1.0
22	24	26	27	3.0
22	24	26	31	3.0
22	24	26	49	3.0
22	24	27	31	4.0
22	24	27	49	3.0
22	24	32	49	1.0
22	24	33	49	1.0
22	24	39	49	1.0
22	25	25	49	1.0
22	25	26	49	1.0
22	25	31	32	1.0
22	25	32	35	1.0
22	25	32	49	1.0
22	26	25	33	6.0
22	26	26	33	1.0
22	26	26	49	2.0
22	27	18	27	1.0
22	27	24	25	1.0
22	27	24	49	1.0
22	27	25	35	2.0
22	27	25	49	2.0
22	27	26	49	1.0
22	27	27	37	2.0
22	27	27	49	1.0
22	27	28	34	1.0
22	27	34	35	1.0
22	28	23	38	2.0
22	28	26	37	1.0
22	29	21	37	1.0
22	29	24	39	1.0
22	29	25	29	1.0
22	29	25	39	1.0
22	29	40	49	1.0
22	30	25	49	1.0
22	31	24	41	1.0
22	31	25	26	1.0
22	32	20	43	1.0
22	32	24	49	1.0
22	32	25	49	1.0
22	33	22	45	1.0
22	33	23	45	1.0
22	35	23	29	1.0
22	35	46	49	1.0
22	36	19	47	1.0
22	36	20	22	1.0
22	37	23	49	1.0
22	37	47	49	1.0
22	39	25	26	1.0
22	40	23	49	1.0
22	40	24	25	1.0
22	41	20	49	1.0
22	45	32	33	1.0
22	47	16	17	1.0
22	59	24	49	1.0
22	62	3	15	1.0
22	68	9	11	1.0
22	68	20	49	1.0
22	73	5	6	1.0
22	79	23	24	1.0
22	79	34	35	1.0
23	24	24	30	1.0
23	24	26	49	1.0
23	24	28	29	1.0
23	24	28	49	4.0
23	24	29	32	2.0
23	24	32	33	1.0
23	24	32	49	1.0
23	25	27	32	1.0
23	25	28	33	2.0
23	25	28	49	1.0
23	25	29	33	1.0
23	25	31	49	1.0
23	26	26	33	2.0
23	26	26	34	1.0
23	26	27	32	1.0
23	26	27	33	1.0
23	26	27	34	1.0
23	26	28	49	1.0
23	26	34	35	1.0
23	27	27	34	1.0
23	27	27	35	2.0
23	27	34	49	1.0
23	27	36	37	1.0
23	28	25	49	2.0
23	28	27	36	1.0
23	28	38	39	1.0
23	28	38	49	1.0
23	29	24	49	1.0
23	29	26	27	1.0
23	29	26	49	1.0
23	29	27	40	1.0
23	29	28	49	1.0
23	29	36	49	1.0
23	30	22	39	1.0
23	30	26	49	1.0
23	30	27	28	1.0
23	30	38	49	1.0
23	30	41	49	1.0
23	31	25	49	1.0
23	31	40	49	1.0
23	32	22	42	1.0
23	32	22	43	1.0
23	32	24	45	2.0
23	32	25	49	1.0
23	32	26	49	1.0
23	33	21	42	1.0
23	33	27	28	1.0
23	33	29	49	1.0
23	33	42	44	1.0
23	33	45	46	1.0
23	34	24	25	1.0
23	34	24	49	1.0
23	35	41	44	1.0
23	36	18	47	1.0
23	36	19	48	1.0
23	36	23	24	1.0
23	38	20	49	1.0
23	38	22	49	1.0
23	38	25	49	1.0
23	46	23	46	1.0
23	46	26	49	1.0
23	48	29	49	1.0
23	51	8	9	1.0
23	55	5	16	1.0
23	55	19	20	1.0
23	64	20	21	1.0
23	72	23	24	1.0
23	76	17	49	1.0
23	79	22	23	1.0
23	79	27	32	1.0
23	79	29	30	1.0
23	79	34	49	1.0
24	25	29	32	6.0
24	25	30	32	3.0
24	25	30	33	1.0
24	25	31	32	1.0
24	25	31	49	2.0
24	25	32	49	1.0
24	26	28	32	1.0
24	26	28	33	5.0
24	26	29	32	1.0
24	26	29	33	4.0
24	26	29	34	2.0
24	26	30	33	1.0
24	26	30	49	1.0
24	26	32	33	1.0
24	26	33	43	1.0
24	26	33	49	1.0
24	27	28	33	1.0
24	27	28	34	3.0
24	27	29	34	1.0
24	27	29	35	2.0
24	27	34	49	1.0
24	28	27	28	1.0
24	28	27	40	1.0
24	28	28	29	1.0
24	28	28	36	1.0
24	28	29	36	1.0
24	28	34	35	1.0
24	28	37	49	1.0
24	29	25	36	1.0
24	29	27	40	1.0
24	29	27	49	1.0
24	29	28	37	1.0
24	29	35	36	1.0
24	29	37	44	1.0
24	30	12	27	1.0
24	30	26	42	2.0
24	30	28	49	2.0
24	30	36	37	2.0
24	30	38	49	1.0
24	31	27	28	1.0
24	31	27	42	1.0
24	31	27	44	2.0
24	31	27	49	1.0
24	31	28	49	1.0
24	31	39	41	1.0
24	32	25	42	1.0
24	32	26	42	1.0
24	32	29	49	1.0
24	33	29	46	1.0
24	33	40	49	1.0
24	33	45	49	1.0
24	34	46	49	1.0
24	34	48	49	1.0
24	35	22	48	1.0
24	36	22	48	1.0
24	38	28	49	1.0
24	40	22	49	1.0
24	41	27	31	1.0
24	41	27	49	1.0
24	42	48	49	1.0
24	43	26	27	1.0
24	43	27	28	1.0
24	43	28	49	1.0
24	46	27	49	2.0
24	50	22	23	1.0
24	79	9	49	1.0
24	79	29	30	1.0
24	79	33	34	1.0
25	26	30	31	1.0
25	26	30	32	6.0
25	26	30	33	1.0
25	26	30	49	1.0
25	26	31	32	2.0
25	26	32	49	1.0
25	26	33	49	2.0
25	26	34	49	1.0
25	26	41	49	1.0
25	26	47	49	1.0
25	27	27	30	1.0
25	27	30	49	1.0
25	27	33	34	1.0
25	27	34	35	1.0
25	28	28	35	1.0
25	28	29	35	1.0
25	28	30	31	1.0
25	29	29	38	2.0
25	30	29	38	1.0
25	31	26	39	1.0
25	31	39	49	1.0
25	31	41	49	1.0
25	32	26	49	1.0
25	32	28	41	1.0
25	32	29	43	1.0
25	32	30	41	1.0
25	33	41	42	1.0
25	33	43	47	1.0
25	34	25	47	1.0
25	34	28	43	1.0
25	34	28	49	1.0
25	34	41	46	1.0
25	34	46	47	1.0
25	35	25	48	1.0
25	35	29	49	1.0
25	36	22	47	1.0
25	36	25	47	3.0
25	37	24	49	1.0
25	38	23	49	1.0
25	39	47	49	1.0
25	40	28	49	1.0
25	41	25	26	1.0
25	42	24	34	1.0
25	42	26	49	2.0
25	62	13	14	1.0
25	76	25	49	1.0
25	79	24	49	1.0
25	79	29	30	1.0
26	27	5	6	2.0
26	27	31	33	1.0
26	27	31	34	2.0
26	27	31	38	1.0
26	27	32	33	1.0
26	27	32	49	1.0
26	27	33	34	1.0
26	27	33	49	1.0
26	27	34	38	1.0
26	27	34	49	1.0
26	28	29	49	1.0
26	28	30	35	1.0
26	28	30	36	1.0
26	28	31	35	1.0
26	28	32	35	1.0
26	28	32	36	1.0
26	29	30	36	1.0
26	29	32	36	1.0
26	32	27	40	1.0
26	32	28	42	1.0
26	32	28	49	2.0
26	33	31	49	1.0
26	33	41	42	1.0
26	34	26	49	1.0
26	35	27	44	1.0
26	35	41	47	1.0
26	40	22	23	1.0
26	41	21	49	1.0
26	43	26	27	1.0
26	43	45	46	1.0
26	46	19	25	1.0
26	46	27	28	1.0
26	46	27	49	1.0
26	49	19	20	1.0
26	53	27	28	1.0
26	55	24	28	1.0
26	79	28	32	1.0
26	79	29	41	1.0
26	79	34	49	1.0
27	28	14	35	1.0
27	28	23	24	1.0
27	28	35	49	1.0
27	31	31	39	1.0
27	31	31	41	1.0
27	32	30	40	1.0
27	33	28	41	1.0
27	33	28	42	1.0
27	33	29	43	1.0
27	34	28	49	1.0
27	34	31	32	2.0
27	34	43	49	1.0
27	35	36	44	1.0
27	35	41	44	1.0
27	36	48	49	1.0
27	38	19	20	1.0
27	38	24	25	1.0
27	38	27	48	2.0
27	39	27	28	1.0
27	39	27	42	1.0
27	39	31	49	1.0
27	39	46	49	1.0
27	41	27	49	1.0
27	41	30	31	1.0
27	43	21	23	1.0
27	43	24	49	1.0
27	43	30	49	1.0
27	45	29	49	1.0
27	50	29	30	1.0
27	79	9	49	1.0
27	79	31	34	1.0
27	79	36	49	1.0
27	79	46	49	1.0
28	29	9	49	1.0
28	29	26	49	1.0
28	29	33	49	1.0
28	29	39	49	1.0
28	29	48	49	1.0
28	31	31	39	1.0
28	31	32	37	1.0
28	31	32	39	1.0
28	31	37	39	1.0
28	32	32	40	1.0
28	32	33	42	1.0
28	32	35	42	1.0
28	33	29	43	1.0
28	33	30	42	1.0
28	33	30	43	2.0
28	33	40	49	1.0
28	34	30	45	1.0
28	35	29	47	2.0
28	35	30	46	1.0
28	35	31	32	1.0
28	35	31	49	1.0
28	36	33	49	1.0
28	36	48	49	1.0
28	37	31	49	1.0
28	38	28	48	1.0
28	38	31	49	1.0
28	38	32	33	1.0
28	38	33	49	1.0
28	39	29	49	1.0
28	39	31	49	1.0
28	41	26	49	1.0
28	44	21	49	1.0
28	44	31	32	1.0
28	44	32	49	1.0
28	49	15	49	1.0
28	49	24	49	1.0
28	50	25	49	1.0
28	65	29	30	1.0
28	71	27	49	1.0
28	79	26	49	1.0
28	79	31	32	1.0
28	79	33	49	1.0
28	79	34	49	1.0
28	79	37	49	1.0
28	79	40	41	1.0
28	79	43	49	1.0
29	30	30	49	1.0
29	30	34	37	1.0
29	30	35	37	1.0
29	30	38	49	1.0
29	31	34	37	1.0
29	31	34	38	2.0
29	31	38	49	1.0
29	32	34	35	1.0
29	32	34	49	1.0
29	33	33	34	2.0
29	34	30	43	1.0
29	34	32	42	2.0
29	34	32	43	1.0
29	35	31	43	1.0
29	35	32	36	1.0
29	35	33	44	1.0
29	35	33	49	1.0
29	38	30	31	1.0
29	38	30	48	2.0
29	38	33	34	1.0
29	38	48	49	1.0
29	39	31	49	1.0
29	40	32	49	1.0
29	40	33	49	1.0
29	42	32	33	1.0
29	44	28	29	1.0
29	44	28	30	1.0
29	47	27	28	1.0
29	48	30	31	1.0
29	49	19	20	1.0
29	49	19	30	1.0
29	49	29	30	1.0
29	49	30	31	2.0
29	50	15	49	1.0
29	65	29	49	1.0
29	79	39	49	1.0
30	31	8	32	1.0
30	31	21	38	1.0
30	31	34	38	1.0
30	31	37	38	1.0
30	31	37	49	1.0
30	31	39	40	1.0
30	31	43	49	1.0
30	33	33	34	1.0
30	33	33	42	1.0
30	33	34	49	1.0
30	33	35	36	1.0
30	34	35	42	1.0
30	34	35	49	1.0
30	35	32	44	1.0
30	35	35	46	1.0
30	35	44	45	1.0
30	36	33	46	2.0
30	36	33	47	1.0
30	36	34	49	2.0
30	38	36	49	1.0
30	39	32	49	1.0
30	39	36	49	1.0
30	41	33	49	1.0
30	43	32	33	1.0
30	44	32	33	1.0
30	44	34	35	1.0
30	45	36	49	1.0
30	46	9	29	1.0
30	46	29	49	1.0
30	46	31	49	1.0
30	49	20	22	1.0
30	49	24	49	1.0
30	50	26	27	1.0
30	51	27	49	1.0
30	51	32	49	1.0
30	53	29	30	1.0
30	54	13	27	1.0
30	54	23	24	1.0
30	54	26	49	1.0
30	56	35	38	1.0
30	61	24	26	1.0
30	79	30	49	1.0
31	32	39	49	1.0
31	32	41	49	1.0
31	33	37	42	4.0
31	34	38	44	2.0
31	35	35	44	3.0
31	35	35	49	1.0
31	35	36	37	1.0
31	35	36	49	1.0
31	36	36	45	1.0
31	36	36	48	3.0
31	39	33	48	1.0
31	39	33	49	2.0
31	40	35	36	1.0
31	43	30	32	2.0
31	43	34	35	1.0
31	47	23	49	1.0
31	49	33	49	1.0
31	53	32	49	1.0
31	79	36	49	1.0
32	33	5	49	1.0
32	35	36	44	1.0
32	36	36	45	3.0
32	37	35	45	1.0
32	37	36	45	1.0
32	37	36	46	1.0
32	37	37	46	1.0
32	37	44	49	1.0
32	38	35	49	1.0
32	38	36	48	1.0
32	38	36	49	3.0
32	38	37	47	1.0
32	40	31	36	1.0
32	40	33	49	1.0
32	40	37	38	1.0
32	40	37	49	2.0
32	41	34	35	1.0
32	43	35	49	1.0
32	44	21	28	1.0
32	44	28	49	2.0
32	46	26	30	1.0
32	48	35	49	1.0
32	49	34	49	1.0
32	51	31	49	1.0
32	59	32	49	1.0
32	62	29	30	1.0
32	72	31	49	1.0
32	79	14	49	1.0
32	79	24	42	1.0
32	79	32	49	1.0
32	79	33	34	1.0
32	79	35	41	1.0
32	79	39	49	1.0
33	34	40	49	1.0
33	34	41	49	2.0
33	35	38	41	1.0
33	35	39	43	1.0
33	36	37	45	2.0
33	36	39	45	1.0
33	37	35	49	1.0
33	37	36	46	1.0
33	37	37	45	1.0
33	37	38	45	1.0
33	37	39	47	1.0
33	38	36	49	1.0
33	38	37	47	2.0
33	38	37	49	1.0
33	41	29	34	1.0
33	41	31	32	1.0
33	41	32	33	2.0
33	41	33	49	1.0
33	42	19	32	1.0
33	45	36	37	1.0
33	48	26	28	1.0
33	49	37	49	1.0
33	54	25	49	1.0
33	55	35	49	1.0
33	56	26	49	1.0
33	62	34	35	1.0
33	79	6	7	1.0
33	79	33	49	1.0
33	79	38	39	1.0
33	79	41	42	1.0
34	35	27	49	1.0
34	35	40	41	2.0
34	35	42	49	1.0
34	35	45	47	1.0
34	35	47	48	1.0
34	36	39	43	2.0
34	36	40	44	2.0
34	36	41	44	1.0
34	37	39	47	1.0
34	37	40	45	2.0
34	37	40	46	2.0
34	38	37	40	1.0
34	38	39	49	1.0
34	39	39	40	1.0
34	43	35	49	1.0
34	44	42	49	1.0
34	45	32	36	1.0
34	45	32	49	1.0
34	45	33	49	1.0
34	51	30	31	1.0
34	52	28	37	1.0
34	56	35	36	1.0
34	59	29	30	1.0
34	60	34	49	1.0
34	79	39	40	1.0
35	36	6	7	1.0
35	36	35	36	1.0
35	36	39	40	1.0
35	36	40	49	1.0
35	36	41	44	1.0
35	36	42	43	1.0
35	37	42	46	1.0
35	39	36	41	1.0
35	39	40	48	1.0
35	39	40	49	1.0
35	39	41	49	1.0
35	40	42	48	1.0
35	40	48	49	1.0
35	42	28	40	1.0
35	42	35	36	1.0
35	43	36	37	1.0
35	43	41	49	1.0
35	44	39	45	1.0
35	45	33	49	1.0
35	46	36	49	1.0
35	46	39	49	1.0
35	48	38	39	1.0
35	48	40	49	1.0
35	51	31	32	1.0
35	56	26	49	1.0
35	58	31	49	1.0
35	61	29	31	1.0
35	66	38	39	1.0
35	79	41	44	1.0
35	79	42	49	1.0
35	79	45	49	1.0
36	37	43	49	1.0
36	39	40	49	1.0
36	39	42	49	1.0
36	40	42	43	1.0
36	40	43	49	1.0
36	40	47	48	2.0
36	41	36	49	1.0
36	41	42	43	1.0
36	43	36	37	1.0
36	44	37	41	1.0
36	48	39	45	1.0
36	50	32	33	1.0
36	50	34	49	1.0
36	55	38	45	1.0
36	62	39	43	1.0
36	67	26	49	1.0
36	72	25	26	1.0
36	79	41	42	1.0
36	79	42	46	1.0
36	79	43	46	1.0
36	79	44	49	1.0
37	38	29	49	1.0
37	38	44	49	1.0
37	39	45	49	1.0
37	41	41	49	1.0
37	47	31	41	1.0
37	49	41	49	1.0
37	49	45	47	1.0
37	52	37	49	1.0
37	56	38	39	1.0
37	58	37	49	1.0
37	64	30	49	1.0
37	79	33	34	1.0
37	79	41	42	1.0
38	39	48	49	1.0
38	40	46	47	1.0
38	40	48	49	3.0
38	41	37	44	1.0
38	41	44	49	1.0
38	42	39	40	1.0
38	44	32	39	1.0
38	44	40	49	1.0
38	44	43	49	1.0
38	45	42	43	1.0
38	45	42	49	1.0
38	45	43	44	1.0
38	48	42	44	1.0
38	49	36	37	1.0
38	50	31	35	1.0
38	54	39	49	1.0
38	56	39	49	1.0
38	59	36	49	1.0
38	79	43	44	1.0
39	41	35	44	1.0
40	42	47	49	2.0
40	46	45	46	2.0
41	42	48	49	2.0
41	47	44	49	2.0
44	48	48	49	2.0
Quadrant	3