Quadrant	0
0	1	2	5	3.0
0	1	2	6	10.0
0	1	2	7	11.0
0	1	2	8	4.0
0	1	3	6	52.0
0	1	3	7	8.0
0	1	4	7	6.0
0	1	4	11	2.0
0	2	2	6	1.0
0	2	2	7	25.0
0	2	2	8	20.0
0	2	2	9	2.0
0	2	3	7	48.0
0	2	3	8	26.0
0	2	3	9	7.0
0	2	4	8	15.0
0	2	4	9	1.0
0	2	5	11	1.0
0	3	2	7	3.0
0	3	2	8	15.0
0	3	2	9	23.0
0	3	2	10	4.0
0	3	2	11	1.0
0	3	3	8	26.0
0	3	3	9	45.0
0	3	3	10	23.0
0	3	3	11	3.0
0	3	4	9	25.0
0	3	4	10	9.0
0	3	4	11	2.0
0	3	4	12	1.0
0	4	2	9	24.0
0	4	2	10	24.0
0	4	2	11	19.0
0	4	2	12	2.0
0	4	3	9	11.0
0	4	3	10	27.0
0	4	3	11	32.0
0	4	3	12	6.0
0	4	4	10	5.0
0	4	4	11	2.0
0	4	4	12	3.0
0	5	2	10	1.0
0	5	2	11	10.0
0	5	2	12	13.0
0	5	2	13	4.0
0	5	2	14	1.0
0	5	3	11	7.0
0	5	3	12	5.0
0	5	3	13	7.0
0	5	3	14	5.0
0	5	4	11	2.0
0	5	4	12	1.0
0	5	4	13	2.0
0	6	2	12	4.0
0	6	2	13	7.0
0	6	2	14	9.0
0	6	2	15	4.0
0	6	2	16	1.0
0	6	3	13	1.0
0	6	3	14	4.0
0	6	3	15	8.0
0	6	3	18	1.0
0	6	4	13	1.0
0	6	4	14	1.0
0	6	4	15	1.0
0	6	4	16	1.0
0	7	2	14	4.0
0	7	2	15	9.0
0	7	2	16	6.0
0	7	2	17	2.0
0	7	3	14	1.0
0	7	3	15	3.0
0	7	3	16	4.0
0	7	3	17	1.0
0	7	3	18	1.0
0	7	4	15	1.0
0	7	4	16	1.0
0	7	11	23	1.0
0	8	2	14	1.0
0	8	2	16	3.0
0	8	2	17	4.0
0	8	2	18	11.0
0	8	3	16	1.0
0	8	3	17	5.0
0	8	3	18	2.0
0	8	3	19	1.0
0	8	3	20	1.0
0	9	2	17	2.0
0	9	2	18	3.0
0	9	2	19	4.0
0	9	2	21	1.0
0	9	3	18	2.0
0	9	3	19	3.0
0	9	3	21	1.0
0	9	3	22	1.0
0	10	2	19	1.0
0	10	2	20	3.0
0	10	3	21	2.0
0	10	3	22	2.0
0	10	3	23	2.0
0	11	2	22	3.0
0	11	2	23	5.0
0	11	2	24	5.0
0	11	2	25	2.0
0	11	3	23	1.0
0	12	2	24	2.0
0	12	2	26	1.0
0	13	2	25	1.0
0	13	2	27	2.0
0	13	3	26	1.0
0	13	3	27	1.0
0	14	2	23	1.0
0	14	2	27	1.0
0	14	2	28	1.0
0	15	2	27	1.0
0	15	2	28	1.0
0	15	2	30	2.0
0	15	5	25	1.0
1	2	2	6	4.0
1	2	2	7	1.0
1	2	2	8	5.0
1	2	2	9	1.0
1	2	3	7	3.0
1	2	3	8	1.0
1	2	4	7	49.0
1	2	4	8	6.0
1	2	5	8	9.0
1	2	8	11	1.0
1	3	2	8	1.0
1	3	3	8	7.0
1	3	3	9	5.0
1	3	4	8	59.0
1	3	4	9	38.0
1	3	4	10	1.0
1	3	5	9	20.0
1	3	5	10	2.0
1	3	5	11	1.0
1	3	6	14	1.0
1	4	2	7	1.0
1	4	2	9	3.0
1	4	2	10	2.0
1	4	3	8	1.0
1	4	3	9	15.0
1	4	3	10	17.0
1	4	3	11	2.0
1	4	3	12	1.0
1	4	4	9	37.0
1	4	4	10	22.0
1	4	4	11	16.0
1	4	4	12	2.0
1	4	5	10	15.0
1	4	5	11	11.0
1	4	5	12	1.0
1	5	2	7	1.0
1	5	2	10	2.0
1	5	2	11	3.0
1	5	2	12	1.0
1	5	3	9	1.0
1	5	3	10	3.0
1	5	3	11	19.0
1	5	3	12	5.0
1	5	3	13	2.0
1	5	3	14	1.0
1	5	4	10	8.0
1	5	4	11	11.0
1	5	4	12	11.0
1	5	4	13	7.0
1	5	5	11	5.0
1	5	5	12	4.0
1	5	5	13	3.0
1	6	2	11	2.0
1	6	2	12	4.0
1	6	2	13	6.0
1	6	2	14	1.0
1	6	2	15	1.0
1	6	3	11	6.0
1	6	3	12	16.0
1	6	3	13	8.0
1	6	3	14	10.0
1	6	3	15	3.0
1	6	4	11	1.0
1	6	4	12	4.0
1	6	4	13	8.0
1	6	4	14	11.0
1	6	4	16	1.0
1	6	5	13	1.0
1	7	2	12	1.0
1	7	2	13	1.0
1	7	2	14	3.0
1	7	2	15	8.0
1	7	2	16	3.0
1	7	2	17	1.0
1	7	3	13	7.0
1	7	3	14	8.0
1	7	3	15	5.0
1	7	4	13	1.0
1	7	4	15	3.0
1	7	4	16	1.0
1	7	4	18	2.0
1	7	5	16	4.0
1	8	2	13	1.0
1	8	2	15	8.0
1	8	2	16	7.0
1	8	2	17	3.0
1	8	2	19	4.0
1	8	3	14	1.0
1	8	3	15	4.0
1	8	3	16	3.0
1	8	3	17	2.0
1	8	3	18	2.0
1	8	4	16	1.0
1	8	4	17	8.0
1	8	4	19	1.0
1	9	2	16	1.0
1	9	2	17	4.0
1	9	2	18	4.0
1	9	2	21	1.0
1	9	3	16	1.0
1	9	3	17	6.0
1	9	3	18	4.0
1	9	4	16	1.0
1	9	4	17	1.0
1	9	4	18	4.0
1	9	4	19	3.0
1	9	4	20	1.0
1	9	4	21	2.0
1	10	2	18	5.0
1	10	2	19	1.0
1	10	2	20	1.0
1	10	3	19	3.0
1	10	3	20	6.0
1	10	3	21	6.0
1	10	4	19	1.0
1	10	4	21	1.0
1	11	2	18	1.0
1	11	2	19	2.0
1	11	2	20	3.0
1	11	2	21	2.0
1	11	2	23	2.0
1	11	2	25	1.0
1	11	3	23	1.0
1	11	3	24	1.0
1	12	2	22	1.0
1	12	2	23	1.0
1	12	2	25	1.0
1	12	3	23	1.0
1	12	3	24	2.0
1	13	2	22	1.0
1	13	2	23	1.0
1	13	2	24	1.0
1	13	2	27	3.0
1	13	3	25	1.0
1	13	4	24	1.0
1	13	4	25	1.0
1	13	5	25	2.0
1	14	2	24	1.0
1	14	2	25	1.0
1	14	2	26	1.0
1	14	2	27	2.0
1	14	2	29	1.0
1	14	3	26	2.0
1	14	3	27	1.0
1	16	2	28	1.0
1	17	4	33	1.0
1	19	3	34	1.0
2	3	2	8	3.0
2	3	2	9	3.0
2	3	2	10	2.0
2	3	2	11	1.0
2	3	5	8	23.0
2	3	5	9	8.0
2	3	6	9	4.0
2	4	4	8	2.0
2	4	4	9	11.0
2	4	4	10	8.0
2	4	5	9	43.0
2	4	5	10	13.0
2	4	5	11	2.0
2	4	6	10	11.0
2	4	6	11	3.0
2	5	3	12	2.0
2	5	4	10	9.0
2	5	4	11	8.0
2	5	4	12	6.0
2	5	5	10	27.0
2	5	5	11	17.0
2	5	5	12	11.0
2	5	5	13	2.0
2	5	6	11	13.0
2	5	6	12	6.0
2	6	2	12	2.0
2	6	3	11	2.0
2	6	3	12	7.0
2	6	3	13	3.0
2	6	4	10	1.0
2	6	4	11	6.0
2	6	4	12	11.0
2	6	4	13	4.0
2	6	4	14	7.0
2	6	4	15	1.0
2	6	5	11	7.0
2	6	5	12	9.0
2	6	5	13	12.0
2	6	5	14	3.0
2	6	5	15	2.0
2	6	6	13	6.0
2	7	2	12	2.0
2	7	2	13	3.0
2	7	3	12	2.0
2	7	3	13	4.0
2	7	3	14	2.0
2	7	3	15	4.0
2	7	3	16	1.0
2	7	4	12	4.0
2	7	4	13	13.0
2	7	4	14	11.0
2	7	4	15	8.0
2	7	5	13	5.0
2	7	5	14	7.0
2	7	5	15	13.0
2	7	5	16	4.0
2	7	6	14	1.0
2	8	2	14	3.0
2	8	2	15	2.0
2	8	2	16	5.0
2	8	2	17	2.0
2	8	3	12	1.0
2	8	3	13	3.0
2	8	3	14	3.0
2	8	3	15	6.0
2	8	3	16	6.0
2	8	3	17	1.0
2	8	4	13	1.0
2	8	4	14	5.0
2	8	4	15	7.0
2	8	4	16	4.0
2	8	4	17	5.0
2	8	4	18	1.0
2	8	5	15	2.0
2	8	5	16	3.0
2	8	5	17	3.0
2	8	6	16	1.0
2	9	2	14	2.0
2	9	2	15	10.0
2	9	2	16	5.0
2	9	2	17	1.0
2	9	2	18	1.0
2	9	3	15	5.0
2	9	3	16	1.0
2	9	3	17	5.0
2	9	3	18	2.0
2	9	3	19	3.0
2	9	4	15	1.0
2	9	4	16	3.0
2	9	4	17	1.0
2	9	4	18	4.0
2	9	4	19	1.0
2	9	4	21	1.0
2	9	5	18	2.0
2	9	5	20	1.0
2	9	6	19	1.0
2	10	2	15	1.0
2	10	2	16	2.0
2	10	2	17	2.0
2	10	2	18	5.0
2	10	2	19	3.0
2	10	2	20	2.0
2	10	3	17	1.0
2	10	3	18	2.0
2	10	3	19	1.0
2	10	3	20	1.0
2	10	4	17	2.0
2	10	4	18	1.0
2	10	4	19	3.0
2	10	4	20	3.0
2	10	5	19	1.0
2	10	5	20	2.0
2	10	5	22	3.0
2	11	2	20	3.0
2	11	2	21	1.0
2	11	3	18	1.0
2	11	3	20	2.0
2	11	4	20	2.0
2	11	4	21	1.0
2	11	4	22	3.0
2	11	5	20	2.0
2	11	5	21	4.0
2	12	2	18	1.0
2	12	2	19	1.0
2	12	2	20	2.0
2	12	2	21	2.0
2	12	2	24	1.0
2	12	3	19	1.0
2	12	3	21	1.0
2	12	3	23	1.0
2	12	4	21	1.0
2	12	4	22	1.0
2	12	4	25	1.0
2	12	5	23	1.0
2	12	5	27	1.0
2	13	2	23	1.0
2	13	2	24	2.0
2	13	2	25	2.0
2	13	3	22	1.0
2	13	3	23	2.0
2	13	3	24	1.0
2	13	4	23	1.0
2	13	4	26	1.0
2	13	5	27	1.0
2	14	2	24	2.0
2	14	2	25	2.0
2	14	2	26	1.0
2	14	2	27	1.0
2	14	2	28	1.0
2	14	3	23	1.0
2	14	3	24	4.0
2	14	3	25	1.0
2	14	3	28	3.0
2	14	3	29	1.0
2	14	4	25	1.0
2	14	4	26	3.0
2	14	4	29	1.0
2	14	4	33	1.0
2	14	5	29	3.0
2	15	2	25	1.0
2	15	2	27	3.0
2	15	2	28	2.0
2	15	3	25	1.0
2	15	3	26	1.0
2	15	3	29	1.0
2	15	4	30	1.0
2	15	5	26	1.0
2	16	2	27	1.0
2	16	2	28	3.0
2	16	2	31	1.0
2	16	3	28	1.0
2	16	3	31	1.0
2	16	4	30	1.0
2	16	4	32	2.0
2	16	5	30	2.0
2	16	5	31	1.0
2	17	2	33	1.0
2	17	2	34	1.0
2	17	3	30	5.0
2	17	3	33	3.0
2	18	3	33	1.0
2	19	2	33	2.0
2	19	3	33	1.0
2	19	4	36	1.0
2	20	2	33	1.0
2	21	2	38	1.0
2	22	2	39	1.0
2	22	2	40	1.0
2	24	3	39	1.0
3	4	2	9	1.0
3	4	2	10	2.0
3	4	2	11	1.0
3	4	2	12	1.0
3	4	5	9	1.0
3	4	6	9	20.0
3	4	6	10	4.0
3	4	6	11	2.0
3	4	7	10	3.0
3	5	3	13	1.0
3	5	5	10	3.0
3	5	5	11	4.0
3	5	6	10	37.0
3	5	6	11	13.0
3	5	6	12	2.0
3	5	7	11	11.0
3	6	2	11	1.0
3	6	4	11	2.0
3	6	4	12	1.0
3	6	5	10	2.0
3	6	5	11	9.0
3	6	5	12	4.0
3	6	5	13	1.0
3	6	6	11	16.0
3	6	6	12	14.0
3	6	6	13	11.0
3	6	6	14	1.0
3	6	7	12	8.0
3	6	7	13	6.0
3	7	4	12	5.0
3	7	4	13	6.0
3	7	4	14	1.0
3	7	5	12	14.0
3	7	5	13	17.0
3	7	5	14	7.0
3	7	5	15	3.0
3	7	6	12	9.0
3	7	6	13	17.0
3	7	6	14	12.0
3	7	6	15	4.0
3	7	7	13	3.0
3	7	7	14	1.0
3	8	3	14	1.0
3	8	3	15	3.0
3	8	4	12	1.0
3	8	4	13	4.0
3	8	4	14	10.0
3	8	4	15	2.0
3	8	4	16	1.0
3	8	5	13	2.0
3	8	5	14	13.0
3	8	5	15	9.0
3	8	5	16	5.0
3	8	5	17	2.0
3	8	6	14	2.0
3	8	6	15	6.0
3	8	6	16	7.0
3	8	7	14	1.0
3	8	7	15	1.0
3	9	2	15	1.0
3	9	3	14	1.0
3	9	3	15	2.0
3	9	3	16	3.0
3	9	3	17	3.0
3	9	3	18	1.0
3	9	4	14	1.0
3	9	4	16	3.0
3	9	4	17	2.0
3	9	4	18	2.0
3	9	5	14	3.0
3	9	5	15	2.0
3	9	5	16	4.0
3	9	5	17	4.0
3	9	5	18	1.0
3	9	6	15	1.0
3	9	6	16	4.0
3	9	6	17	2.0
3	9	6	18	4.0
3	9	7	17	4.0
3	10	2	15	3.0
3	10	2	16	5.0
3	10	3	16	4.0
3	10	3	17	5.0
3	10	3	18	6.0
3	10	4	16	3.0
3	10	4	17	6.0
3	10	4	18	4.0
3	10	4	19	4.0
3	10	5	17	2.0
3	10	5	18	4.0
3	10	5	19	1.0
3	10	5	20	4.0
3	10	5	22	1.0
3	10	6	17	1.0
3	10	6	18	1.0
3	10	6	19	2.0
3	10	6	20	1.0
3	10	6	21	1.0
3	11	2	17	2.0
3	11	2	18	2.0
3	11	2	19	1.0
3	11	2	21	2.0
3	11	3	19	2.0
3	11	4	17	1.0
3	11	4	18	2.0
3	11	4	19	4.0
3	11	4	20	1.0
3	11	4	21	1.0
3	11	5	18	2.0
3	11	5	19	2.0
3	11	5	20	4.0
3	11	5	21	1.0
3	11	6	18	1.0
3	11	6	20	3.0
3	12	2	20	4.0
3	12	2	21	1.0
3	12	3	19	1.0
3	12	3	22	1.0
3	12	3	23	1.0
3	12	4	19	3.0
3	12	4	20	5.0
3	12	4	22	3.0
3	12	5	22	3.0
3	12	5	23	4.0
3	12	5	24	1.0
3	12	6	23	1.0
3	13	2	20	3.0
3	13	2	21	3.0
3	13	2	24	1.0
3	13	3	19	1.0
3	13	3	21	1.0
3	13	3	22	1.0
3	13	3	24	1.0
3	13	3	25	1.0
3	13	4	22	3.0
3	13	4	23	1.0
3	13	4	25	1.0
3	13	5	23	1.0
3	13	5	24	3.0
3	13	5	25	3.0
3	14	2	21	3.0
3	14	2	22	1.0
3	14	2	26	1.0
3	14	3	21	1.0
3	14	3	22	2.0
3	14	3	24	1.0
3	14	3	25	1.0
3	14	3	26	1.0
3	14	3	28	2.0
3	14	4	25	1.0
3	14	4	26	3.0
3	14	5	26	1.0
3	15	2	26	2.0
3	15	2	28	1.0
3	15	2	29	1.0
3	15	3	26	1.0
3	15	3	29	1.0
3	15	4	26	2.0
3	15	5	25	1.0
3	15	5	26	1.0
3	16	2	24	3.0
3	16	2	26	1.0
3	16	2	27	1.0
3	16	5	28	1.0
3	17	2	28	1.0
3	17	2	29	1.0
3	17	2	30	1.0
3	17	3	27	1.0
3	17	4	32	1.0
3	18	3	29	2.0
3	18	3	30	1.0
3	18	3	34	1.0
3	18	4	29	1.0
3	18	4	30	1.0
3	18	4	31	2.0
3	18	5	36	1.0
3	18	6	33	4.0
3	19	3	32	2.0
3	20	2	31	1.0
3	20	2	37	1.0
3	20	3	32	1.0
3	21	2	33	1.0
3	21	2	35	1.0
3	21	4	36	1.0
3	22	3	37	1.0
3	22	3	38	1.0
3	22	4	37	1.0
3	26	2	42	1.0
4	5	2	10	1.0
4	5	2	12	1.0
4	5	2	13	1.0
4	5	6	15	1.0
4	5	7	10	32.0
4	5	7	11	4.0
4	5	7	12	1.0
4	5	7	16	1.0
4	5	8	11	1.0
4	5	14	20	1.0
4	6	6	11	4.0
4	6	6	12	5.0
4	6	7	11	38.0
4	6	7	12	6.0
4	6	7	13	2.0
4	6	8	12	8.0
4	6	8	13	1.0
4	7	5	13	1.0
4	7	6	12	10.0
4	7	6	13	5.0
4	7	6	14	1.0
4	7	7	12	9.0
4	7	7	13	25.0
4	7	8	13	3.0
4	7	8	14	4.0
4	7	8	15	1.0
4	7	9	15	1.0
4	8	5	13	1.0
4	8	6	13	6.0
4	8	6	14	15.0
4	8	6	15	8.0
4	8	7	13	2.0
4	8	7	14	8.0
4	8	7	15	7.0
4	8	7	16	9.0
4	8	8	15	2.0
4	8	8	16	4.0
4	9	4	16	6.0
4	9	5	14	2.0
4	9	5	15	2.0
4	9	5	16	8.0
4	9	5	17	3.0
4	9	6	14	3.0
4	9	6	15	5.0
4	9	6	16	10.0
4	9	6	17	9.0
4	9	6	18	4.0
4	9	7	15	1.0
4	9	7	16	6.0
4	9	7	17	2.0
4	9	7	18	2.0
4	9	8	16	2.0
4	9	8	17	2.0
4	10	2	15	2.0
4	10	2	16	1.0
4	10	4	15	1.0
4	10	4	16	1.0
4	10	4	17	5.0
4	10	4	18	3.0
4	10	5	16	2.0
4	10	5	17	9.0
4	10	5	18	5.0
4	10	5	19	3.0
4	10	6	16	7.0
4	10	6	17	6.0
4	10	6	18	2.0
4	10	6	19	2.0
4	10	6	20	1.0
4	10	6	21	1.0
4	10	6	22	1.0
4	10	7	16	1.0
4	10	7	18	8.0
4	10	7	19	4.0
4	10	8	17	1.0
4	10	8	18	1.0
4	10	8	19	1.0
4	11	2	18	1.0
4	11	3	17	1.0
4	11	4	17	1.0
4	11	4	18	2.0
4	11	4	19	7.0
4	11	5	17	1.0
4	11	5	18	4.0
4	11	5	19	9.0
4	11	5	20	3.0
4	11	5	21	1.0
4	11	6	17	1.0
4	11	6	20	3.0
4	11	7	19	3.0
4	11	7	20	3.0
4	11	7	21	2.0
4	12	2	20	3.0
4	12	3	20	2.0
4	12	4	17	2.0
4	12	4	18	1.0
4	12	4	19	3.0
4	12	4	24	1.0
4	12	5	18	1.0
4	12	5	19	1.0
4	12	5	20	3.0
4	12	5	21	1.0
4	12	5	22	1.0
4	12	5	23	1.0
4	12	6	19	3.0
4	12	6	23	1.0
4	12	7	21	2.0
4	12	7	22	2.0
4	12	7	25	1.0
4	13	3	21	3.0
4	13	4	20	4.0
4	13	4	21	3.0
4	13	4	22	2.0
4	13	4	23	1.0
4	13	4	24	2.0
4	13	5	19	1.0
4	13	5	20	2.0
4	13	5	21	3.0
4	13	5	22	3.0
4	13	6	23	1.0
4	13	6	24	1.0
4	13	6	27	1.0
4	13	7	24	1.0
4	13	7	26	1.0
4	14	2	21	4.0
4	14	3	22	4.0
4	14	3	25	1.0
4	14	3	26	1.0
4	14	4	22	2.0
4	14	4	24	3.0
4	14	4	25	1.0
4	14	4	26	1.0
4	14	5	22	1.0
4	14	5	23	2.0
4	14	5	24	2.0
4	14	6	23	1.0
4	14	6	24	3.0
4	14	6	27	3.0
4	14	7	26	2.0
4	15	2	22	1.0
4	15	2	23	1.0
4	15	2	24	1.0
4	15	3	23	1.0
4	15	4	24	1.0
4	15	4	25	1.0
4	15	4	27	1.0
4	15	5	25	2.0
4	15	6	25	1.0
4	15	6	26	3.0
4	15	6	27	3.0
4	16	2	24	2.0
4	16	3	27	1.0
4	16	4	27	2.0
4	16	5	26	1.0
4	16	5	27	2.0
4	16	5	28	1.0
4	17	2	25	1.0
4	17	2	26	1.0
4	17	2	27	2.0
4	17	2	28	1.0
4	17	3	27	1.0
4	17	3	28	1.0
4	17	4	27	1.0
4	17	4	30	1.0
4	17	5	27	1.0
4	17	5	28	2.0
4	17	5	29	3.0
4	17	5	30	1.0
4	18	2	26	1.0
4	18	2	28	1.0
4	18	2	32	3.0
4	18	4	30	1.0
4	18	4	31	1.0
4	18	5	33	2.0
4	18	6	31	2.0
4	18	6	32	1.0
4	18	6	34	1.0
4	19	2	27	1.0
4	19	2	28	1.0
4	19	2	29	1.0
4	19	2	32	1.0
4	19	3	29	1.0
4	19	3	32	1.0
4	19	3	34	1.0
4	19	4	31	1.0
4	19	4	32	1.0
4	19	4	33	2.0
4	19	5	32	1.0
4	19	6	33	1.0
4	20	2	31	1.0
4	20	2	32	2.0
4	20	2	34	1.0
4	20	4	36	1.0
4	20	5	33	1.0
4	20	6	34	1.0
4	22	2	34	1.0
4	22	2	35	2.0
4	22	3	34	1.0
4	23	3	38	1.0
4	23	5	38	1.0
4	23	5	40	1.0
4	24	2	44	1.0
4	25	2	42	1.0
4	25	2	45	1.0
5	6	3	14	1.0
5	6	7	11	1.0
5	6	8	11	24.0
5	6	8	12	5.0
5	6	9	12	4.0
5	6	12	24	1.0
5	7	7	11	1.0
5	7	7	12	7.0
5	7	7	13	7.0
5	7	8	12	23.0
5	7	8	13	12.0
5	7	9	13	6.0
5	7	9	14	1.0
5	8	6	13	1.0
5	8	6	14	3.0
5	8	7	13	7.0
5	8	7	14	6.0
5	8	7	15	1.0
5	8	8	13	2.0
5	8	8	14	18.0
5	8	8	15	21.0
5	8	8	23	1.0
5	8	9	14	5.0
5	8	9	15	1.0
5	9	5	14	1.0
5	9	6	14	2.0
5	9	6	15	2.0
5	9	6	16	3.0
5	9	7	13	1.0
5	9	7	14	7.0
5	9	7	15	14.0
5	9	7	16	5.0
5	9	8	14	2.0
5	9	8	15	11.0
5	9	8	16	3.0
5	9	9	16	4.0
5	9	9	17	1.0
5	10	5	17	3.0
5	10	6	16	3.0
5	10	6	17	1.0
5	10	7	15	1.0
5	10	7	16	3.0
5	10	7	17	6.0
5	10	8	15	1.0
5	10	8	16	1.0
5	10	8	17	4.0
5	10	8	18	2.0
5	10	9	18	2.0
5	11	4	17	1.0
5	11	4	18	3.0
5	11	5	17	4.0
5	11	5	18	2.0
5	11	6	17	3.0
5	11	6	18	5.0
5	11	7	18	8.0
5	11	7	19	5.0
5	11	7	20	4.0
5	11	7	21	1.0
5	11	8	21	1.0
5	12	3	20	1.0
5	12	4	18	2.0
5	12	5	20	3.0
5	12	6	19	2.0
5	12	6	21	5.0
5	12	6	25	1.0
5	12	7	19	4.0
5	12	7	20	6.0
5	12	8	20	2.0
5	12	8	22	1.0
5	13	3	18	1.0
5	13	4	20	1.0
5	13	4	22	3.0
5	13	5	19	5.0
5	13	5	21	2.0
5	13	5	24	2.0
5	13	6	20	1.0
5	13	6	21	1.0
5	13	6	22	4.0
5	13	6	23	1.0
5	13	6	25	2.0
5	13	7	20	1.0
5	13	7	21	3.0
5	13	7	22	4.0
5	13	7	23	1.0
5	13	8	22	4.0
5	14	4	21	1.0
5	14	5	20	1.0
5	14	5	21	3.0
5	14	5	22	1.0
5	14	5	23	2.0
5	14	5	25	2.0
5	14	6	21	1.0
5	14	6	22	1.0
5	14	6	23	4.0
5	14	6	24	2.0
5	14	7	23	1.0
5	14	7	24	2.0
5	14	9	25	3.0
5	15	2	22	1.0
5	15	2	24	1.0
5	15	2	26	1.0
5	15	4	24	1.0
5	15	4	25	2.0
5	15	4	26	1.0
5	15	4	27	4.0
5	15	5	25	2.0
5	15	5	26	1.0
5	15	5	27	2.0
5	15	6	24	3.0
5	15	6	26	1.0
5	15	6	29	1.0
5	15	7	23	2.0
5	15	7	24	1.0
5	15	7	25	1.0
5	15	7	28	1.0
5	16	2	24	1.0
5	16	2	28	1.0
5	16	3	24	1.0
5	16	3	27	1.0
5	16	4	24	2.0
5	16	4	25	1.0
5	16	4	26	2.0
5	16	5	24	4.0
5	16	5	25	1.0
5	16	5	26	1.0
5	16	5	28	4.0
5	16	6	26	1.0
5	16	6	27	3.0
5	16	7	26	2.0
5	16	8	27	2.0
5	16	8	28	2.0
5	16	8	29	2.0
5	16	8	30	1.0
5	17	2	28	1.0
5	17	3	25	3.0
5	17	3	27	1.0
5	17	3	28	1.0
5	17	4	29	1.0
5	17	5	26	1.0
5	17	5	27	1.0
5	17	6	26	2.0
5	17	6	28	1.0
5	17	6	29	1.0
5	17	6	30	1.0
5	17	6	32	3.0
5	17	7	28	1.0
5	17	7	29	1.0
5	17	7	32	1.0
5	17	8	29	1.0
5	17	8	30	1.0
5	18	2	26	4.0
5	18	2	32	1.0
5	18	3	26	1.0
5	18	4	28	2.0
5	18	5	30	1.0
5	18	6	31	1.0
5	18	6	33	2.0
5	18	7	30	2.0
5	18	7	31	1.0
5	18	7	32	1.0
5	18	8	31	1.0
5	19	3	29	1.0
5	19	4	29	3.0
5	19	5	32	1.0
5	19	5	33	1.0
5	19	5	36	1.0
5	20	2	30	1.0
5	20	2	33	2.0
5	20	3	29	1.0
5	20	3	30	1.0
5	20	4	30	1.0
5	20	4	36	1.0
5	20	5	31	1.0
5	21	2	33	3.0
5	21	3	30	1.0
5	21	3	32	1.0
5	21	3	34	1.0
5	21	3	36	1.0
5	21	4	36	1.0
5	22	3	32	1.0
5	22	3	34	3.0
5	22	3	35	2.0
5	22	4	34	3.0
5	22	4	36	1.0
5	22	4	37	2.0
5	22	5	40	1.0
5	23	3	35	1.0
5	23	5	38	1.0
5	23	6	40	1.0
5	24	4	37	1.0
5	24	4	45	1.0
5	24	7	40	1.0
5	25	2	38	1.0
5	25	5	41	1.0
5	26	4	42	3.0
5	26	5	42	1.0
5	28	4	45	1.0
5	28	5	46	1.0
5	29	5	47	1.0
6	7	7	11	1.0
6	7	9	12	8.0
6	7	9	13	4.0
6	7	10	13	4.0
6	8	8	13	3.0
6	8	8	14	3.0
6	8	9	13	21.0
6	8	9	14	11.0
6	8	9	15	2.0
6	8	10	14	6.0
6	8	10	15	1.0
6	8	11	15	1.0
6	9	7	15	1.0
6	9	8	14	7.0
6	9	8	15	6.0
6	9	9	14	11.0
6	9	9	15	16.0
6	9	9	16	5.0
6	9	10	15	5.0
6	9	10	16	5.0
6	10	6	15	1.0
6	10	7	15	3.0
6	10	7	16	6.0
6	10	8	14	1.0
6	10	8	15	3.0
6	10	8	16	12.0
6	10	8	17	2.0
6	10	8	19	1.0
6	10	9	15	3.0
6	10	9	16	3.0
6	10	9	17	6.0
6	10	9	18	1.0
6	10	10	16	1.0
6	10	10	17	4.0
6	11	5	17	1.0
6	11	6	17	1.0
6	11	7	17	4.0
6	11	7	18	4.0
6	11	7	19	1.0
6	11	8	17	2.0
6	11	8	18	4.0
6	11	8	19	3.0
6	11	8	20	1.0
6	11	9	16	2.0
6	11	9	17	1.0
6	11	9	18	6.0
6	11	9	19	3.0
6	11	10	19	1.0
6	12	6	18	3.0
6	12	7	18	4.0
6	12	7	19	2.0
6	12	7	21	2.0
6	12	7	22	1.0
6	12	8	18	4.0
6	12	8	19	3.0
6	12	8	20	2.0
6	12	8	21	1.0
6	12	8	22	1.0
6	12	9	19	3.0
6	12	9	21	1.0
6	12	10	19	1.0
6	13	5	18	1.0
6	13	5	22	3.0
6	13	6	20	2.0
6	13	6	22	1.0
6	13	7	19	1.0
6	13	7	20	2.0
6	13	7	21	4.0
6	13	7	23	3.0
6	13	7	24	2.0
6	13	8	20	2.0
6	13	8	21	6.0
6	13	8	22	2.0
6	13	8	23	1.0
6	13	8	24	1.0
6	13	9	20	1.0
6	13	9	21	2.0
6	13	9	23	1.0
6	13	9	24	5.0
6	14	4	21	1.0
6	14	4	22	1.0
6	14	5	20	2.0
6	14	5	23	2.0
6	14	5	24	1.0
6	14	6	19	1.0
6	14	6	20	2.0
6	14	6	22	1.0
6	14	6	24	2.0
6	14	7	22	2.0
6	14	8	22	1.0
6	14	8	23	6.0
6	14	8	24	4.0
6	14	9	27	1.0
6	15	3	22	2.0
6	15	3	24	1.0
6	15	4	21	1.0
6	15	4	23	1.0
6	15	4	24	3.0
6	15	5	21	1.0
6	15	5	23	3.0
6	15	6	23	1.0
6	15	7	23	1.0
6	15	7	24	3.0
6	15	7	27	2.0
6	15	8	22	1.0
6	15	8	29	1.0
6	15	9	27	1.0
6	16	4	23	2.0
6	16	5	24	1.0
6	16	6	25	2.0
6	16	7	24	2.0
6	16	7	25	3.0
6	16	7	27	1.0
6	16	7	29	1.0
6	16	8	25	3.0
6	16	8	26	1.0
6	16	9	26	1.0
6	16	9	30	1.0
6	17	5	29	1.0
6	17	6	25	1.0
6	17	6	27	1.0
6	17	6	29	1.0
6	17	6	30	1.0
6	17	7	26	1.0
6	17	7	27	1.0
6	17	8	30	3.0
6	17	9	30	2.0
6	18	2	25	3.0
6	18	2	28	3.0
6	18	4	25	1.0
6	18	4	26	1.0
6	18	4	27	2.0
6	18	4	28	1.0
6	18	6	29	1.0
6	18	7	30	2.0
6	18	7	31	4.0
6	19	3	27	1.0
6	19	3	28	1.0
6	19	4	26	1.0
6	19	4	28	2.0
6	19	5	29	3.0
6	19	5	32	1.0
6	19	5	34	1.0
6	19	6	29	1.0
6	19	6	30	3.0
6	19	7	30	2.0
6	20	2	29	1.0
6	20	3	30	1.0
6	20	4	30	3.0
6	20	4	33	1.0
6	20	4	34	1.0
6	20	5	35	1.0
6	20	5	37	1.0
6	20	6	30	1.0
6	20	6	31	1.0
6	20	7	39	1.0
6	20	8	37	1.0
6	21	2	29	2.0
6	21	2	33	1.0
6	21	3	32	2.0
6	21	3	35	1.0
6	21	4	33	1.0
6	21	4	36	1.0
6	21	5	34	1.0
6	21	5	38	1.0
6	21	6	35	2.0
6	21	6	36	1.0
6	21	7	35	1.0
6	21	8	33	1.0
6	22	2	33	3.0
6	22	3	32	1.0
6	22	4	34	1.0
6	22	5	34	2.0
6	22	5	35	1.0
6	22	6	34	1.0
6	22	6	35	1.0
6	22	7	35	2.0
6	23	2	33	1.0
6	23	4	40	1.0
6	23	6	36	1.0
6	24	4	36	1.0
6	24	7	39	1.0
6	24	7	46	1.0
6	25	3	38	1.0
6	26	4	40	1.0
6	26	5	45	1.0
6	27	2	42	1.0
6	27	3	45	1.0
6	27	4	45	1.0
6	27	5	45	1.0
6	28	2	40	1.0
6	28	4	46	1.0
6	29	5	45	1.0
7	8	2	16	1.0
7	8	2	18	1.0
7	8	10	13	10.0
7	8	10	14	4.0
7	8	11	14	5.0
7	8	13	21	1.0
7	9	8	14	1.0
7	9	9	14	2.0
7	9	9	15	1.0
7	9	10	14	23.0
7	9	10	15	4.0
7	9	10	16	1.0
7	9	11	15	3.0
7	10	8	15	1.0
7	10	8	16	1.0
7	10	9	15	4.0
7	10	9	16	3.0
7	10	10	15	12.0
7	10	10	16	10.0
7	10	10	17	1.0
7	10	10	18	1.0
7	10	11	16	2.0
7	10	11	17	2.0
7	11	8	16	3.0
7	11	8	17	3.0
7	11	9	16	2.0
7	11	9	17	3.0
7	11	9	18	1.0
7	11	9	19	1.0
7	11	10	16	2.0
7	11	10	17	7.0
7	11	10	18	9.0
7	11	10	19	1.0
7	11	10	24	1.0
7	12	7	17	1.0
7	12	7	18	1.0
7	12	8	18	8.0
7	12	8	19	2.0
7	12	8	20	1.0
7	12	9	17	5.0
7	12	9	18	18.0
7	12	9	19	2.0
7	12	9	20	9.0
7	12	10	18	3.0
7	12	10	19	1.0
7	12	10	20	2.0
7	13	6	20	1.0
7	13	7	20	5.0
7	13	8	19	2.0
7	13	8	20	3.0
7	13	8	21	2.0
7	13	9	18	2.0
7	13	9	19	2.0
7	13	9	20	1.0
7	13	9	21	7.0
7	13	10	21	1.0
7	13	10	22	1.0
7	13	10	23	1.0
7	14	6	20	1.0
7	14	7	20	2.0
7	14	7	21	1.0
7	14	7	22	2.0
7	14	7	23	1.0
7	14	7	24	1.0
7	14	8	21	2.0
7	14	8	22	3.0
7	14	8	23	1.0
7	14	8	24	1.0
7	14	9	20	2.0
7	14	9	21	6.0
7	14	9	22	1.0
7	14	10	23	3.0
7	14	11	24	2.0
7	14	11	25	1.0
7	15	5	23	2.0
7	15	6	21	2.0
7	15	6	23	3.0
7	15	7	21	4.0
7	15	7	22	2.0
7	15	7	23	3.0
7	15	8	21	3.0
7	15	8	22	2.0
7	15	8	23	3.0
7	15	8	24	2.0
7	15	8	25	1.0
7	15	9	23	4.0
7	15	9	25	2.0
7	15	10	25	1.0
7	15	11	25	1.0
7	16	4	24	1.0
7	16	5	21	1.0
7	16	6	22	1.0
7	16	6	24	3.0
7	16	7	23	2.0
7	16	7	24	1.0
7	16	7	25	1.0
7	16	7	26	1.0
7	16	8	23	1.0
7	16	8	24	1.0
7	16	8	25	1.0
7	16	8	26	2.0
7	16	8	27	1.0
7	16	9	26	1.0
7	16	9	29	1.0
7	16	10	25	1.0
7	17	3	25	2.0
7	17	5	26	1.0
7	17	5	27	3.0
7	17	6	23	1.0
7	17	6	24	1.0
7	17	6	28	1.0
7	17	7	24	1.0
7	17	8	29	2.0
7	17	9	26	1.0
7	17	9	27	3.0
7	18	2	27	3.0
7	18	4	28	1.0
7	18	5	28	1.0
7	18	6	26	1.0
7	18	6	27	1.0
7	18	9	28	2.0
7	19	5	29	1.0
7	19	6	30	1.0
7	19	7	29	1.0
7	19	7	34	2.0
7	19	9	31	1.0
7	19	10	33	1.0
7	20	3	31	2.0
7	20	4	32	1.0
7	20	5	30	1.0
7	20	6	30	2.0
7	20	7	33	1.0
7	20	9	33	1.0
7	21	2	31	1.0
7	21	3	35	1.0
7	21	5	29	1.0
7	21	5	30	1.0
7	21	5	31	1.0
7	21	5	33	1.0
7	21	6	32	1.0
7	21	7	33	1.0
7	21	7	35	1.0
7	21	8	33	2.0
7	21	9	33	2.0
7	22	2	36	1.0
7	22	3	34	1.0
7	22	3	36	1.0
7	22	5	33	4.0
7	22	6	32	1.0
7	22	6	33	1.0
7	22	8	33	1.0
7	22	8	34	1.0
7	22	9	36	1.0
7	23	2	34	1.0
7	23	3	35	1.0
7	23	6	36	1.0
7	23	8	36	1.0
7	23	8	37	1.0
7	23	8	38	1.0
7	24	2	40	1.0
7	24	3	32	1.0
7	24	3	33	1.0
7	24	3	35	1.0
7	24	4	33	1.0
7	24	5	36	1.0
7	24	5	39	1.0
7	24	6	35	1.0
7	24	6	38	1.0
7	24	6	39	1.0
7	24	7	37	1.0
7	24	7	39	1.0
7	25	2	38	1.0
7	25	6	38	1.0
7	26	4	40	2.0
7	27	2	38	1.0
7	27	4	39	1.0
7	27	5	40	1.0
7	27	6	44	1.0
7	29	2	49	1.0
8	9	11	14	6.0
8	9	12	15	6.0
8	10	9	16	1.0
8	10	10	14	5.0
8	10	10	15	1.0
8	10	10	16	4.0
8	10	11	15	19.0
8	10	11	16	3.0
8	10	11	17	2.0
8	10	12	16	1.0
8	11	10	17	3.0
8	11	11	16	3.0
8	11	11	17	20.0
8	11	11	18	4.0
8	11	12	17	2.0
8	11	12	18	1.0
8	12	8	17	1.0
8	12	9	18	2.0
8	12	10	17	3.0
8	12	10	18	6.0
8	12	10	19	3.0
8	12	11	17	2.0
8	12	11	18	4.0
8	12	11	19	4.0
8	12	11	20	1.0
8	12	12	18	2.0
8	12	12	20	1.0
8	13	9	18	3.0
8	13	9	19	5.0
8	13	9	21	2.0
8	13	10	18	1.0
8	13	10	19	3.0
8	13	10	20	4.0
8	13	10	22	1.0
8	13	11	19	4.0
8	13	11	21	2.0
8	13	11	22	3.0
8	13	12	20	1.0
8	14	8	20	1.0
8	14	8	22	3.0
8	14	9	20	1.0
8	14	9	21	4.0
8	14	9	22	2.0
8	14	10	21	6.0
8	14	10	22	2.0
8	14	10	25	1.0
8	14	11	21	1.0
8	14	11	22	1.0
8	14	11	24	1.0
8	15	7	21	2.0
8	15	8	22	2.0
8	15	8	24	1.0
8	15	9	22	10.0
8	15	9	23	3.0
8	15	9	24	4.0
8	15	10	22	2.0
8	15	10	23	1.0
8	15	11	23	2.0
8	15	11	24	3.0
8	16	5	24	1.0
8	16	6	24	1.0
8	16	7	23	6.0
8	16	7	25	3.0
8	16	8	23	1.0
8	16	8	24	2.0
8	16	9	24	1.0
8	16	9	25	1.0
8	16	10	24	1.0
8	16	10	25	2.0
8	17	7	24	1.0
8	17	7	26	1.0
8	17	7	29	1.0
8	17	8	25	1.0
8	17	8	26	1.0
8	17	9	25	2.0
8	17	9	26	1.0
8	17	9	28	1.0
8	17	10	26	1.0
8	17	11	26	2.0
8	17	11	27	1.0
8	18	6	26	1.0
8	18	8	27	1.0
8	18	8	29	1.0
8	18	9	26	1.0
8	18	10	27	1.0
8	18	10	28	3.0
8	19	2	28	1.0
8	19	9	30	1.0
8	19	10	31	1.0
8	19	11	29	1.0
8	20	4	27	1.0
8	20	4	29	2.0
8	20	5	32	1.0
8	20	6	29	1.0
8	20	7	28	1.0
8	20	7	29	1.0
8	20	7	32	3.0
8	20	7	34	1.0
8	20	8	31	1.0
8	21	4	29	1.0
8	21	5	28	2.0
8	21	5	29	1.0
8	21	6	30	1.0
8	21	7	31	2.0
8	21	7	32	1.0
8	21	8	30	1.0
8	21	8	35	1.0
8	22	2	31	1.0
8	22	5	29	1.0
8	22	5	30	1.0
8	22	6	30	1.0
8	22	6	31	1.0
8	22	6	32	2.0
8	22	6	33	2.0
8	22	6	35	1.0
8	22	7	34	1.0
8	22	8	32	1.0
8	22	9	34	1.0
8	23	3	33	1.0
8	23	5	33	4.0
8	23	5	34	1.0
8	23	6	33	1.0
8	23	8	35	2.0
8	23	8	40	1.0
8	23	9	34	1.0
8	24	5	33	1.0
8	24	5	40	1.0
8	24	9	41	1.0
8	25	5	37	1.0
8	25	5	40	1.0
8	25	6	36	1.0
8	25	6	37	1.0
8	25	6	39	1.0
8	25	6	40	1.0
8	26	4	36	1.0
8	26	5	39	1.0
8	26	7	40	2.0
8	26	9	42	1.0
8	27	3	39	1.0
8	27	4	39	1.0
8	27	5	41	2.0
8	27	6	40	1.0
8	27	6	42	1.0
8	27	6	43	1.0
8	27	8	41	1.0
8	27	8	43	1.0
8	28	2	38	1.0
8	28	5	41	2.0
8	29	7	44	1.0
8	30	2	42	2.0
8	30	4	48	1.0
8	31	4	43	1.0
8	31	5	46	1.0
9	10	2	22	1.0
9	10	12	15	2.0
9	10	13	16	4.0
9	11	11	16	2.0
9	11	11	17	1.0
9	11	12	16	10.0
9	11	12	17	10.0
9	11	13	17	5.0
9	12	10	18	1.0
9	12	11	17	1.0
9	12	11	18	3.0
9	12	12	17	8.0
9	12	12	18	12.0
9	12	13	18	1.0
9	12	13	19	1.0
9	13	9	19	1.0
9	13	11	18	5.0
9	13	11	19	6.0
9	13	11	20	2.0
9	13	11	21	1.0
9	13	12	18	1.0
9	13	12	19	7.0
9	13	12	20	2.0
9	13	13	19	1.0
9	13	13	20	3.0
9	14	10	20	3.0
9	14	10	21	1.0
9	14	11	19	1.0
9	14	11	20	2.0
9	14	11	21	11.0
9	14	11	22	2.0
9	14	12	20	2.0
9	14	12	21	2.0
9	14	12	22	2.0
9	15	9	22	1.0
9	15	9	24	2.0
9	15	10	21	4.0
9	15	10	23	1.0
9	15	10	24	2.0
9	15	11	24	1.0
9	15	11	25	3.0
9	15	12	21	1.0
9	15	12	22	1.0
9	15	12	23	2.0
9	16	8	24	1.0
9	16	8	25	1.0
9	16	9	23	4.0
9	16	9	24	1.0
9	16	9	25	1.0
9	16	9	26	1.0
9	16	10	21	1.0
9	16	10	24	2.0
9	16	10	26	1.0
9	16	11	23	2.0
9	16	11	24	5.0
9	16	11	25	2.0
9	16	11	26	5.0
9	16	11	27	1.0
9	16	12	26	1.0
9	17	7	23	1.0
9	17	7	24	2.0
9	17	8	23	1.0
9	17	9	23	1.0
9	17	9	24	3.0
9	17	9	25	1.0
9	17	9	26	1.0
9	17	10	24	3.0
9	17	10	25	1.0
9	17	10	26	3.0
9	17	10	27	2.0
9	17	11	24	1.0
9	17	11	25	2.0
9	17	11	26	1.0
9	17	11	27	1.0
9	17	13	27	1.0
9	18	7	25	2.0
9	18	8	24	1.0
9	18	8	25	1.0
9	18	9	24	2.0
9	18	9	26	2.0
9	18	9	29	2.0
9	18	10	26	2.0
9	18	10	27	1.0
9	18	10	28	1.0
9	18	11	28	1.0
9	19	4	27	2.0
9	19	5	27	1.0
9	19	7	27	1.0
9	19	7	28	2.0
9	19	8	26	1.0
9	19	8	27	2.0
9	19	8	28	1.0
9	19	8	30	1.0
9	19	9	27	2.0
9	19	9	30	1.0
9	19	11	28	1.0
9	20	5	29	1.0
9	20	7	27	1.0
9	20	8	28	1.0
9	20	8	33	2.0
9	20	10	30	1.0
9	20	11	30	1.0
9	20	11	31	1.0
9	20	11	32	1.0
9	21	5	31	2.0
9	21	7	30	1.0
9	21	8	31	1.0
9	21	9	33	1.0
9	21	10	30	1.0
9	21	10	32	1.0
9	21	10	33	1.0
9	21	10	36	1.0
9	21	10	37	1.0
9	21	12	33	1.0
9	22	2	30	1.0
9	22	5	30	1.0
9	22	7	31	1.0
9	22	8	34	1.0
9	22	8	36	2.0
9	22	9	34	1.0
9	22	9	35	2.0
9	22	9	37	1.0
9	22	10	33	3.0
9	22	10	34	1.0
9	22	10	37	1.0
9	22	10	38	1.0
9	23	4	34	1.0
9	23	5	33	1.0
9	23	7	32	2.0
9	23	7	34	1.0
9	23	8	34	1.0
9	23	9	34	2.0
9	24	5	35	2.0
9	24	5	37	1.0
9	24	6	35	1.0
9	24	7	33	1.0
9	24	7	36	1.0
9	25	2	36	3.0
9	25	3	35	1.0
9	25	3	37	1.0
9	25	6	34	1.0
9	25	7	41	1.0
9	25	8	40	1.0
9	25	8	44	1.0
9	25	9	37	2.0
9	25	10	38	2.0
9	26	5	36	1.0
9	26	5	38	1.0
9	26	5	42	1.0
9	26	6	36	2.0
9	26	6	39	2.0
9	26	7	37	1.0
9	26	8	38	2.0
9	26	8	41	2.0
9	26	9	39	2.0
9	26	10	41	1.0
9	27	5	42	1.0
9	27	5	44	1.0
9	27	6	40	1.0
9	27	7	41	1.0
9	27	9	42	1.0
9	27	10	41	1.0
9	28	5	42	1.0
9	28	10	46	1.0
9	29	4	43	1.0
9	29	9	49	1.0
9	30	2	48	1.0
9	30	9	46	2.0
9	32	5	46	1.0
9	32	8	47	1.0
9	33	3	47	1.0
9	33	3	49	1.0
10	11	13	16	8.0
10	11	13	17	2.0
10	11	14	17	4.0
10	12	11	18	1.0
10	12	12	18	2.0
10	12	13	17	9.0
10	12	13	18	1.0
10	12	13	19	1.0
10	12	14	18	2.0
10	13	12	18	8.0
10	13	12	19	4.0
10	13	12	20	4.0
10	13	13	18	9.0
10	13	13	19	6.0
10	13	13	20	3.0
10	13	14	19	1.0
10	13	14	20	1.0
10	14	11	21	1.0
10	14	12	19	2.0
10	14	12	20	5.0
10	14	12	21	2.0
10	14	13	20	4.0
10	14	13	21	5.0
10	14	14	20	1.0
10	14	14	21	3.0
10	14	14	22	1.0
10	15	10	21	3.0
10	15	11	21	3.0
10	15	12	20	1.0
10	15	12	21	1.0
10	15	12	22	3.0
10	15	12	24	1.0
10	15	13	21	1.0
10	15	13	22	5.0
10	15	13	23	4.0
10	16	10	24	1.0
10	16	11	21	1.0
10	16	11	22	1.0
10	16	12	22	1.0
10	16	12	23	2.0
10	16	13	23	1.0
10	16	13	24	1.0
10	17	9	24	2.0
10	17	10	22	1.0
10	17	10	24	2.0
10	17	10	25	1.0
10	17	11	22	1.0
10	17	11	24	1.0
10	17	12	24	2.0
10	17	12	25	4.0
10	17	12	27	3.0
10	18	8	25	1.0
10	18	8	26	1.0
10	18	9	25	1.0
10	18	11	26	2.0
10	18	12	26	1.0
10	18	12	27	3.0
10	19	8	30	1.0
10	19	9	26	1.0
10	19	9	27	1.0
10	19	9	28	2.0
10	19	9	29	1.0
10	19	10	26	1.0
10	19	10	27	1.0
10	19	10	29	1.0
10	19	10	30	1.0
10	19	12	28	1.0
10	19	12	29	2.0
10	19	12	30	1.0
10	20	5	29	1.0
10	20	6	27	2.0
10	20	8	26	1.0
10	20	8	28	1.0
10	20	9	27	1.0
10	20	9	28	1.0
10	20	10	30	1.0
10	20	11	27	1.0
10	20	11	31	1.0
10	20	12	31	1.0
10	20	12	32	2.0
10	20	12	33	1.0
10	20	13	31	1.0
10	21	5	29	1.0
10	21	6	31	1.0
10	21	7	31	1.0
10	21	9	27	1.0
10	21	9	31	1.0
10	21	9	34	1.0
10	21	10	30	2.0
10	21	10	31	2.0
10	21	10	32	2.0
10	21	11	30	2.0
10	21	11	31	4.0
10	21	11	33	1.0
10	22	6	29	1.0
10	22	7	31	2.0
10	22	8	29	1.0
10	22	8	32	1.0
10	22	8	36	1.0
10	22	9	34	1.0
10	22	9	35	2.0
10	22	10	32	2.0
10	22	10	33	4.0
10	22	10	35	1.0
10	22	11	33	1.0
10	22	11	35	1.0
10	22	13	34	2.0
10	23	4	34	2.0
10	23	6	33	1.0
10	23	8	31	1.0
10	23	8	32	1.0
10	23	8	33	1.0
10	23	9	38	1.0
10	23	10	35	1.0
10	23	11	34	1.0
10	24	7	32	3.0
10	24	7	33	1.0
10	24	8	32	1.0
10	24	8	40	2.0
10	24	9	36	1.0
10	25	6	33	1.0
10	25	7	36	1.0
10	25	7	37	1.0
10	25	7	41	1.0
10	26	4	39	1.0
10	26	6	36	2.0
10	26	6	37	1.0
10	26	7	41	1.0
10	26	8	38	1.0
10	27	2	36	1.0
10	27	5	43	2.0
10	27	6	38	1.0
10	27	8	39	2.0
10	27	8	40	1.0
10	27	8	41	1.0
10	28	9	42	1.0
10	28	11	45	1.0
10	29	4	40	1.0
10	29	4	41	1.0
10	29	6	42	3.0
10	29	8	44	1.0
10	30	4	41	1.0
10	30	5	43	1.0
10	30	10	46	1.0
10	31	6	42	1.0
10	31	8	46	1.0
10	31	10	47	1.0
10	32	3	42	1.0
10	32	8	47	3.0
10	33	6	46	1.0
10	33	7	47	1.0
10	33	8	48	1.0
11	12	14	17	3.0
11	12	15	18	3.0
11	13	13	17	1.0
11	13	13	18	3.0
11	13	14	18	9.0
11	13	14	19	6.0
11	13	14	20	1.0
11	14	13	20	3.0
11	14	13	21	4.0
11	14	14	19	3.0
11	14	14	20	9.0
11	14	14	21	5.0
11	14	15	20	3.0
11	14	15	21	1.0
11	15	11	20	1.0
11	15	11	21	1.0
11	15	12	20	1.0
11	15	12	21	2.0
11	15	12	23	4.0
11	15	13	20	1.0
11	15	13	21	6.0
11	15	13	22	2.0
11	15	14	20	2.0
11	15	14	21	6.0
11	15	14	22	1.0
11	15	14	23	1.0
11	15	14	24	1.0
11	15	15	22	2.0
11	15	15	23	1.0
11	16	11	22	1.0
11	16	12	23	1.0
11	16	12	25	1.0
11	16	13	22	1.0
11	16	13	23	2.0
11	16	13	24	1.0
11	16	14	22	2.0
11	16	14	23	6.0
11	16	14	24	1.0
11	16	15	23	1.0
11	17	11	23	2.0
11	17	12	22	3.0
11	17	12	23	7.0
11	17	12	24	1.0
11	17	12	26	1.0
11	17	13	23	1.0
11	17	13	24	3.0
11	17	13	25	1.0
11	17	13	26	2.0
11	18	10	26	1.0
11	18	11	26	1.0
11	18	11	27	3.0
11	18	12	26	1.0
11	18	13	25	1.0
11	18	13	26	1.0
11	18	13	27	1.0
11	18	14	26	2.0
11	18	14	27	4.0
11	19	10	27	3.0
11	19	11	26	1.0
11	19	13	28	1.0
11	19	13	31	2.0
11	19	14	28	3.0
11	20	11	26	2.0
11	20	11	29	1.0
11	20	11	31	2.0
11	20	11	32	2.0
11	20	12	27	1.0
11	20	12	28	1.0
11	20	12	29	1.0
11	20	13	29	1.0
11	20	13	30	1.0
11	20	14	31	1.0
11	21	7	29	1.0
11	21	9	29	1.0
11	21	11	29	1.0
11	21	11	31	2.0
11	21	11	35	1.0
11	21	13	30	1.0
11	21	14	31	1.0
11	22	6	29	1.0
11	22	6	33	1.0
11	22	7	32	2.0
11	22	9	30	1.0
11	22	9	31	2.0
11	22	10	32	1.0
11	22	11	31	5.0
11	22	12	31	1.0
11	22	12	32	1.0
11	22	13	34	1.0
11	23	8	31	1.0
11	23	10	32	2.0
11	23	11	33	1.0
11	23	11	34	1.0
11	23	13	33	1.0
11	24	6	32	1.0
11	24	7	33	1.0
11	24	8	35	1.0
11	24	9	35	1.0
11	24	9	36	1.0
11	24	10	33	2.0
11	24	12	33	1.0
11	24	12	36	1.0
11	24	12	37	1.0
11	24	12	40	1.0
11	24	13	39	1.0
11	25	7	36	1.0
11	25	9	33	1.0
11	25	9	41	1.0
11	25	12	39	2.0
11	25	12	40	1.0
11	26	2	36	1.0
11	26	5	39	1.0
11	26	8	38	1.0
11	27	7	41	1.0
11	27	8	36	4.0
11	27	8	37	1.0
11	27	9	44	1.0
11	27	10	38	1.0
11	27	10	42	1.0
11	27	10	43	1.0
11	27	12	47	1.0
11	28	4	40	1.0
11	28	9	38	1.0
11	28	12	47	1.0
11	29	5	42	2.0
11	29	8	40	1.0
11	29	11	46	1.0
11	30	4	42	1.0
11	30	6	45	3.0
11	30	8	46	2.0
11	31	7	43	1.0
11	32	4	42	1.0
11	32	5	42	1.0
11	32	8	45	1.0
11	33	5	42	1.0
11	33	8	46	1.0
11	35	3	48	1.0
12	13	13	18	1.0
12	13	15	18	5.0
12	14	14	19	3.0
12	14	14	20	1.0
12	14	15	19	2.0
12	14	15	20	5.0
12	14	16	20	3.0
12	14	16	21	1.0
12	14	17	21	2.0
12	15	14	20	1.0
12	15	14	21	1.0
12	15	15	20	1.0
12	15	15	21	10.0
12	15	16	21	2.0
12	16	13	22	1.0
12	16	14	21	1.0
12	16	14	22	2.0
12	16	14	23	1.0
12	16	14	24	1.0
12	16	15	21	3.0
12	16	15	22	3.0
12	16	15	23	1.0
12	16	15	24	1.0
12	16	16	23	1.0
12	17	13	22	4.0
12	17	13	23	2.0
12	17	13	24	1.0
12	17	14	23	2.0
12	17	14	26	1.0
12	17	15	23	1.0
12	17	15	24	1.0
12	17	15	26	1.0
12	17	16	24	1.0
12	17	16	25	1.0
12	18	13	23	1.0
12	18	13	24	2.0
12	18	13	25	1.0
12	18	14	25	1.0
12	18	14	26	5.0
12	18	14	27	1.0
12	18	15	25	2.0
12	19	10	27	1.0
12	19	13	25	1.0
12	19	13	28	1.0
12	19	14	25	1.0
12	19	14	26	1.0
12	19	14	27	1.0
12	19	14	30	3.0
12	20	10	28	1.0
12	20	10	29	1.0
12	20	12	27	3.0
12	20	12	31	1.0
12	20	12	32	1.0
12	20	13	28	1.0
12	20	13	29	2.0
12	20	13	30	1.0
12	20	13	31	1.0
12	20	13	32	1.0
12	20	14	30	3.0
12	21	10	30	2.0
12	21	13	28	1.0
12	21	13	31	1.0
12	21	14	28	1.0
12	21	15	30	1.0
12	22	11	33	3.0
12	22	13	31	1.0
12	22	13	36	1.0
12	22	14	31	1.0
12	23	9	36	1.0
12	23	10	31	1.0
12	23	11	30	1.0
12	23	11	32	1.0
12	23	11	33	3.0
12	23	12	34	1.0
12	23	12	35	1.0
12	23	13	35	1.0
12	24	8	33	1.0
12	24	10	33	1.0
12	24	10	34	1.0
12	24	11	34	1.0
12	24	11	35	2.0
12	24	11	36	1.0
12	24	12	34	1.0
12	24	13	34	2.0
12	24	14	34	1.0
12	25	11	34	1.0
12	25	11	36	1.0
12	25	12	35	1.0
12	25	12	36	2.0
12	25	12	37	1.0
12	25	12	39	1.0
12	25	14	38	1.0
12	26	10	35	1.0
12	26	11	37	1.0
12	26	12	37	1.0
12	26	12	38	1.0
12	27	7	38	1.0
12	27	8	37	1.0
12	27	8	40	1.0
12	27	8	41	1.0
12	27	9	37	1.0
12	27	10	40	1.0
12	27	13	40	1.0
12	28	8	37	1.0
12	28	10	37	1.0
12	28	10	42	1.0
12	28	11	38	1.0
12	29	11	42	3.0
12	29	11	45	1.0
12	29	12	43	1.0
12	30	3	43	1.0
12	30	5	42	1.0
12	30	9	41	1.0
12	30	11	45	1.0
12	30	12	43	3.0
12	30	13	43	1.0
12	30	13	48	1.0
12	31	2	44	1.0
12	31	7	41	1.0
12	31	11	46	2.0
12	32	4	44	1.0
12	33	2	47	1.0
12	33	4	47	1.0
12	34	8	47	1.0
12	34	10	48	2.0
13	14	11	20	1.0
13	14	16	19	5.0
13	14	17	20	1.0
13	15	14	20	1.0
13	15	15	20	2.0
13	15	15	21	1.0
13	15	16	20	6.0
13	15	16	21	5.0
13	15	17	21	3.0
13	16	15	22	5.0
13	16	16	21	1.0
13	16	16	22	5.0
13	16	16	23	3.0
13	16	17	22	2.0
13	16	17	23	1.0
13	17	13	23	1.0
13	17	14	23	1.0
13	17	15	23	4.0
13	17	15	24	3.0
13	17	16	22	3.0
13	17	16	23	6.0
13	17	16	24	3.0
13	18	14	25	4.0
13	18	14	26	1.0
13	18	15	24	1.0
13	18	15	25	3.0
13	19	14	24	1.0
13	19	14	26	1.0
13	19	15	29	1.0
13	19	16	27	2.0
13	19	16	28	1.0
13	20	13	26	1.0
13	20	13	27	1.0
13	20	14	27	1.0
13	20	15	27	1.0
13	20	15	28	4.0
13	20	16	29	1.0
13	21	12	28	1.0
13	21	13	27	1.0
13	21	13	30	2.0
13	21	14	29	1.0
13	21	14	30	1.0
13	21	15	31	2.0
13	21	16	30	1.0
13	22	10	30	2.0
13	22	12	33	3.0
13	22	13	30	1.0
13	22	13	31	2.0
13	22	14	29	1.0
13	22	15	34	2.0
13	23	10	34	1.0
13	23	11	33	2.0
13	23	12	31	2.0
13	23	13	31	1.0
13	23	16	33	1.0
13	24	10	33	1.0
13	24	11	34	1.0
13	24	13	33	1.0
13	24	13	35	1.0
13	24	13	36	1.0
13	24	13	39	1.0
13	24	15	34	1.0
13	26	9	39	1.0
13	26	9	40	1.0
13	26	11	33	1.0
13	27	10	36	1.0
13	27	10	37	1.0
13	27	11	35	1.0
13	28	10	42	1.0
13	28	11	40	1.0
13	28	12	40	2.0
13	28	13	41	1.0
13	29	6	38	1.0
13	29	8	41	1.0
13	29	10	40	1.0
13	29	13	42	1.0
13	29	13	43	1.0
13	30	11	41	2.0
13	33	3	44	1.0
13	33	9	46	1.0
13	33	10	48	2.0
13	33	11	48	1.0
13	34	7	47	1.0
13	36	3	48	1.0
14	15	17	20	1.0
14	15	18	21	3.0
14	16	16	21	1.0
14	16	17	21	7.0
14	16	17	22	4.0
14	16	18	22	2.0
14	17	16	22	3.0
14	17	16	23	1.0
14	17	16	24	1.0
14	17	17	22	4.0
14	17	17	24	1.0
14	18	15	23	2.0
14	18	16	23	2.0
14	18	16	24	3.0
14	18	17	23	1.0
14	18	17	24	4.0
14	18	17	25	7.0
14	18	18	24	1.0
14	19	16	25	6.0
14	19	16	26	1.0
14	19	16	27	2.0
14	19	17	25	2.0
14	19	17	26	1.0
14	20	15	27	4.0
14	20	16	27	1.0
14	20	16	28	2.0
14	20	16	29	1.0
14	20	17	27	3.0
14	20	17	28	2.0
14	20	17	29	4.0
14	21	12	29	1.0
14	21	12	30	2.0
14	21	15	29	2.0
14	21	16	28	1.0
14	22	14	29	1.0
14	22	15	29	1.0
14	22	15	30	1.0
14	22	16	29	1.0
14	23	13	29	1.0
14	23	13	32	2.0
14	23	13	33	2.0
14	23	15	31	1.0
14	23	15	33	2.0
14	24	14	36	2.0
14	24	15	33	1.0
14	24	15	34	2.0
14	24	16	35	1.0
14	25	14	32	1.0
14	25	14	35	1.0
14	25	15	34	1.0
14	26	11	33	1.0
14	27	9	36	1.0
14	27	10	36	1.0
14	27	12	36	1.0
14	27	14	40	1.0
14	28	9	36	1.0
14	28	10	36	1.0
14	28	13	39	1.0
14	28	15	39	2.0
14	29	7	38	1.0
14	29	10	40	2.0
14	29	11	40	1.0
14	29	13	40	1.0
14	30	13	41	3.0
14	30	14	44	1.0
14	30	15	43	1.0
14	32	9	41	1.0
14	32	13	46	1.0
14	33	10	45	1.0
14	33	10	48	1.0
14	34	6	44	1.0
14	34	12	48	1.0
15	16	18	21	2.0
15	16	18	22	1.0
15	16	19	22	1.0
15	17	17	22	4.0
15	17	18	22	4.0
15	17	18	23	2.0
15	18	17	23	1.0
15	18	17	24	1.0
15	18	18	23	2.0
15	18	18	24	4.0
15	18	19	24	1.0
15	19	16	25	1.0
15	19	17	25	5.0
15	19	17	26	1.0
15	19	18	25	2.0
15	19	18	27	2.0
15	19	19	26	1.0
15	19	19	27	2.0
15	20	16	27	1.0
15	20	17	26	4.0
15	20	17	27	1.0
15	20	17	28	1.0
15	20	18	26	2.0
15	20	18	27	2.0
15	20	18	28	2.0
15	21	15	27	1.0
15	21	16	28	1.0
15	21	17	27	1.0
15	21	17	28	1.0
15	21	17	29	1.0
15	21	18	29	1.0
15	22	13	30	1.0
15	22	17	29	2.0
15	22	18	31	1.0
15	23	14	29	3.0
15	23	15	29	2.0
15	23	15	31	1.0
15	23	15	32	3.0
15	23	16	31	2.0
15	23	17	31	4.0
15	23	17	32	1.0
15	24	14	30	1.0
15	24	14	35	2.0
15	24	15	30	1.0
15	24	15	31	1.0
15	24	15	32	1.0
15	24	16	32	1.0
15	24	18	33	1.0
15	25	12	33	3.0
15	25	14	33	1.0
15	25	15	32	1.0
15	26	16	34	1.0
15	27	13	39	1.0
15	27	13	40	2.0
15	27	14	36	1.0
15	28	13	36	2.0
15	28	13	37	4.0
15	28	13	40	1.0
15	28	14	42	1.0
15	28	15	40	1.0
15	29	7	38	2.0
15	29	12	42	2.0
15	30	8	42	1.0
15	31	12	49	1.0
15	31	15	48	1.0
15	31	15	49	1.0
15	32	6	44	1.0
15	32	12	47	1.0
15	32	12	49	1.0
15	32	13	45	1.0
15	32	14	44	1.0
15	32	15	48	1.0
15	32	15	49	1.0
15	33	7	42	1.0
15	33	8	43	1.0
15	33	12	49	1.0
15	33	13	45	1.0
15	33	14	47	1.0
15	34	10	45	1.0
15	34	11	44	1.0
15	34	11	45	1.0
15	37	11	49	1.0
16	17	19	22	1.0
16	17	19	23	1.0
16	17	20	23	1.0
16	18	19	23	3.0
16	18	19	24	1.0
16	18	20	24	2.0
16	19	19	25	3.0
16	19	19	26	2.0
16	19	19	27	1.0
16	19	20	25	1.0
16	20	18	25	1.0
16	20	18	26	1.0
16	20	18	27	2.0
16	20	19	25	2.0
16	20	19	26	2.0
16	20	19	27	2.0
16	20	20	25	1.0
16	21	17	27	1.0
16	21	17	28	1.0
16	21	19	28	2.0
16	21	19	29	1.0
16	22	17	28	1.0
16	22	18	29	1.0
16	22	18	30	1.0
16	22	18	31	1.0
16	22	19	30	1.0
16	22	19	31	1.0
16	23	17	29	2.0
16	23	17	30	3.0
16	23	18	30	1.0
16	23	18	31	1.0
16	23	18	32	1.0
16	23	19	31	1.0
16	24	17	31	2.0
16	25	14	33	1.0
16	25	15	33	1.0
16	25	15	36	1.0
16	25	16	33	1.0
16	25	18	33	1.0
16	26	15	34	1.0
16	27	11	37	2.0
16	27	14	36	1.0
16	27	18	38	2.0
16	28	14	38	1.0
16	28	15	35	2.0
16	28	15	36	1.0
16	28	15	38	2.0
16	29	15	41	1.0
16	30	9	40	1.0
16	30	15	41	1.0
16	31	9	43	1.0
16	31	10	43	1.0
16	31	13	40	1.0
16	31	15	48	1.0
16	31	16	43	1.0
16	31	16	45	1.0
16	32	15	44	2.0
16	33	14	44	2.0
16	34	10	45	1.0
16	34	12	45	1.0
16	34	12	46	2.0
16	34	13	45	1.0
16	35	12	48	1.0
16	36	11	48	1.0
16	36	13	48	1.0
16	37	13	49	1.0
17	18	4	31	1.0
17	19	19	24	1.0
17	19	20	24	4.0
17	19	20	25	2.0
17	20	19	25	1.0
17	20	19	26	1.0
17	20	19	27	1.0
17	20	20	26	4.0
17	20	21	26	1.0
17	20	21	27	5.0
17	21	19	27	6.0
17	21	20	27	3.0
17	21	20	28	4.0
17	22	18	29	1.0
17	22	19	28	6.0
17	22	19	31	1.0
17	22	20	28	2.0
17	23	18	29	1.0
17	23	18	32	1.0
17	23	19	29	1.0
17	23	19	30	2.0
17	23	19	31	2.0
17	23	20	30	1.0
17	24	17	30	1.0
17	24	18	31	1.0
17	24	19	30	1.0
17	25	15	33	1.0
17	25	19	34	2.0
17	25	19	35	1.0
17	26	16	35	1.0
17	26	16	36	1.0
17	26	16	37	1.0
17	26	17	33	2.0
17	26	18	36	1.0
17	26	20	35	1.0
17	27	15	33	1.0
17	27	15	37	1.0
17	27	16	37	1.0
17	27	17	35	2.0
17	28	15	40	1.0
17	29	14	40	1.0
17	30	14	41	1.0
17	30	17	39	1.0
17	30	18	40	1.0
17	31	12	40	1.0
17	31	17	41	1.0
17	33	14	46	1.0
17	35	14	48	1.0
17	36	14	47	1.0
17	39	8	49	1.0
18	19	21	24	1.0
18	19	22	25	1.0
18	20	21	25	1.0
18	20	21	26	5.0
18	20	22	26	3.0
18	21	21	26	2.0
18	21	21	27	1.0
18	21	21	28	1.0
18	21	22	27	1.0
18	22	20	27	1.0
18	22	21	29	1.0
18	22	22	29	1.0
18	23	20	29	4.0
18	23	20	31	2.0
18	23	21	29	1.0
18	24	19	30	2.0
18	24	20	30	1.0
18	24	20	32	1.0
18	24	20	33	1.0
18	24	21	30	1.0
18	24	21	34	1.0
18	25	17	32	1.0
18	25	18	32	1.0
18	25	19	31	1.0
18	25	19	32	1.0
18	25	20	32	1.0
18	25	20	33	4.0
18	25	20	34	1.0
18	26	17	32	1.0
18	26	19	33	1.0
18	26	19	36	1.0
18	26	20	32	1.0
18	27	17	34	2.0
18	27	17	35	1.0
18	27	19	38	1.0
18	28	15	35	2.0
18	28	18	35	1.0
18	29	16	37	1.0
18	29	16	38	2.0
18	29	17	37	1.0
18	29	17	38	1.0
18	29	19	38	1.0
18	30	12	39	1.0
18	30	17	38	3.0
18	30	17	39	1.0
18	30	17	44	1.0
18	30	19	41	1.0
18	32	16	41	1.0
18	33	11	47	1.0
18	33	14	45	1.0
18	34	17	47	1.0
18	35	15	47	1.0
18	35	18	48	1.0
18	36	11	47	1.0
18	36	16	48	1.0
18	37	7	48	1.0
19	20	22	26	1.0
19	20	23	26	1.0
19	21	21	26	1.0
19	21	22	26	3.0
19	21	23	27	1.0
19	22	21	29	1.0
19	22	22	27	3.0
19	22	22	28	1.0
19	22	22	29	1.0
19	22	22	30	1.0
19	22	23	30	2.0
19	23	21	28	1.0
19	23	21	29	1.0
19	23	22	28	1.0
19	23	22	29	1.0
19	24	21	30	2.0
19	24	21	31	1.0
19	24	22	31	4.0
19	25	19	32	1.0
19	25	19	33	1.0
19	25	20	32	1.0
19	25	20	33	2.0
19	25	21	33	2.0
19	25	22	31	1.0
19	25	22	32	4.0
19	25	22	33	1.0
19	26	20	33	1.0
19	26	20	34	2.0
19	26	21	34	1.0
19	26	21	35	1.0
19	26	21	36	1.0
19	27	19	33	1.0
19	27	21	35	1.0
19	27	21	38	1.0
19	28	17	36	3.0
19	28	21	38	2.0
19	29	17	37	1.0
19	29	17	38	1.0
19	29	18	38	1.0
19	29	19	37	1.0
19	29	20	40	1.0
19	30	19	40	1.0
19	30	19	41	1.0
19	30	20	40	1.0
19	31	19	41	1.0
19	31	19	42	1.0
19	31	20	42	1.0
19	31	20	43	1.0
19	31	21	43	1.0
19	32	21	43	1.0
19	34	17	43	1.0
19	34	18	46	1.0
19	36	15	46	1.0
19	36	16	46	2.0
20	21	23	26	1.0
20	21	24	27	1.0
20	23	22	29	1.0
20	23	23	28	2.0
20	23	23	29	2.0
20	23	24	29	3.0
20	23	24	31	1.0
20	24	22	30	2.0
20	24	22	31	3.0
20	24	23	30	5.0
20	24	23	31	3.0
20	24	24	30	1.0
20	24	24	31	1.0
20	25	22	31	1.0
20	25	22	32	1.0
20	26	21	34	1.0
20	27	20	34	2.0
20	27	20	35	1.0
20	27	21	34	1.0
20	29	21	39	1.0
20	29	22	40	1.0
20	30	18	40	1.0
20	31	19	37	1.0
20	31	20	40	1.0
20	31	21	40	1.0
20	31	21	42	1.0
20	32	19	40	1.0
20	33	17	43	4.0
20	34	15	46	1.0
20	34	17	47	1.0
20	35	14	49	3.0
20	35	16	46	1.0
20	36	14	46	1.0
20	36	16	46	1.0
20	36	17	45	1.0
21	22	25	29	1.0
21	23	24	28	4.0
21	23	24	29	2.0
21	23	25	29	2.0
21	24	23	30	1.0
21	24	24	30	1.0
21	25	22	31	1.0
21	25	22	34	1.0
21	25	23	31	2.0
21	25	24	32	1.0
21	26	22	33	2.0
21	26	23	34	1.0
21	27	22	33	2.0
21	27	22	34	1.0
21	27	23	34	1.0
21	27	24	34	1.0
21	28	23	34	1.0
21	29	21	37	1.0
21	29	23	36	1.0
21	29	24	37	1.0
21	30	21	37	2.0
21	30	23	38	1.0
21	30	23	40	1.0
21	31	23	41	1.0
21	32	20	39	1.0
21	32	21	40	2.0
21	32	21	42	1.0
21	32	22	41	3.0
21	34	17	43	1.0
21	34	19	42	1.0
21	34	19	43	1.0
21	36	19	45	1.0
21	36	19	46	2.0
21	38	17	49	1.0
22	23	25	28	1.0
22	24	25	29	4.0
22	24	26	30	1.0
22	25	25	31	5.0
22	26	24	34	1.0
22	26	25	31	1.0
22	26	25	32	3.0
22	26	25	33	1.0
22	27	24	36	1.0
22	28	23	34	1.0
22	28	23	35	1.0
22	28	24	35	1.0
22	28	24	36	1.0
22	28	26	36	1.0
22	29	22	38	1.0
22	29	22	40	1.0
22	29	25	37	1.0
22	30	21	37	1.0
22	30	23	37	1.0
22	30	23	38	1.0
22	31	21	38	1.0
22	31	22	37	1.0
22	31	22	38	1.0
22	31	23	42	1.0
22	32	22	42	2.0
22	33	19	44	1.0
22	33	21	43	1.0
22	33	21	44	1.0
22	33	22	43	1.0
22	33	23	43	1.0
22	33	24	42	1.0
22	34	20	41	1.0
22	35	22	45	1.0
22	36	18	46	2.0
23	24	26	29	2.0
23	25	25	30	1.0
23	25	26	30	2.0
23	26	24	32	1.0
23	26	25	30	1.0
23	26	25	32	1.0
23	26	26	31	2.0
23	26	26	32	1.0
23	27	25	34	2.0
23	27	26	33	1.0
23	27	26	35	2.0
23	27	27	32	2.0
23	28	25	35	1.0
23	29	23	37	1.0
23	30	23	37	1.0
23	30	25	38	1.0
23	31	24	39	1.0
23	32	22	42	1.0
23	32	25	40	1.0
23	34	23	46	1.0
23	35	22	46	1.0
23	36	19	47	1.0
24	25	27	30	1.0
24	26	28	32	1.0
24	27	27	32	1.0
24	27	27	33	1.0
24	27	27	34	1.0
24	28	26	34	1.0
24	28	26	35	1.0
24	28	27	33	1.0
24	28	27	34	2.0
24	28	27	36	1.0
24	29	24	37	1.0
24	29	25	35	1.0
24	29	27	36	1.0
24	30	25	37	1.0
24	30	25	39	1.0
24	30	26	38	1.0
24	30	26	39	1.0
24	31	27	40	2.0
24	32	25	41	2.0
24	32	26	41	1.0
24	34	24	43	1.0
24	36	23	45	1.0
24	37	20	48	1.0
25	26	28	31	2.0
25	27	28	33	2.0
25	28	28	33	2.0
25	28	28	34	1.0
25	28	28	35	1.0
25	28	29	34	1.0
25	29	27	37	1.0
25	29	28	35	1.0
25	29	29	35	1.0
25	30	26	35	1.0
25	30	27	39	1.0
25	31	25	38	3.0
25	33	24	43	1.0
25	33	26	41	1.0
25	34	25	41	1.0
25	35	23	45	1.0
25	35	26	43	1.0
26	29	28	36	2.0
26	30	28	37	2.0
26	31	28	37	1.0
26	31	29	37	2.0
26	33	28	41	1.0
26	36	27	45	1.0
27	29	30	34	1.0
27	29	31	35	1.0
27	30	32	37	2.0
27	31	28	39	1.0
27	31	29	37	1.0
27	32	28	39	1.0
27	32	29	38	1.0
27	33	29	39	1.0
27	35	28	44	1.0
27	35	28	45	1.0
27	36	29	45	1.0
27	38	27	48	1.0
28	29	28	42	1.0
28	31	30	36	2.0
28	31	31	36	1.0
28	31	31	37	3.0
28	31	32	37	1.0
28	33	29	39	1.0
28	33	30	39	1.0
28	33	31	39	1.0
28	34	29	41	1.0
28	34	30	40	1.0
28	36	28	45	3.0
28	36	30	45	1.0
28	36	31	45	2.0
28	37	28	48	2.0
28	38	29	45	1.0
28	40	27	49	1.0
29	31	34	38	1.0
29	33	32	39	1.0
29	33	32	40	1.0
29	35	31	42	1.0
29	37	30	45	1.0
29	39	27	48	1.0
29	39	27	49	1.0
30	31	26	38	1.0
30	32	33	38	1.0
30	33	33	39	1.0
30	33	33	40	1.0
30	34	32	40	1.0
30	34	33	40	2.0
30	35	32	43	1.0
30	35	33	41	3.0
30	38	32	45	1.0
30	39	31	48	1.0
31	32	21	43	1.0
31	34	33	40	1.0
31	37	32	45	1.0
31	37	34	46	1.0
31	37	34	47	1.0
31	38	33	45	1.0
31	39	31	48	3.0
31	39	32	47	1.0
32	35	35	40	1.0
32	35	36	41	1.0
32	38	32	46	1.0
32	38	33	44	1.0
32	39	34	46	1.0
32	40	31	49	1.0
32	40	33	47	1.0
32	40	33	48	1.0
33	36	37	42	2.0
33	37	34	43	2.0
33	37	35	43	1.0
33	37	36	43	1.0
33	38	35	44	1.0
35	38	39	45	1.0
35	39	39	46	1.0
35	40	37	45	1.0
36	41	37	48	2.0
37	38	40	44	1.0
37	38	41	44	1.0
37	39	42	46	1.0
37	40	40	45	1.0
37	40	41	46	4.0
37	41	40	46	1.0
37	41	40	48	1.0
38	40	41	46	2.0
38	40	42	46	1.0
38	40	42	47	1.0
38	41	42	47	1.0
39	41	42	46	1.0
39	41	43	47	1.0
40	42	43	47	2.0
40	42	43	48	2.0
40	43	43	48	1.0
40	43	43	49	2.0
Quadrant	1
0	1	2	5	43.0
0	1	2	6	21.0
0	1	2	7	2.0
0	1	3	6	38.0
0	1	3	7	1.0
0	2	2	6	31.0
0	2	2	7	44.0
0	2	2	8	8.0
0	2	2	9	3.0
0	2	3	7	48.0
0	2	3	8	13.0
0	3	2	7	24.0
0	3	2	8	49.0
0	3	2	9	21.0
0	3	2	10	9.0
0	3	3	8	44.0
0	3	3	9	14.0
0	3	3	10	3.0
0	3	4	9	1.0
0	4	2	8	5.0
0	4	2	9	33.0
0	4	2	10	23.0
0	4	2	11	9.0
0	4	2	12	7.0
0	4	2	28	1.0
0	4	3	8	1.0
0	4	3	9	13.0
0	4	3	10	21.0
0	4	3	11	6.0
0	4	4	10	1.0
0	4	6	14	1.0
0	5	2	10	9.0
0	5	2	11	26.0
0	5	2	12	11.0
0	5	2	13	9.0
0	5	2	14	2.0
0	5	3	10	2.0
0	5	3	11	4.0
0	5	3	13	3.0
0	6	2	12	9.0
0	6	2	13	5.0
0	6	2	14	4.0
0	6	3	13	3.0
0	6	3	14	5.0
0	6	3	15	2.0
0	6	3	16	1.0
0	6	8	16	1.0
0	6	11	25	1.0
0	7	2	13	3.0
0	7	2	14	2.0
0	7	2	15	3.0
0	7	2	16	4.0
0	7	2	17	1.0
0	7	3	12	1.0
0	7	3	15	2.0
0	8	2	16	4.0
0	8	2	17	3.0
0	8	2	18	1.0
0	8	3	18	2.0
0	8	3	19	2.0
0	8	4	16	1.0
0	9	2	18	5.0
0	9	2	19	2.0
0	9	2	20	2.0
0	9	2	22	1.0
0	9	2	23	1.0
0	9	3	18	1.0
0	9	3	19	2.0
0	9	3	20	1.0
0	9	3	22	1.0
0	9	7	37	1.0
0	9	12	23	1.0
0	10	2	18	2.0
0	10	2	20	1.0
0	10	2	21	1.0
0	10	3	21	2.0
0	11	2	22	1.0
0	11	2	23	1.0
0	11	3	22	1.0
0	12	2	22	1.0
0	12	5	27	1.0
0	14	2	26	1.0
0	14	2	27	2.0
0	16	2	24	1.0
1	2	2	5	1.0
1	2	2	6	3.0
1	2	2	7	1.0
1	2	3	6	12.0
1	2	3	7	4.0
1	2	4	7	38.0
1	2	4	8	1.0
1	3	2	7	8.0
1	3	2	8	4.0
1	3	2	9	1.0
1	3	3	7	14.0
1	3	3	8	30.0
1	3	3	9	1.0
1	3	4	8	53.0
1	3	4	9	8.0
1	4	2	8	12.0
1	4	2	9	13.0
1	4	2	10	5.0
1	4	2	11	1.0
1	4	3	8	6.0
1	4	3	9	42.0
1	4	3	10	12.0
1	4	3	11	3.0
1	4	4	9	26.0
1	4	4	10	29.0
1	4	4	11	3.0
1	4	5	10	3.0
1	5	2	9	12.0
1	5	2	10	14.0
1	5	2	11	9.0
1	5	2	12	3.0
1	5	2	13	1.0
1	5	3	9	9.0
1	5	3	10	17.0
1	5	3	11	9.0
1	5	3	12	8.0
1	5	3	13	3.0
1	5	4	9	1.0
1	5	4	10	13.0
1	5	4	11	10.0
1	5	4	12	2.0
1	5	4	13	2.0
1	5	5	10	1.0
1	5	5	11	1.0
1	5	5	13	1.0
1	6	2	10	1.0
1	6	2	11	1.0
1	6	2	12	12.0
1	6	2	13	11.0
1	6	2	14	1.0
1	6	2	15	1.0
1	6	3	10	1.0
1	6	3	11	2.0
1	6	3	12	25.0
1	6	3	13	11.0
1	6	3	14	1.0
1	6	3	15	1.0
1	6	4	12	2.0
1	6	4	13	1.0
1	6	4	14	3.0
1	7	2	12	4.0
1	7	2	13	5.0
1	7	2	14	8.0
1	7	2	15	6.0
1	7	2	16	1.0
1	7	3	12	3.0
1	7	3	13	4.0
1	7	3	14	7.0
1	7	3	15	5.0
1	7	3	16	2.0
1	7	3	17	3.0
1	7	4	15	1.0
1	7	4	16	3.0
1	7	4	17	2.0
1	8	2	14	3.0
1	8	2	15	8.0
1	8	2	16	3.0
1	8	2	17	3.0
1	8	2	18	1.0
1	8	3	13	1.0
1	8	3	15	4.0
1	8	3	16	12.0
1	8	3	17	2.0
1	8	3	18	2.0
1	8	4	16	2.0
1	8	4	17	2.0
1	8	4	18	1.0
1	9	2	15	1.0
1	9	2	17	7.0
1	9	2	18	1.0
1	9	2	19	3.0
1	9	2	20	1.0
1	9	3	16	4.0
1	9	3	17	5.0
1	9	3	18	2.0
1	9	3	19	1.0
1	9	3	20	3.0
1	9	3	21	2.0
1	9	4	18	2.0
1	9	4	20	2.0
1	10	2	18	1.0
1	10	2	19	2.0
1	10	3	19	2.0
1	10	3	20	2.0
1	10	3	21	1.0
1	10	4	20	2.0
1	11	2	19	2.0
1	11	2	20	2.0
1	11	2	21	1.0
1	11	3	21	2.0
1	11	3	25	1.0
1	11	4	22	1.0
1	12	2	22	1.0
1	12	2	24	2.0
1	12	3	22	2.0
1	12	3	24	1.0
1	12	3	26	1.0
1	13	2	22	2.0
1	13	2	24	1.0
1	13	2	25	1.0
1	13	2	26	2.0
1	13	3	24	3.0
1	13	3	26	1.0
1	14	2	25	2.0
1	14	2	27	1.0
1	14	3	25	1.0
1	15	2	28	1.0
1	16	2	29	3.0
1	16	2	30	1.0
1	19	2	34	1.0
1	19	2	35	1.0
2	3	2	6	1.0
2	3	2	8	1.0
2	3	2	10	1.0
2	3	4	7	8.0
2	3	4	8	9.0
2	3	5	8	22.0
2	4	3	9	3.0
2	4	4	8	19.0
2	4	4	9	23.0
2	4	4	10	4.0
2	4	5	9	34.0
2	4	5	10	8.0
2	5	2	9	1.0
2	5	2	10	1.0
2	5	2	11	1.0
2	5	3	9	4.0
2	5	3	10	19.0
2	5	3	11	3.0
2	5	3	12	1.0
2	5	4	9	14.0
2	5	4	10	26.0
2	5	4	11	13.0
2	5	4	12	5.0
2	5	5	10	18.0
2	5	5	11	16.0
2	5	5	12	7.0
2	5	6	11	1.0
2	6	2	10	1.0
2	6	2	12	4.0
2	6	3	10	2.0
2	6	3	11	5.0
2	6	3	12	5.0
2	6	3	13	3.0
2	6	4	11	11.0
2	6	4	12	13.0
2	6	4	13	3.0
2	6	4	14	3.0
2	6	4	15	1.0
2	6	5	11	5.0
2	6	5	12	12.0
2	6	5	13	10.0
2	6	5	14	3.0
2	6	6	13	1.0
2	7	2	12	2.0
2	7	2	13	8.0
2	7	3	11	4.0
2	7	3	12	7.0
2	7	3	13	9.0
2	7	3	14	3.0
2	7	4	12	2.0
2	7	4	13	8.0
2	7	4	14	9.0
2	7	4	15	3.0
2	7	5	13	5.0
2	7	5	14	3.0
2	7	5	15	2.0
2	7	5	16	2.0
2	8	2	13	2.0
2	8	2	14	2.0
2	8	2	15	4.0
2	8	2	16	1.0
2	8	3	13	5.0
2	8	3	14	4.0
2	8	3	15	7.0
2	8	3	16	3.0
2	8	3	17	1.0
2	8	4	14	4.0
2	8	4	15	7.0
2	8	4	16	10.0
2	8	4	17	1.0
2	8	4	18	1.0
2	8	5	15	2.0
2	8	5	16	2.0
2	9	2	14	2.0
2	9	2	15	6.0
2	9	2	17	3.0
2	9	2	18	2.0
2	9	3	14	1.0
2	9	3	15	4.0
2	9	3	16	7.0
2	9	3	17	4.0
2	9	3	18	3.0
2	9	3	19	1.0
2	9	4	16	3.0
2	9	4	17	3.0
2	9	4	18	4.0
2	9	4	21	3.0
2	10	2	15	2.0
2	10	2	16	4.0
2	10	2	17	1.0
2	10	2	18	1.0
2	10	2	19	4.0
2	10	2	20	2.0
2	10	2	22	1.0
2	10	3	16	2.0
2	10	3	17	3.0
2	10	3	22	1.0
2	10	4	16	1.0
2	10	4	18	5.0
2	10	4	19	3.0
2	10	4	20	2.0
2	10	4	22	1.0
2	10	5	19	2.0
2	10	5	21	1.0
2	10	7	17	1.0
2	11	2	17	3.0
2	11	2	18	5.0
2	11	2	19	3.0
2	11	2	20	3.0
2	11	2	21	2.0
2	11	2	22	2.0
2	11	3	18	1.0
2	11	3	19	3.0
2	11	3	20	2.0
2	11	3	21	2.0
2	11	3	23	1.0
2	11	4	18	1.0
2	11	4	22	3.0
2	12	2	19	1.0
2	12	2	20	1.0
2	12	2	21	5.0
2	12	2	22	3.0
2	12	2	23	1.0
2	12	3	20	1.0
2	12	3	21	2.0
2	12	3	22	1.0
2	12	3	23	1.0
2	12	3	24	2.0
2	12	3	26	2.0
2	12	4	23	1.0
2	12	4	24	1.0
2	12	4	25	1.0
2	13	2	22	5.0
2	13	2	25	1.0
2	13	3	23	1.0
2	13	3	24	4.0
2	13	4	24	2.0
2	13	4	25	1.0
2	14	2	24	3.0
2	14	3	24	1.0
2	14	3	25	1.0
2	14	3	28	1.0
2	14	3	29	2.0
2	15	2	24	2.0
2	15	2	25	1.0
2	15	2	26	1.0
2	15	2	28	1.0
2	15	3	27	1.0
2	15	3	28	1.0
2	15	4	27	1.0
2	15	4	30	1.0
2	16	2	26	2.0
2	16	2	27	1.0
2	16	2	28	2.0
2	16	2	30	1.0
2	17	2	28	2.0
2	17	2	30	1.0
2	17	2	31	1.0
2	17	3	29	2.0
2	17	4	31	1.0
2	18	2	32	1.0
2	18	3	32	1.0
2	18	3	33	1.0
3	4	2	10	1.0
3	4	2	12	1.0
3	4	5	8	4.0
3	4	5	9	6.0
3	4	6	9	21.0
3	4	6	10	2.0
3	5	2	21	1.0
3	5	4	9	7.0
3	5	4	10	10.0
3	5	5	9	15.0
3	5	5	10	17.0
3	5	5	11	3.0
3	5	6	10	27.0
3	5	6	11	8.0
3	6	2	11	1.0
3	6	3	11	1.0
3	6	4	10	11.0
3	6	4	11	1.0
3	6	4	12	5.0
3	6	4	13	1.0
3	6	5	10	11.0
3	6	5	11	44.0
3	6	5	12	14.0
3	6	6	11	20.0
3	6	6	12	11.0
3	6	6	13	4.0
3	6	7	12	1.0
3	7	2	12	1.0
3	7	3	11	2.0
3	7	3	12	7.0
3	7	4	11	1.0
3	7	4	12	14.0
3	7	4	13	4.0
3	7	4	14	3.0
3	7	4	15	2.0
3	7	5	11	1.0
3	7	5	12	16.0
3	7	5	13	21.0
3	7	5	14	8.0
3	7	6	12	2.0
3	7	6	13	15.0
3	7	6	14	5.0
3	7	6	15	4.0
3	7	7	13	1.0
3	8	2	13	3.0
3	8	2	14	1.0
3	8	3	13	2.0
3	8	3	14	4.0
3	8	3	15	1.0
3	8	4	12	1.0
3	8	4	13	11.0
3	8	4	14	8.0
3	8	4	15	4.0
3	8	4	17	1.0
3	8	5	13	3.0
3	8	5	14	13.0
3	8	5	15	17.0
3	8	5	16	5.0
3	8	5	17	2.0
3	8	6	13	2.0
3	8	6	14	1.0
3	8	6	15	3.0
3	8	6	16	2.0
3	8	7	14	1.0
3	9	2	14	3.0
3	9	2	15	2.0
3	9	2	16	5.0
3	9	3	14	3.0
3	9	3	15	4.0
3	9	3	16	5.0
3	9	3	17	3.0
3	9	4	14	4.0
3	9	4	15	12.0
3	9	4	16	7.0
3	9	4	17	2.0
3	9	4	18	3.0
3	9	5	14	1.0
3	9	5	15	2.0
3	9	5	16	5.0
3	9	5	17	2.0
3	9	5	18	1.0
3	9	6	15	1.0
3	9	6	16	5.0
3	9	6	17	2.0
3	9	6	18	1.0
3	10	2	16	2.0
3	10	2	18	1.0
3	10	3	15	1.0
3	10	3	16	1.0
3	10	3	17	6.0
3	10	3	18	4.0
3	10	3	19	1.0
3	10	4	15	1.0
3	10	4	16	1.0
3	10	4	17	9.0
3	10	4	18	4.0
3	10	4	19	2.0
3	10	4	20	2.0
3	10	5	16	1.0
3	10	5	17	1.0
3	10	5	19	1.0
3	10	5	20	1.0
3	10	5	21	2.0
3	10	6	17	2.0
3	10	6	18	4.0
3	10	6	19	4.0
3	11	2	18	6.0
3	11	2	19	1.0
3	11	2	20	3.0
3	11	3	16	2.0
3	11	3	17	1.0
3	11	3	18	3.0
3	11	3	19	3.0
3	11	3	20	2.0
3	11	4	18	3.0
3	11	4	20	2.0
3	11	4	22	2.0
3	11	4	24	1.0
3	11	5	18	1.0
3	11	5	20	2.0
3	11	5	21	1.0
3	11	5	22	2.0
3	12	2	19	3.0
3	12	2	20	3.0
3	12	2	21	3.0
3	12	2	22	1.0
3	12	3	20	2.0
3	12	3	21	4.0
3	12	3	22	1.0
3	12	3	24	2.0
3	12	4	20	1.0
3	12	4	22	1.0
3	12	4	23	1.0
3	12	4	24	3.0
3	12	5	21	1.0
3	12	5	23	1.0
3	12	6	25	1.0
3	13	2	20	1.0
3	13	2	21	2.0
3	13	2	24	1.0
3	13	3	20	1.0
3	13	3	21	1.0
3	13	3	22	1.0
3	13	4	20	1.0
3	13	4	21	1.0
3	13	4	23	6.0
3	13	4	25	2.0
3	13	5	23	4.0
3	13	5	24	1.0
3	13	5	25	1.0
3	13	5	26	2.0
3	14	2	23	2.0
3	14	2	24	1.0
3	14	2	25	3.0
3	14	2	26	1.0
3	14	3	22	3.0
3	14	3	23	2.0
3	14	3	24	1.0
3	14	3	25	2.0
3	14	4	23	2.0
3	14	4	24	2.0
3	14	5	25	2.0
3	14	5	26	2.0
3	15	2	23	2.0
3	15	2	25	2.0
3	15	2	27	1.0
3	15	2	29	1.0
3	15	3	24	2.0
3	15	3	25	4.0
3	15	4	25	1.0
3	15	4	26	1.0
3	15	5	26	1.0
3	15	6	27	2.0
3	16	2	26	1.0
3	16	2	28	1.0
3	16	4	27	3.0
3	16	5	29	1.0
3	17	2	26	1.0
3	17	2	28	1.0
3	17	4	29	1.0
3	17	4	32	1.0
3	17	5	29	1.0
3	17	5	30	1.0
3	17	5	31	2.0
3	18	2	30	2.0
3	18	3	29	1.0
3	18	3	30	3.0
3	19	2	29	2.0
3	19	2	30	2.0
3	19	2	35	1.0
3	19	3	32	2.0
3	20	2	33	1.0
3	21	3	34	3.0
3	22	3	38	1.0
3	22	4	39	1.0
4	5	2	12	1.0
4	5	2	13	1.0
4	5	2	14	1.0
4	5	6	9	6.0
4	5	6	10	3.0
4	5	6	13	1.0
4	5	7	10	17.0
4	6	2	12	1.0
4	6	5	10	1.0
4	6	5	11	4.0
4	6	5	12	1.0
4	6	6	10	16.0
4	6	6	11	23.0
4	6	6	12	4.0
4	6	7	11	26.0
4	6	7	12	7.0
4	7	4	13	1.0
4	7	5	11	2.0
4	7	5	12	7.0
4	7	5	13	2.0
4	7	6	11	5.0
4	7	6	12	22.0
4	7	6	13	7.0
4	7	7	12	13.0
4	7	7	13	18.0
4	7	7	15	2.0
4	8	3	12	1.0
4	8	4	13	2.0
4	8	4	14	2.0
4	8	5	12	1.0
4	8	5	13	8.0
4	8	5	14	8.0
4	8	5	15	2.0
4	8	6	12	4.0
4	8	6	13	9.0
4	8	6	14	18.0
4	8	6	15	4.0
4	8	7	13	5.0
4	8	7	14	8.0
4	8	7	15	5.0
4	8	7	16	1.0
4	8	8	14	2.0
4	9	4	13	1.0
4	9	4	14	3.0
4	9	4	15	1.0
4	9	5	14	4.0
4	9	5	15	8.0
4	9	5	16	5.0
4	9	5	17	5.0
4	9	6	14	4.0
4	9	6	15	6.0
4	9	6	16	11.0
4	9	6	17	2.0
4	9	7	15	3.0
4	9	7	16	1.0
4	9	7	17	2.0
4	9	7	18	1.0
4	10	2	15	1.0
4	10	2	16	1.0
4	10	2	17	1.0
4	10	3	16	3.0
4	10	4	16	5.0
4	10	4	17	5.0
4	10	4	18	4.0
4	10	5	15	4.0
4	10	5	16	1.0
4	10	5	17	4.0
4	10	5	18	6.0
4	10	5	19	1.0
4	10	6	16	5.0
4	10	6	17	2.0
4	10	6	18	3.0
4	10	6	19	3.0
4	10	7	17	3.0
4	10	7	18	2.0
4	11	2	17	1.0
4	11	3	16	2.0
4	11	4	15	1.0
4	11	4	17	2.0
4	11	4	18	4.0
4	11	4	19	1.0
4	11	5	18	1.0
4	11	6	18	2.0
4	11	6	19	2.0
4	11	6	20	1.0
4	11	7	18	1.0
4	11	7	19	3.0
4	11	7	20	2.0
4	11	7	21	2.0
4	12	2	20	1.0
4	12	3	17	2.0
4	12	3	18	2.0
4	12	3	22	1.0
4	12	3	23	1.0
4	12	4	17	2.0
4	12	4	18	4.0
4	12	4	19	1.0
4	12	4	20	3.0
4	12	4	22	2.0
4	12	4	23	1.0
4	12	5	20	2.0
4	12	5	21	2.0
4	12	5	22	2.0
4	12	6	19	1.0
4	12	6	20	2.0
4	12	6	21	2.0
4	12	6	22	5.0
4	13	2	18	1.0
4	13	2	19	2.0
4	13	2	20	5.0
4	13	2	21	1.0
4	13	3	19	2.0
4	13	3	20	4.0
4	13	3	21	2.0
4	13	3	22	1.0
4	13	3	24	3.0
4	13	3	25	1.0
4	13	4	21	4.0
4	13	4	22	1.0
4	13	5	20	1.0
4	13	5	21	5.0
4	13	5	22	2.0
4	13	6	24	3.0
4	13	6	25	1.0
4	13	7	23	1.0
4	14	2	20	1.0
4	14	2	21	3.0
4	14	2	22	2.0
4	14	2	23	2.0
4	14	2	24	1.0
4	14	3	23	2.0
4	14	4	21	1.0
4	14	4	22	2.0
4	14	4	23	2.0
4	14	4	25	1.0
4	14	4	26	1.0
4	14	5	22	3.0
4	14	5	27	1.0
4	14	6	22	1.0
4	14	6	24	1.0
4	14	6	25	2.0
4	14	7	22	1.0
4	14	7	23	1.0
4	15	2	23	1.0
4	15	2	24	2.0
4	15	2	25	1.0
4	15	3	22	1.0
4	15	3	23	3.0
4	15	3	25	4.0
4	15	4	24	2.0
4	15	4	25	1.0
4	15	5	25	3.0
4	15	5	27	2.0
4	15	6	24	1.0
4	15	6	25	1.0
4	16	2	25	1.0
4	16	2	27	1.0
4	16	3	24	2.0
4	16	3	25	4.0
4	16	3	27	1.0
4	16	4	25	1.0
4	16	4	26	6.0
4	16	4	29	1.0
4	17	2	25	1.0
4	17	2	26	1.0
4	17	2	28	1.0
4	17	3	26	2.0
4	17	3	30	1.0
4	17	4	27	1.0
4	17	4	28	2.0
4	17	4	29	4.0
4	17	4	30	1.0
4	17	4	31	1.0
4	18	2	27	1.0
4	18	2	35	1.0
4	18	2	36	1.0
4	18	3	29	2.0
4	18	3	33	1.0
4	18	3	35	1.0
4	18	4	29	2.0
4	18	4	30	1.0
4	18	5	35	2.0
4	18	7	31	1.0
4	19	2	30	1.0
4	19	2	33	1.0
4	19	3	30	1.0
4	19	3	33	1.0
4	19	7	27	1.0
4	20	2	32	1.0
4	20	3	31	1.0
4	20	3	35	1.0
4	20	5	34	1.0
4	21	4	34	1.0
4	21	4	35	1.0
4	21	4	38	1.0
4	21	4	39	1.0
4	22	2	34	1.0
4	23	3	38	1.0
4	24	2	38	1.0
5	6	2	14	1.0
5	6	7	11	1.0
5	6	7	19	1.0
5	6	8	11	6.0
5	7	6	11	6.0
5	7	6	12	2.0
5	7	7	11	10.0
5	7	7	12	16.0
5	7	7	13	5.0
5	7	8	12	18.0
5	7	8	13	2.0
5	8	6	13	10.0
5	8	6	14	2.0
5	8	7	12	2.0
5	8	7	13	24.0
5	8	7	14	9.0
5	8	7	15	4.0
5	8	7	16	1.0
5	8	8	13	9.0
5	8	8	14	7.0
5	9	5	13	2.0
5	9	5	14	4.0
5	9	6	13	2.0
5	9	6	14	7.0
5	9	6	15	2.0
5	9	6	16	4.0
5	9	7	14	15.0
5	9	7	15	15.0
5	9	7	16	3.0
5	9	8	13	3.0
5	9	8	14	6.0
5	9	8	15	4.0
5	9	8	16	3.0
5	9	8	17	3.0
5	10	4	16	1.0
5	10	5	14	1.0
5	10	5	15	4.0
5	10	5	16	2.0
5	10	5	17	1.0
5	10	6	15	7.0
5	10	6	16	8.0
5	10	6	17	4.0
5	10	6	18	1.0
5	10	7	15	5.0
5	10	7	16	2.0
5	10	7	17	5.0
5	10	7	18	2.0
5	10	8	16	2.0
5	10	8	17	1.0
5	11	2	17	1.0
5	11	4	17	3.0
5	11	4	18	3.0
5	11	4	19	1.0
5	11	5	16	1.0
5	11	5	18	1.0
5	11	5	19	1.0
5	11	6	16	2.0
5	11	6	19	1.0
5	11	7	18	4.0
5	11	8	18	2.0
5	11	8	20	1.0
5	12	3	17	1.0
5	12	3	20	1.0
5	12	3	21	2.0
5	12	4	17	1.0
5	12	4	18	2.0
5	12	4	19	1.0
5	12	5	18	4.0
5	12	5	19	6.0
5	12	5	20	3.0
5	12	6	18	2.0
5	12	6	19	1.0
5	12	6	20	7.0
5	12	6	21	1.0
5	12	7	18	1.0
5	12	7	19	2.0
5	12	7	20	3.0
5	12	7	21	1.0
5	12	7	22	1.0
5	12	8	19	1.0
5	12	8	20	1.0
5	13	2	20	1.0
5	13	2	21	2.0
5	13	3	19	1.0
5	13	3	20	6.0
5	13	4	19	5.0
5	13	4	20	3.0
5	13	4	21	4.0
5	13	4	22	3.0
5	13	5	18	1.0
5	13	5	20	6.0
5	13	5	21	8.0
5	13	5	22	6.0
5	13	5	23	1.0
5	13	5	24	1.0
5	13	6	19	2.0
5	13	6	20	1.0
5	13	6	21	2.0
5	13	6	23	2.0
5	13	7	20	2.0
5	13	7	21	2.0
5	13	7	22	2.0
5	13	7	23	3.0
5	14	2	20	1.0
5	14	2	23	1.0
5	14	3	19	1.0
5	14	3	21	1.0
5	14	3	23	2.0
5	14	4	20	1.0
5	14	4	21	5.0
5	14	4	23	2.0
5	14	5	22	1.0
5	14	5	23	1.0
5	14	6	25	1.0
5	14	6	26	2.0
5	14	7	23	2.0
5	14	7	24	1.0
5	14	7	25	1.0
5	14	7	26	1.0
5	15	2	21	1.0
5	15	2	23	1.0
5	15	2	24	3.0
5	15	2	27	1.0
5	15	4	22	1.0
5	15	4	23	3.0
5	15	4	24	1.0
5	15	6	23	2.0
5	15	6	24	1.0
5	15	6	25	1.0
5	15	6	26	5.0
5	15	6	27	1.0
5	15	6	28	1.0
5	15	7	23	1.0
5	16	2	23	1.0
5	16	3	24	1.0
5	16	4	24	1.0
5	16	4	25	2.0
5	16	4	27	1.0
5	16	5	23	1.0
5	16	5	25	1.0
5	16	5	26	3.0
5	16	5	28	3.0
5	16	5	29	1.0
5	16	6	24	2.0
5	16	6	26	1.0
5	17	2	24	1.0
5	17	2	29	1.0
5	17	4	24	1.0
5	17	4	26	1.0
5	17	4	28	1.0
5	17	5	26	1.0
5	17	5	30	1.0
5	18	2	26	1.0
5	18	2	27	3.0
5	18	3	26	2.0
5	18	3	30	1.0
5	18	4	26	1.0
5	18	4	30	2.0
5	18	5	28	1.0
5	18	5	29	4.0
5	18	5	30	1.0
5	18	5	33	1.0
5	19	2	28	1.0
5	19	5	30	2.0
5	19	6	29	1.0
5	19	6	30	1.0
5	19	7	33	2.0
5	20	2	32	1.0
5	20	2	35	1.0
5	20	3	29	1.0
5	20	4	30	1.0
5	20	4	33	1.0
5	20	4	34	1.0
5	20	5	32	1.0
5	20	5	33	1.0
5	20	5	34	1.0
5	20	5	36	1.0
5	20	6	34	1.0
5	20	6	37	1.0
5	21	2	34	1.0
5	21	3	32	1.0
5	21	3	34	1.0
5	21	4	33	2.0
5	21	5	32	1.0
5	21	5	34	2.0
5	21	6	37	1.0
5	22	2	32	1.0
5	22	2	36	1.0
5	22	2	37	1.0
5	22	3	37	1.0
5	22	4	40	1.0
5	23	2	36	2.0
5	23	3	35	1.0
5	23	4	35	1.0
5	23	4	38	1.0
5	23	4	39	1.0
5	23	5	38	1.0
5	23	5	40	1.0
5	23	6	40	1.0
5	24	3	37	1.0
5	25	2	37	2.0
5	25	4	43	1.0
5	26	3	41	1.0
5	27	5	44	1.0
5	28	2	43	1.0
5	28	3	44	1.0
5	29	4	45	1.0
5	29	4	48	1.0
6	7	8	11	7.0
6	7	8	12	3.0
6	7	9	12	13.0
6	7	11	19	1.0
6	8	8	12	11.0
6	8	8	13	11.0
6	8	8	14	1.0
6	8	9	13	19.0
6	8	9	14	6.0
6	8	10	14	1.0
6	9	6	14	1.0
6	9	7	13	3.0
6	9	7	14	2.0
6	9	7	15	1.0
6	9	8	13	7.0
6	9	8	14	15.0
6	9	8	15	12.0
6	9	9	14	19.0
6	9	9	15	15.0
6	9	9	16	1.0
6	9	9	17	2.0
6	10	5	15	1.0
6	10	6	15	3.0
6	10	7	15	3.0
6	10	7	16	3.0
6	10	7	17	2.0
6	10	8	14	1.0
6	10	8	15	8.0
6	10	8	16	9.0
6	10	8	17	1.0
6	10	8	19	1.0
6	10	9	15	11.0
6	10	9	16	6.0
6	10	9	17	1.0
6	10	10	16	2.0
6	11	6	15	1.0
6	11	6	16	3.0
6	11	6	17	1.0
6	11	6	18	1.0
6	11	7	16	2.0
6	11	7	17	2.0
6	11	7	18	2.0
6	11	8	16	1.0
6	11	8	17	5.0
6	11	8	18	6.0
6	11	8	19	6.0
6	11	9	16	1.0
6	11	9	18	1.0
6	12	5	17	1.0
6	12	5	18	3.0
6	12	6	17	7.0
6	12	6	18	7.0
6	12	6	19	2.0
6	12	6	20	1.0
6	12	7	18	3.0
6	12	7	19	4.0
6	12	7	20	2.0
6	12	8	17	1.0
6	12	8	18	1.0
6	12	8	19	2.0
6	12	8	20	1.0
6	12	8	21	1.0
6	12	9	18	1.0
6	12	9	21	1.0
6	13	4	18	2.0
6	13	4	19	1.0
6	13	5	18	6.0
6	13	5	19	5.0
6	13	5	20	3.0
6	13	5	21	1.0
6	13	5	22	1.0
6	13	6	18	3.0
6	13	6	19	3.0
6	13	6	20	3.0
6	13	6	21	1.0
6	13	6	22	2.0
6	13	7	19	1.0
6	13	7	20	5.0
6	13	7	21	1.0
6	13	7	22	1.0
6	13	8	20	1.0
6	13	8	23	1.0
6	13	9	22	1.0
6	13	9	25	2.0
6	14	2	21	2.0
6	14	4	19	1.0
6	14	4	20	2.0
6	14	4	21	1.0
6	14	5	22	2.0
6	14	6	19	1.0
6	14	6	21	1.0
6	14	6	22	2.0
6	14	7	20	2.0
6	14	7	21	1.0
6	14	7	23	1.0
6	14	7	26	1.0
6	14	8	25	1.0
6	14	9	25	1.0
6	15	3	21	2.0
6	15	4	24	1.0
6	15	5	20	3.0
6	15	5	22	2.0
6	15	5	26	1.0
6	15	6	22	3.0
6	15	6	23	4.0
6	15	6	24	1.0
6	15	6	25	1.0
6	15	6	26	1.0
6	15	7	24	4.0
6	15	7	26	1.0
6	15	8	25	1.0
6	16	3	24	2.0
6	16	4	23	2.0
6	16	5	23	2.0
6	16	5	24	1.0
6	16	5	26	1.0
6	16	6	24	3.0
6	16	7	25	1.0
6	16	7	30	1.0
6	16	8	24	1.0
6	16	8	26	2.0
6	16	8	27	2.0
6	17	4	24	1.0
6	17	4	27	2.0
6	17	5	26	1.0
6	17	5	30	1.0
6	17	7	27	1.0
6	17	7	28	1.0
6	17	7	29	2.0
6	18	2	24	1.0
6	18	2	26	2.0
6	18	3	26	1.0
6	18	3	27	2.0
6	18	5	27	3.0
6	18	5	29	1.0
6	18	7	26	1.0
6	18	7	30	1.0
6	18	8	29	1.0
6	19	2	26	2.0
6	19	3	28	1.0
6	19	3	29	1.0
6	19	3	34	1.0
6	19	4	28	1.0
6	19	4	33	1.0
6	19	5	35	1.0
6	19	6	28	1.0
6	19	6	29	1.0
6	19	6	32	1.0
6	19	8	32	1.0
6	20	2	29	1.0
6	20	2	32	1.0
6	20	3	29	2.0
6	20	3	30	2.0
6	20	4	31	1.0
6	20	5	30	1.0
6	20	5	32	2.0
6	20	5	34	2.0
6	20	6	32	3.0
6	20	6	34	1.0
6	20	8	32	1.0
6	21	2	32	1.0
6	21	3	31	1.0
6	21	4	32	1.0
6	21	4	36	1.0
6	21	5	31	2.0
6	21	5	33	1.0
6	21	5	34	1.0
6	21	6	33	1.0
6	21	7	36	2.0
6	22	2	31	1.0
6	22	2	32	1.0
6	22	3	32	1.0
6	22	5	34	1.0
6	22	7	36	1.0
6	23	2	34	1.0
6	23	3	34	1.0
6	23	4	35	2.0
6	23	4	36	1.0
6	23	5	34	1.0
6	23	6	39	1.0
6	23	8	40	1.0
6	24	4	40	1.0
6	24	4	43	1.0
6	25	2	37	1.0
6	25	4	41	1.0
6	25	5	40	1.0
6	26	2	37	2.0
6	26	2	47	1.0
6	26	2	48	1.0
6	26	3	37	1.0
6	26	5	44	1.0
6	26	7	45	1.0
6	27	2	42	1.0
6	27	2	48	1.0
6	27	3	40	1.0
6	27	4	44	1.0
6	27	5	41	1.0
6	27	7	45	1.0
6	28	4	44	1.0
6	29	2	44	2.0
7	8	9	12	9.0
7	8	9	13	2.0
7	8	10	13	13.0
7	8	15	23	1.0
7	9	8	13	2.0
7	9	8	14	2.0
7	9	9	13	11.0
7	9	9	14	12.0
7	9	10	14	12.0
7	10	8	15	3.0
7	10	9	14	4.0
7	10	9	15	24.0
7	10	9	16	10.0
7	10	9	17	2.0
7	10	10	15	12.0
7	10	10	16	7.0
7	10	10	17	2.0
7	11	6	17	1.0
7	11	7	15	1.0
7	11	7	16	1.0
7	11	8	15	5.0
7	11	8	16	3.0
7	11	8	17	9.0
7	11	8	18	4.0
7	11	9	16	10.0
7	11	9	17	9.0
7	11	9	18	1.0
7	11	10	17	6.0
7	11	10	18	1.0
7	12	5	18	1.0
7	12	6	17	1.0
7	12	7	17	1.0
7	12	8	16	2.0
7	12	8	17	4.0
7	12	8	18	4.0
7	12	8	19	3.0
7	12	9	17	2.0
7	12	9	18	6.0
7	12	9	19	6.0
7	12	9	20	1.0
7	12	10	18	1.0
7	12	10	19	2.0
7	12	10	20	1.0
7	13	5	19	1.0
7	13	5	20	1.0
7	13	6	19	1.0
7	13	6	20	1.0
7	13	7	19	4.0
7	13	8	19	1.0
7	13	8	20	1.0
7	13	8	21	1.0
7	13	9	19	1.0
7	13	9	20	4.0
7	13	9	21	3.0
7	13	9	22	3.0
7	13	10	20	3.0
7	13	10	21	1.0
7	14	4	19	1.0
7	14	6	19	1.0
7	14	6	20	2.0
7	14	7	19	1.0
7	14	7	20	1.0
7	14	7	21	1.0
7	14	7	22	4.0
7	14	7	24	1.0
7	14	8	20	2.0
7	14	8	21	3.0
7	14	8	22	1.0
7	14	8	24	2.0
7	14	9	21	2.0
7	14	10	21	1.0
7	14	10	23	2.0
7	15	6	21	1.0
7	15	6	22	1.0
7	15	6	23	3.0
7	15	7	21	3.0
7	15	7	22	4.0
7	15	7	23	2.0
7	15	7	24	1.0
7	15	7	25	1.0
7	15	8	21	1.0
7	15	8	23	4.0
7	15	8	24	1.0
7	16	2	22	2.0
7	16	5	22	1.0
7	16	5	23	1.0
7	16	5	24	1.0
7	16	6	21	1.0
7	16	6	22	1.0
7	16	6	23	1.0
7	16	6	24	1.0
7	16	7	22	1.0
7	16	7	23	1.0
7	16	7	24	3.0
7	16	7	25	3.0
7	16	8	22	1.0
7	16	8	23	1.0
7	16	8	24	2.0
7	16	8	25	3.0
7	16	8	26	1.0
7	16	8	27	3.0
7	16	9	25	3.0
7	16	10	24	1.0
7	17	4	24	1.0
7	17	5	23	1.0
7	17	5	24	2.0
7	17	6	25	2.0
7	17	6	26	1.0
7	17	6	27	1.0
7	17	7	24	2.0
7	17	7	25	1.0
7	17	7	28	1.0
7	17	7	29	2.0
7	17	8	27	2.0
7	17	8	28	1.0
7	17	8	30	2.0
7	17	9	26	1.0
7	17	9	28	4.0
7	18	3	26	1.0
7	18	3	28	2.0
7	18	4	24	1.0
7	18	4	25	1.0
7	18	5	26	1.0
7	18	5	28	1.0
7	18	5	30	1.0
7	18	6	26	5.0
7	18	6	28	3.0
7	18	7	29	1.0
7	18	8	27	1.0
7	18	8	28	1.0
7	18	8	29	1.0
7	18	8	30	1.0
7	18	8	31	1.0
7	18	8	32	3.0
7	18	10	28	1.0
7	18	10	29	1.0
7	19	3	29	1.0
7	19	4	25	2.0
7	19	4	26	1.0
7	19	4	30	1.0
7	19	6	28	1.0
7	19	6	29	1.0
7	19	7	28	2.0
7	19	7	30	2.0
7	19	8	30	4.0
7	20	3	28	1.0
7	20	3	31	1.0
7	20	4	28	1.0
7	20	4	29	1.0
7	20	5	28	1.0
7	20	5	35	1.0
7	20	6	33	1.0
7	20	7	31	3.0
7	20	7	35	1.0
7	20	8	30	1.0
7	20	8	31	3.0
7	20	8	32	3.0
7	20	9	34	1.0
7	21	5	30	1.0
7	21	5	35	1.0
7	21	6	33	1.0
7	21	7	36	1.0
7	21	8	31	1.0
7	21	8	33	1.0
7	21	9	35	1.0
7	22	2	31	4.0
7	22	3	30	2.0
7	22	3	31	1.0
7	22	3	33	1.0
7	22	4	33	1.0
7	22	4	36	1.0
7	22	5	31	1.0
7	22	6	34	1.0
7	22	7	34	1.0
7	22	7	35	1.0
7	22	7	37	1.0
7	23	3	34	1.0
7	23	5	33	1.0
7	23	5	35	1.0
7	23	6	36	1.0
7	23	7	35	1.0
7	24	2	38	2.0
7	24	3	33	1.0
7	24	3	38	2.0
7	24	4	37	1.0
7	24	4	38	1.0
7	24	5	35	1.0
7	25	2	34	1.0
7	25	2	37	3.0
7	27	2	40	1.0
7	27	3	39	1.0
7	27	6	42	1.0
7	28	2	39	2.0
7	28	3	39	1.0
7	28	3	40	2.0
7	28	4	45	1.0
7	28	5	43	1.0
7	28	6	43	1.0
7	29	2	41	2.0
7	29	6	45	1.0
7	30	6	45	1.0
7	31	2	46	1.0
7	31	5	48	1.0
7	32	5	49	1.0
8	9	10	13	6.0
8	9	11	14	9.0
8	10	9	15	2.0
8	10	10	14	6.0
8	10	10	15	4.0
8	10	11	15	11.0
8	10	11	16	1.0
8	11	9	15	1.0
8	11	9	16	3.0
8	11	9	17	3.0
8	11	10	15	5.0
8	11	10	16	11.0
8	11	10	17	3.0
8	11	10	18	1.0
8	11	11	16	18.0
8	11	11	17	5.0
8	12	8	17	3.0
8	12	9	17	7.0
8	12	9	18	4.0
8	12	9	19	1.0
8	12	10	16	1.0
8	12	10	17	6.0
8	12	10	18	7.0
8	12	10	19	6.0
8	12	10	20	2.0
8	12	11	17	1.0
8	12	11	18	6.0
8	12	12	18	1.0
8	13	8	18	4.0
8	13	8	19	3.0
8	13	9	18	6.0
8	13	9	19	8.0
8	13	9	20	3.0
8	13	10	18	4.0
8	13	10	19	4.0
8	13	10	20	7.0
8	13	10	21	2.0
8	13	11	19	2.0
8	14	7	19	2.0
8	14	8	18	1.0
8	14	8	19	1.0
8	14	8	20	2.0
8	14	8	21	3.0
8	14	8	22	2.0
8	14	8	23	1.0
8	14	9	19	1.0
8	14	9	20	3.0
8	14	9	21	6.0
8	14	10	20	2.0
8	14	10	22	3.0
8	14	11	20	1.0
8	14	11	21	1.0
8	15	6	20	1.0
8	15	6	21	2.0
8	15	7	22	1.0
8	15	8	22	2.0
8	15	8	24	2.0
8	15	9	20	2.0
8	15	9	21	3.0
8	15	9	22	1.0
8	15	9	23	2.0
8	15	9	24	1.0
8	15	10	22	2.0
8	15	10	23	2.0
8	15	10	25	1.0
8	15	11	22	1.0
8	16	6	25	1.0
8	16	7	23	2.0
8	16	8	22	2.0
8	16	8	24	2.0
8	16	8	28	1.0
8	16	9	23	1.0
8	16	9	24	3.0
8	16	9	25	3.0
8	16	9	26	2.0
8	16	9	28	1.0
8	16	10	24	3.0
8	16	10	25	2.0
8	17	5	23	1.0
8	17	5	24	1.0
8	17	6	23	3.0
8	17	6	25	1.0
8	17	6	26	1.0
8	17	7	24	2.0
8	17	8	24	2.0
8	17	8	26	4.0
8	17	9	24	1.0
8	17	9	25	3.0
8	17	10	26	1.0
8	17	10	28	3.0
8	17	11	27	1.0
8	18	4	26	1.0
8	18	5	26	1.0
8	18	5	27	1.0
8	18	6	28	1.0
8	18	7	24	1.0
8	18	7	25	4.0
8	18	7	26	2.0
8	18	7	27	1.0
8	18	8	26	1.0
8	18	8	27	1.0
8	18	9	26	1.0
8	18	9	27	1.0
8	18	9	30	1.0
8	19	3	28	1.0
8	19	6	29	1.0
8	19	7	26	1.0
8	19	7	27	1.0
8	19	7	28	1.0
8	19	7	30	1.0
8	19	7	31	1.0
8	19	8	27	1.0
8	19	8	29	1.0
8	19	8	30	1.0
8	19	8	32	1.0
8	19	10	29	1.0
8	20	2	30	1.0
8	20	3	28	1.0
8	20	4	28	1.0
8	20	4	30	1.0
8	20	5	30	1.0
8	20	6	26	1.0
8	20	6	28	1.0
8	20	6	30	1.0
8	20	6	32	1.0
8	20	8	31	1.0
8	20	9	33	1.0
8	20	10	32	1.0
8	21	2	29	2.0
8	21	6	30	1.0
8	22	5	33	1.0
8	22	6	33	2.0
8	22	7	33	1.0
8	22	7	35	1.0
8	22	8	33	1.0
8	22	9	34	1.0
8	23	3	32	1.0
8	23	4	32	1.0
8	23	5	32	1.0
8	23	5	33	2.0
8	23	5	34	1.0
8	23	6	32	1.0
8	23	6	34	1.0
8	23	9	38	1.0
8	24	2	34	1.0
8	24	5	34	1.0
8	24	5	35	1.0
8	24	7	38	1.0
8	24	8	36	1.0
8	25	3	38	1.0
8	25	4	40	1.0
8	26	4	36	1.0
8	26	4	38	1.0
8	26	6	39	2.0
8	26	9	43	1.0
8	27	4	40	1.0
8	28	2	45	1.0
8	28	2	46	1.0
8	28	4	44	1.0
8	29	2	43	1.0
8	29	3	39	1.0
8	29	4	41	1.0
8	29	5	41	1.0
8	30	4	42	1.0
8	31	2	42	1.0
8	34	3	49	2.0
8	34	4	49	1.0
9	10	11	14	2.0
9	10	11	15	2.0
9	10	12	15	8.0
9	10	18	29	1.0
9	11	10	16	1.0
9	11	11	15	8.0
9	11	11	16	9.0
9	11	12	16	9.0
9	11	12	17	1.0
9	12	9	18	1.0
9	12	10	16	2.0
9	12	10	17	2.0
9	12	10	19	1.0
9	12	11	16	5.0
9	12	11	17	15.0
9	12	11	18	3.0
9	12	11	19	1.0
9	12	12	17	5.0
9	12	12	18	8.0
9	13	8	18	1.0
9	13	9	17	1.0
9	13	9	18	1.0
9	13	10	18	2.0
9	13	10	19	3.0
9	13	11	18	6.0
9	13	11	19	5.0
9	13	11	21	1.0
9	13	12	18	4.0
9	13	12	19	3.0
9	13	12	20	1.0
9	14	9	18	3.0
9	14	9	19	2.0
9	14	9	21	3.0
9	14	10	19	5.0
9	14	10	20	4.0
9	14	10	21	1.0
9	14	11	19	2.0
9	14	11	20	5.0
9	14	11	21	7.0
9	14	12	19	1.0
9	14	12	20	1.0
9	15	7	20	1.0
9	15	9	21	1.0
9	15	9	22	1.0
9	15	10	20	3.0
9	15	10	21	4.0
9	15	10	22	5.0
9	15	10	23	2.0
9	15	11	21	2.0
9	15	11	22	6.0
9	15	11	23	1.0
9	15	12	21	1.0
9	16	5	23	1.0
9	16	6	23	1.0
9	16	8	22	4.0
9	16	8	24	1.0
9	16	9	22	2.0
9	16	9	24	2.0
9	16	9	25	2.0
9	16	10	22	1.0
9	16	10	23	4.0
9	16	11	26	2.0
9	17	7	23	1.0
9	17	7	24	1.0
9	17	7	26	1.0
9	17	8	23	1.0
9	17	8	24	1.0
9	17	8	26	3.0
9	17	9	23	1.0
9	17	9	25	1.0
9	17	10	28	1.0
9	17	11	24	1.0
9	17	11	26	1.0
9	18	4	25	1.0
9	18	6	25	1.0
9	18	8	23	1.0
9	18	8	25	2.0
9	18	8	26	1.0
9	18	8	27	5.0
9	18	9	24	1.0
9	18	9	25	2.0
9	18	9	26	1.0
9	18	9	27	1.0
9	18	10	27	1.0
9	18	10	29	1.0
9	19	5	25	1.0
9	19	5	26	3.0
9	19	5	27	1.0
9	19	6	28	2.0
9	19	6	30	1.0
9	19	7	25	1.0
9	19	7	27	3.0
9	19	7	28	2.0
9	19	7	31	1.0
9	19	8	26	1.0
9	19	8	29	2.0
9	19	9	26	1.0
9	19	9	27	4.0
9	19	10	30	1.0
9	19	11	27	2.0
9	20	5	26	2.0
9	20	7	28	2.0
9	20	7	30	1.0
9	20	8	28	3.0
9	20	9	29	3.0
9	20	9	31	1.0
9	20	10	28	1.0
9	20	10	29	1.0
9	21	5	29	1.0
9	21	5	31	2.0
9	21	8	30	1.0
9	21	8	31	1.0
9	21	9	32	1.0
9	22	6	34	1.0
9	22	7	30	2.0
9	22	7	31	2.0
9	22	8	30	1.0
9	22	8	34	1.0
9	22	9	31	1.0
9	23	4	30	1.0
9	23	6	35	1.0
9	23	7	33	1.0
9	24	2	31	2.0
9	24	3	38	1.0
9	24	4	39	1.0
9	24	7	38	1.0
9	24	9	39	1.0
9	25	2	34	1.0
9	25	4	35	1.0
9	25	4	36	1.0
9	25	6	42	1.0
9	25	7	36	1.0
9	25	8	36	1.0
9	26	3	40	1.0
9	26	4	36	2.0
9	26	4	39	1.0
9	26	4	40	1.0
9	26	5	36	1.0
9	26	6	42	2.0
9	26	7	39	1.0
9	26	7	40	1.0
9	27	3	37	1.0
9	27	5	37	1.0
9	27	5	38	1.0
9	27	5	45	1.0
9	28	4	38	2.0
9	28	4	40	1.0
9	29	5	41	1.0
9	29	5	44	1.0
9	29	6	44	1.0
9	30	2	42	1.0
9	30	3	42	1.0
9	30	4	40	1.0
9	30	6	45	1.0
9	30	7	46	1.0
9	32	3	44	1.0
10	11	12	15	2.0
10	11	12	16	2.0
10	11	13	16	9.0
10	12	11	17	1.0
10	12	12	16	3.0
10	12	12	17	3.0
10	12	13	17	7.0
10	12	13	19	1.0
10	13	11	18	8.0
10	13	11	19	1.0
10	13	12	17	2.0
10	13	12	19	2.0
10	13	13	18	6.0
10	13	13	19	7.0
10	13	13	20	2.0
10	14	10	19	2.0
10	14	10	20	3.0
10	14	10	21	2.0
10	14	11	18	1.0
10	14	11	20	3.0
10	14	11	21	1.0
10	14	12	19	8.0
10	14	12	20	9.0
10	14	12	21	9.0
10	14	13	19	2.0
10	14	13	20	8.0
10	14	13	21	3.0
10	15	6	21	1.0
10	15	8	20	1.0
10	15	10	20	2.0
10	15	10	23	1.0
10	15	11	20	1.0
10	15	11	21	1.0
10	15	11	22	4.0
10	15	11	23	1.0
10	15	12	20	3.0
10	15	12	21	3.0
10	15	12	22	1.0
10	15	12	23	1.0
10	15	13	20	1.0
10	15	13	21	1.0
10	15	13	23	1.0
10	16	8	21	1.0
10	16	8	22	1.0
10	16	9	22	3.0
10	16	10	22	2.0
10	16	10	23	2.0
10	16	10	24	1.0
10	16	11	21	1.0
10	16	11	22	2.0
10	16	11	24	1.0
10	16	11	25	2.0
10	16	12	23	5.0
10	17	8	23	1.0
10	17	8	24	1.0
10	17	9	23	2.0
10	17	9	25	2.0
10	17	10	23	2.0
10	17	10	24	2.0
10	17	10	25	1.0
10	17	11	24	2.0
10	17	11	25	2.0
10	17	12	24	1.0
10	18	7	25	1.0
10	18	9	23	1.0
10	18	9	25	2.0
10	18	9	26	1.0
10	18	10	23	1.0
10	18	10	25	2.0
10	18	11	25	1.0
10	18	11	27	1.0
10	19	7	25	1.0
10	19	9	26	2.0
10	19	10	27	1.0
10	19	10	29	1.0
10	19	11	27	5.0
10	19	11	28	1.0
10	19	12	27	2.0
10	19	13	27	2.0
10	19	13	28	1.0
10	20	7	28	2.0
10	20	7	29	1.0
10	20	8	27	1.0
10	20	9	27	1.0
10	20	9	28	2.0
10	20	10	28	1.0
10	20	10	29	1.0
10	20	10	30	2.0
10	21	6	28	1.0
10	21	7	32	1.0
10	21	9	31	1.0
10	21	9	32	1.0
10	21	10	31	2.0
10	21	10	32	1.0
10	21	11	29	1.0
10	21	11	30	1.0
10	21	11	31	3.0
10	22	5	33	1.0
10	22	9	30	2.0
10	22	9	31	2.0
10	22	9	33	1.0
10	22	10	31	3.0
10	22	10	32	1.0
10	22	10	36	1.0
10	23	3	31	1.0
10	23	6	32	1.0
10	23	8	36	1.0
10	23	9	32	1.0
10	23	9	36	1.0
10	23	10	34	1.0
10	23	10	37	1.0
10	24	7	34	3.0
10	24	7	35	1.0
10	24	8	35	2.0
10	24	8	36	3.0
10	24	9	37	1.0
10	25	5	34	1.0
10	25	5	39	1.0
10	25	7	36	1.0
10	25	8	38	1.0
10	25	9	36	1.0
10	25	11	38	1.0
10	26	7	37	1.0
10	26	7	40	1.0
10	26	9	39	1.0
10	26	9	42	1.0
10	27	7	38	1.0
10	27	8	40	1.0
10	27	8	43	1.0
10	27	9	46	1.0
10	28	5	38	1.0
10	28	6	39	1.0
10	28	7	43	1.0
10	28	8	39	1.0
10	28	9	45	2.0
10	28	10	44	2.0
10	28	10	48	1.0
10	29	4	41	1.0
10	29	4	46	1.0
10	29	6	39	1.0
10	29	6	45	2.0
10	29	9	47	1.0
10	29	10	45	1.0
10	30	2	43	1.0
10	30	4	40	4.0
10	31	2	48	1.0
10	31	3	49	1.0
10	32	2	46	1.0
10	34	5	49	1.0
10	35	3	48	1.0
11	12	13	16	1.0
11	12	13	17	2.0
11	12	14	17	3.0
11	13	12	18	1.0
11	13	13	17	2.0
11	13	13	18	4.0
11	13	13	19	4.0
11	13	14	18	7.0
11	13	14	19	3.0
11	14	12	20	2.0
11	14	13	19	8.0
11	14	13	20	2.0
11	14	14	19	11.0
11	14	14	20	3.0
11	15	11	21	1.0
11	15	12	19	1.0
11	15	12	21	2.0
11	15	13	20	4.0
11	15	13	21	7.0
11	15	13	22	1.0
11	15	14	19	1.0
11	15	14	20	2.0
11	15	14	21	1.0
11	16	11	21	1.0
11	16	11	23	1.0
11	16	12	22	3.0
11	16	12	23	2.0
11	16	13	23	1.0
11	16	13	24	3.0
11	17	9	24	1.0
11	17	10	23	1.0
11	17	11	23	1.0
11	17	13	23	3.0
11	17	14	25	2.0
11	18	9	23	1.0
11	18	10	25	3.0
11	18	10	26	1.0
11	18	11	24	1.0
11	18	11	25	2.0
11	18	11	26	2.0
11	18	12	26	2.0
11	19	9	26	1.0
11	19	9	27	3.0
11	19	10	27	1.0
11	19	12	26	1.0
11	19	12	28	1.0
11	19	12	29	1.0
11	19	12	30	1.0
11	19	13	26	3.0
11	19	13	28	1.0
11	19	14	27	1.0
11	19	14	28	1.0
11	20	7	27	1.0
11	20	8	28	1.0
11	20	9	27	1.0
11	20	9	28	2.0
11	20	9	30	2.0
11	20	10	29	1.0
11	20	10	31	1.0
11	20	10	32	2.0
11	20	11	26	2.0
11	20	11	29	1.0
11	20	11	31	1.0
11	20	12	28	1.0
11	21	7	29	1.0
11	21	8	28	1.0
11	21	8	29	1.0
11	21	10	29	1.0
11	21	10	30	2.0
11	21	11	27	1.0
11	21	13	30	1.0
11	22	9	32	1.0
11	22	10	33	1.0
11	22	10	34	1.0
11	23	5	32	1.0
11	23	6	32	1.0
11	23	9	31	1.0
11	23	11	35	4.0
11	23	13	34	1.0
11	24	5	32	1.0
11	24	5	34	1.0
11	24	7	34	1.0
11	24	9	32	1.0
11	24	9	33	1.0
11	24	9	34	1.0
11	24	9	36	2.0
11	24	10	36	1.0
11	24	10	37	1.0
11	24	10	38	1.0
11	24	12	34	1.0
11	25	6	37	1.0
11	25	9	34	1.0
11	25	9	38	2.0
11	25	10	33	1.0
11	25	10	37	1.0
11	25	12	36	1.0
11	25	12	37	1.0
11	26	7	34	1.0
11	26	8	38	1.0
11	26	9	38	1.0
11	27	4	36	1.0
11	27	8	38	1.0
11	27	8	39	1.0
11	27	8	43	1.0
11	27	9	38	2.0
11	27	10	39	1.0
11	28	5	37	1.0
11	28	6	39	1.0
11	28	8	44	1.0
11	29	3	42	1.0
11	29	5	38	1.0
11	29	6	38	1.0
11	29	7	38	1.0
11	29	8	43	1.0
11	30	4	44	2.0
11	30	5	41	2.0
11	30	7	41	1.0
11	31	2	40	1.0
11	31	6	42	1.0
11	31	8	43	1.0
12	13	14	17	1.0
12	13	15	18	3.0
12	13	16	19	1.0
12	14	13	19	1.0
12	14	14	19	7.0
12	14	15	19	6.0
12	14	15	20	1.0
12	15	13	19	2.0
12	15	13	20	1.0
12	15	14	20	2.0
12	15	15	20	4.0
12	15	15	21	1.0
12	16	12	22	1.0
12	16	13	21	6.0
12	16	13	22	2.0
12	16	13	23	5.0
12	16	14	21	6.0
12	16	14	22	7.0
12	16	14	23	1.0
12	16	15	20	2.0
12	16	15	21	1.0
12	16	15	22	2.0
12	17	12	22	2.0
12	17	12	23	1.0
12	17	12	24	1.0
12	17	13	21	1.0
12	17	13	22	1.0
12	17	13	23	5.0
12	17	13	24	2.0
12	17	14	22	2.0
12	17	14	23	3.0
12	17	14	24	3.0
12	17	15	24	1.0
12	18	12	24	2.0
12	18	12	25	2.0
12	18	13	23	1.0
12	18	13	24	1.0
12	18	13	25	3.0
12	18	13	26	1.0
12	18	13	27	1.0
12	18	14	23	1.0
12	19	10	24	1.0
12	19	11	24	1.0
12	19	12	25	1.0
12	19	12	26	2.0
12	19	12	27	2.0
12	19	13	24	1.0
12	19	13	26	2.0
12	19	13	27	2.0
12	19	13	29	1.0
12	19	14	26	2.0
12	20	8	27	1.0
12	20	9	27	1.0
12	20	11	26	1.0
12	20	11	27	1.0
12	20	12	27	1.0
12	20	13	27	2.0
12	20	13	29	1.0
12	20	13	31	1.0
12	20	13	32	1.0
12	20	14	29	2.0
12	20	14	31	1.0
12	21	12	28	1.0
12	21	12	29	2.0
12	21	12	31	1.0
12	21	12	32	1.0
12	21	13	28	1.0
12	21	13	29	1.0
12	21	13	32	2.0
12	21	14	30	1.0
12	22	8	29	1.0
12	22	10	32	1.0
12	22	11	30	1.0
12	22	11	31	2.0
12	22	12	29	1.0
12	22	12	30	1.0
12	22	12	32	1.0
12	22	13	32	1.0
12	23	10	31	2.0
12	23	10	32	1.0
12	23	11	31	1.0
12	23	11	34	1.0
12	23	12	30	1.0
12	23	13	32	1.0
12	23	14	37	2.0
12	24	7	32	2.0
12	24	8	32	1.0
12	24	9	32	2.0
12	24	9	33	1.0
12	24	9	37	1.0
12	24	10	32	1.0
12	24	11	31	1.0
12	24	11	33	1.0
12	24	11	34	1.0
12	24	12	34	1.0
12	24	14	35	1.0
12	24	14	37	1.0
12	25	9	38	2.0
12	25	10	36	1.0
12	25	11	33	1.0
12	25	13	40	1.0
12	26	6	34	1.0
12	26	10	39	1.0
12	26	11	36	1.0
12	26	11	37	1.0
12	26	11	38	1.0
12	26	12	37	1.0
12	27	8	39	2.0
12	27	9	36	1.0
12	28	10	45	1.0
12	28	11	42	1.0
12	29	10	40	1.0
12	29	12	41	1.0
12	30	10	42	1.0
12	31	6	40	1.0
12	33	11	49	2.0
12	34	8	46	2.0
12	35	2	48	1.0
12	35	3	46	1.0
12	35	8	48	1.0
12	36	6	47	1.0
12	38	3	49	1.0
13	14	15	18	5.0
13	14	16	19	4.0
13	15	15	19	8.0
13	15	15	20	1.0
13	15	16	20	6.0
13	15	16	22	2.0
13	16	14	21	1.0
13	16	14	22	1.0
13	16	15	21	3.0
13	16	15	22	3.0
13	16	16	21	6.0
13	16	16	22	4.0
13	17	14	21	2.0
13	17	14	22	2.0
13	17	14	23	1.0
13	17	14	24	2.0
13	17	15	22	4.0
13	17	15	23	1.0
13	17	15	26	1.0
13	17	16	22	3.0
13	17	16	23	3.0
13	17	16	24	1.0
13	18	12	22	1.0
13	18	13	22	1.0
13	18	13	23	1.0
13	18	13	24	2.0
13	18	14	25	4.0
13	18	15	23	1.0
13	18	15	24	3.0
13	18	15	25	4.0
13	18	15	26	2.0
13	18	16	24	1.0
13	19	13	24	2.0
13	19	13	26	1.0
13	19	14	26	1.0
13	19	15	24	1.0
13	19	15	25	1.0
13	19	15	26	4.0
13	19	16	26	1.0
13	20	10	26	1.0
13	20	12	26	2.0
13	20	12	28	3.0
13	20	13	26	1.0
13	20	13	27	1.0
13	20	13	28	1.0
13	20	14	26	3.0
13	20	14	27	2.0
13	20	14	29	2.0
13	20	14	30	1.0
13	20	15	26	1.0
13	20	15	27	2.0
13	20	15	28	1.0
13	20	16	28	1.0
13	21	12	27	1.0
13	21	12	30	1.0
13	21	13	28	1.0
13	21	15	30	1.0
13	22	11	28	1.0
13	22	11	30	1.0
13	22	12	28	1.0
13	22	13	29	2.0
13	22	13	30	1.0
13	22	13	31	1.0
13	22	14	29	1.0
13	22	14	31	2.0
13	22	15	30	1.0
13	22	15	31	1.0
13	23	9	32	1.0
13	23	12	30	1.0
13	23	12	34	1.0
13	23	13	33	1.0
13	23	14	32	1.0
13	23	14	33	1.0
13	24	10	31	1.0
13	24	11	35	1.0
13	24	12	31	1.0
13	24	12	35	2.0
13	24	14	34	1.0
13	25	7	33	1.0
13	25	10	35	1.0
13	25	11	34	3.0
13	25	11	35	1.0
13	25	12	38	2.0
13	25	13	35	2.0
13	25	13	37	1.0
13	25	14	36	1.0
13	25	14	37	1.0
13	25	15	36	1.0
13	26	9	37	1.0
13	26	11	37	1.0
13	26	11	38	1.0
13	26	11	40	1.0
13	26	12	36	1.0
13	26	12	37	1.0
13	26	13	41	1.0
13	27	8	37	1.0
13	27	10	35	1.0
13	27	10	40	1.0
13	27	12	38	1.0
13	27	14	39	1.0
13	28	12	39	1.0
13	28	12	40	1.0
13	28	12	41	1.0
13	29	9	39	1.0
13	29	11	40	1.0
13	29	11	42	1.0
13	29	11	45	1.0
13	29	12	42	1.0
13	30	8	40	3.0
13	30	11	41	1.0
13	30	11	43	1.0
13	30	11	48	1.0
13	31	7	42	1.0
13	31	11	43	1.0
13	32	6	46	1.0
13	32	7	45	1.0
13	33	4	47	1.0
13	33	4	49	1.0
13	33	10	46	1.0
13	35	5	45	1.0
13	36	6	49	1.0
14	15	16	19	3.0
14	15	16	20	2.0
14	15	17	20	9.0
14	16	15	21	3.0
14	16	16	21	4.0
14	16	17	21	6.0
14	17	15	22	2.0
14	17	16	21	3.0
14	17	16	22	6.0
14	17	16	23	5.0
14	17	17	22	2.0
14	17	17	23	2.0
14	17	18	23	1.0
14	18	14	23	3.0
14	18	14	24	1.0
14	18	15	23	2.0
14	18	15	24	2.0
14	18	16	22	1.0
14	18	16	23	7.0
14	18	16	24	4.0
14	18	16	25	2.0
14	18	17	23	3.0
14	18	17	24	1.0
14	19	13	24	1.0
14	19	15	24	5.0
14	19	15	25	1.0
14	19	15	26	3.0
14	19	16	24	3.0
14	19	16	25	3.0
14	19	16	26	3.0
14	19	17	26	2.0
14	20	14	25	4.0
14	20	15	26	1.0
14	20	15	27	1.0
14	20	15	28	2.0
14	20	16	26	1.0
14	20	16	27	1.0
14	21	13	27	1.0
14	21	13	29	1.0
14	21	14	27	5.0
14	21	14	29	1.0
14	21	16	27	1.0
14	21	16	29	2.0
14	21	17	30	1.0
14	22	12	29	1.0
14	22	13	29	1.0
14	22	14	29	1.0
14	22	15	30	4.0
14	22	15	31	1.0
14	22	16	31	1.0
14	22	17	29	2.0
14	23	13	35	1.0
14	23	14	29	1.0
14	23	14	31	1.0
14	23	14	32	1.0
14	23	16	30	1.0
14	24	13	32	1.0
14	24	14	31	1.0
14	24	14	33	1.0
14	24	14	36	2.0
14	25	10	33	1.0
14	25	11	36	2.0
14	25	12	32	1.0
14	25	13	35	2.0
14	25	13	36	1.0
14	25	14	35	1.0
14	25	15	38	1.0
14	27	11	35	2.0
14	27	12	35	1.0
14	28	9	35	1.0
14	28	9	39	1.0
14	28	10	36	1.0
14	28	11	36	1.0
14	28	12	40	1.0
14	28	12	42	1.0
14	28	14	42	1.0
14	29	9	39	1.0
14	29	11	42	1.0
14	29	14	42	1.0
14	29	15	42	1.0
14	30	11	40	2.0
14	30	11	42	1.0
14	30	12	42	1.0
14	30	13	44	1.0
14	30	14	42	1.0
14	31	12	43	1.0
14	31	12	44	1.0
14	31	13	44	1.0
14	32	7	47	1.0
14	32	7	48	1.0
14	32	9	42	1.0
14	33	6	46	2.0
14	33	6	47	1.0
14	33	7	43	1.0
14	33	8	42	1.0
14	33	8	49	1.0
14	34	7	43	1.0
14	34	7	48	1.0
14	35	7	48	1.0
14	35	9	48	2.0
14	36	9	49	1.0
15	16	18	21	2.0
15	16	18	22	1.0
15	17	16	22	1.0
15	17	17	22	9.0
15	17	18	22	7.0
15	18	16	23	2.0
15	18	16	24	2.0
15	18	17	23	11.0
15	18	17	24	2.0
15	18	17	25	1.0
15	18	18	25	1.0
15	19	15	25	1.0
15	19	16	25	1.0
15	19	17	23	1.0
15	19	17	24	1.0
15	19	17	25	2.0
15	19	18	25	3.0
15	20	14	26	1.0
15	20	16	25	1.0
15	20	16	26	5.0
15	20	17	25	4.0
15	20	17	26	4.0
15	21	15	27	1.0
15	21	15	30	1.0
15	21	16	27	3.0
15	21	16	28	2.0
15	21	17	26	2.0
15	21	17	28	2.0
15	21	17	29	1.0
15	21	18	28	1.0
15	22	16	29	1.0
15	22	16	30	3.0
15	22	17	29	1.0
15	22	17	30	1.0
15	23	15	33	1.0
15	23	16	30	2.0
15	24	15	31	1.0
15	25	13	34	1.0
15	25	13	35	1.0
15	25	14	32	1.0
15	25	14	33	1.0
15	25	15	35	1.0
15	25	16	34	1.0
15	26	13	35	1.0
15	26	13	36	1.0
15	26	14	33	1.0
15	26	14	35	1.0
15	26	15	34	1.0
15	26	15	35	2.0
15	27	12	35	1.0
15	27	12	36	1.0
15	27	15	36	1.0
15	27	15	40	2.0
15	27	17	39	2.0
15	28	11	36	1.0
15	28	13	41	1.0
15	28	14	42	1.0
15	28	15	40	1.0
15	28	17	39	1.0
15	29	9	38	1.0
15	29	12	40	1.0
15	30	12	39	1.0
15	30	12	42	1.0
15	30	14	43	1.0
15	30	14	45	1.0
15	31	13	40	1.0
15	32	13	48	1.0
15	32	14	44	1.0
15	32	15	47	1.0
15	33	5	46	1.0
15	33	6	44	1.0
15	33	8	48	1.0
15	33	9	45	1.0
15	34	12	45	1.0
15	34	14	48	1.0
15	35	11	45	1.0
15	35	12	48	1.0
15	36	9	48	2.0
15	36	11	48	1.0
16	17	18	21	2.0
16	17	19	22	1.0
16	18	18	22	1.0
16	18	18	23	3.0
16	18	19	23	3.0
16	19	17	23	2.0
16	19	18	24	6.0
16	19	18	25	4.0
16	19	19	25	1.0
16	20	17	25	1.0
16	20	17	26	1.0
16	20	18	25	2.0
16	20	18	26	1.0
16	20	18	27	3.0
16	20	19	26	2.0
16	20	19	27	1.0
16	21	17	26	2.0
16	21	17	28	1.0
16	21	18	27	4.0
16	21	19	27	2.0
16	22	15	27	1.0
16	22	15	28	1.0
16	22	16	28	1.0
16	22	16	29	2.0
16	22	17	26	1.0
16	22	17	27	1.0
16	22	17	28	2.0
16	22	18	27	1.0
16	22	18	29	1.0
16	22	18	30	1.0
16	23	16	30	2.0
16	23	17	29	1.0
16	23	17	32	1.0
16	23	18	30	1.0
16	24	14	32	2.0
16	24	16	29	1.0
16	24	16	30	2.0
16	24	16	31	1.0
16	24	16	32	1.0
16	24	16	33	1.0
16	24	17	30	1.0
16	24	17	31	2.0
16	24	18	31	1.0
16	25	15	32	3.0
16	25	15	33	1.0
16	25	16	31	2.0
16	25	16	32	1.0
16	25	16	33	2.0
16	25	17	33	1.0
16	25	18	33	1.0
16	26	15	36	2.0
16	26	16	33	2.0
16	26	17	35	2.0
16	27	14	37	1.0
16	27	15	36	1.0
16	27	16	35	2.0
16	27	16	36	1.0
16	27	17	40	2.0
16	28	13	36	1.0
16	28	13	41	1.0
16	28	14	36	2.0
16	28	14	37	1.0
16	28	15	35	1.0
16	28	16	37	1.0
16	29	12	40	1.0
16	29	13	42	1.0
16	29	14	39	2.0
16	29	16	39	1.0
16	30	15	39	1.0
16	30	15	40	1.0
16	30	15	41	1.0
16	30	16	39	1.0
16	31	10	42	1.0
16	31	12	45	1.0
16	31	13	40	1.0
16	31	14	40	1.0
16	31	16	42	2.0
16	32	9	42	1.0
16	33	8	43	1.0
16	33	9	44	1.0
16	33	12	44	1.0
16	33	12	45	1.0
16	33	14	47	1.0
16	33	15	47	1.0
16	34	15	47	1.0
16	35	10	46	1.0
16	35	12	47	1.0
16	36	10	46	1.0
16	36	11	46	1.0
17	18	19	22	1.0
17	19	19	24	7.0
17	19	20	24	3.0
17	19	20	25	2.0
17	19	21	25	3.0
17	20	18	24	1.0
17	20	18	25	2.0
17	20	19	25	3.0
17	20	19	26	2.0
17	20	20	26	1.0
17	20	21	26	1.0
17	21	18	26	1.0
17	21	20	27	1.0
17	22	16	27	2.0
17	22	17	28	1.0
17	22	18	28	1.0
17	22	18	29	2.0
17	22	19	28	4.0
17	23	16	28	1.0
17	23	17	28	1.0
17	23	17	29	3.0
17	23	17	30	1.0
17	23	18	29	1.0
17	23	18	30	1.0
17	23	19	29	3.0
17	23	19	30	3.0
17	23	19	31	2.0
17	23	19	32	2.0
17	24	16	33	1.0
17	24	17	30	1.0
17	24	17	31	2.0
17	24	18	31	4.0
17	24	18	33	1.0
17	24	19	31	2.0
17	25	16	33	1.0
17	25	18	33	1.0
17	25	19	32	2.0
17	25	19	33	2.0
17	26	16	33	1.0
17	26	16	34	1.0
17	26	18	34	1.0
17	26	18	36	1.0
17	27	16	35	3.0
17	27	16	37	1.0
17	27	17	36	1.0
17	27	18	36	1.0
17	27	19	36	2.0
17	28	15	39	2.0
17	28	17	37	1.0
17	28	17	38	2.0
17	28	18	36	1.0
17	29	16	42	1.0
17	29	16	43	1.0
17	29	18	38	1.0
17	29	19	40	1.0
17	30	16	43	1.0
17	30	17	40	2.0
17	31	11	41	1.0
17	31	14	41	2.0
17	31	16	43	1.0
17	32	13	45	1.0
17	32	15	44	2.0
17	33	12	44	1.0
17	33	12	45	1.0
17	33	13	47	1.0
17	33	15	44	1.0
17	34	11	43	2.0
17	34	12	43	1.0
17	34	12	45	1.0
18	19	20	23	1.0
18	19	20	24	2.0
18	19	21	24	2.0
18	20	19	24	1.0
18	20	21	25	2.0
18	21	19	27	1.0
18	21	20	26	1.0
18	21	20	27	2.0
18	21	20	28	1.0
18	21	21	26	3.0
18	21	21	27	1.0
18	21	21	28	1.0
18	22	18	28	1.0
18	22	19	27	1.0
18	22	20	26	1.0
18	22	20	27	1.0
18	22	20	28	5.0
18	22	20	29	2.0
18	22	21	28	1.0
18	23	18	28	1.0
18	23	19	28	2.0
18	23	19	29	1.0
18	23	20	30	3.0
18	23	20	31	1.0
18	23	21	30	1.0
18	24	18	29	1.0
18	24	18	30	1.0
18	24	19	30	1.0
18	24	19	33	1.0
18	25	17	32	1.0
18	25	17	33	1.0
18	25	18	33	3.0
18	25	20	30	1.0
18	26	18	33	1.0
18	26	18	34	2.0
18	26	18	35	2.0
18	26	19	33	1.0
18	26	19	34	2.0
18	26	20	35	1.0
18	27	17	36	1.0
18	27	19	36	1.0
18	27	19	37	1.0
18	27	20	34	1.0
18	28	18	36	1.0
18	29	18	40	1.0
18	30	18	39	1.0
18	30	18	42	1.0
18	31	15	41	1.0
18	31	15	42	1.0
18	31	16	42	1.0
18	31	17	43	1.0
18	31	18	40	1.0
18	31	18	45	1.0
18	33	15	42	1.0
18	33	16	42	1.0
18	34	11	43	1.0
18	34	11	46	3.0
18	34	12	43	1.0
18	35	14	47	1.0
19	20	16	24	1.0
19	20	21	25	2.0
19	20	22	25	4.0
19	21	21	25	4.0
19	21	21	27	2.0
19	21	22	26	4.0
19	22	20	26	1.0
19	22	20	27	2.0
19	22	21	27	3.0
19	22	21	28	1.0
19	22	22	27	3.0
19	22	22	28	5.0
19	23	20	30	2.0
19	23	20	31	1.0
19	23	21	28	1.0
19	23	21	29	3.0
19	23	22	28	2.0
19	23	22	29	1.0
19	23	22	31	1.0
19	24	19	31	1.0
19	25	17	33	2.0
19	25	19	31	2.0
19	25	20	31	2.0
19	25	20	32	1.0
19	25	20	34	4.0
19	25	21	34	1.0
19	26	17	34	1.0
19	26	18	34	1.0
19	26	20	34	1.0
19	26	21	34	1.0
19	27	20	34	1.0
19	27	21	36	3.0
19	28	18	35	1.0
19	28	19	39	1.0
19	29	18	36	1.0
19	29	18	38	1.0
19	29	18	40	1.0
19	29	19	37	1.0
19	30	17	38	1.0
19	31	14	40	1.0
19	32	15	41	1.0
19	34	16	44	1.0
19	37	16	49	2.0
19	38	13	47	1.0
20	21	23	26	2.0
20	22	22	26	1.0
20	22	23	27	3.0
20	23	21	28	1.0
20	23	22	30	1.0
20	24	20	30	1.0
20	24	21	30	1.0
20	24	22	28	1.0
20	24	22	29	2.0
20	24	22	30	5.0
20	24	23	30	3.0
20	25	21	31	1.0
20	25	21	32	1.0
20	25	22	31	3.0
20	25	22	32	2.0
20	25	22	33	1.0
20	25	23	30	1.0
20	25	23	31	1.0
20	26	20	32	1.0
20	26	20	33	2.0
20	26	21	33	2.0
20	26	22	31	2.0
20	26	22	32	1.0
20	26	22	33	1.0
20	27	19	34	2.0
20	27	20	33	1.0
20	27	21	34	2.0
20	27	22	34	1.0
20	27	22	35	1.0
20	28	21	35	1.0
20	29	18	36	1.0
20	29	19	39	1.0
20	29	20	36	3.0
20	29	20	37	1.0
20	29	20	38	1.0
20	29	22	37	1.0
20	30	17	38	1.0
20	30	21	42	1.0
20	31	18	40	1.0
20	32	15	42	1.0
20	32	16	40	1.0
20	33	16	43	1.0
20	34	16	42	1.0
20	34	18	44	1.0
20	35	19	47	1.0
20	37	14	47	1.0
21	22	23	27	1.0
21	23	22	28	1.0
21	23	23	27	2.0
21	23	23	28	1.0
21	23	24	28	1.0
21	23	24	29	1.0
21	24	23	28	2.0
21	24	23	29	4.0
21	24	23	30	2.0
21	24	23	31	2.0
21	24	24	30	2.0
21	25	22	30	1.0
21	25	23	30	3.0
21	25	23	31	3.0
21	26	20	31	2.0
21	26	20	32	1.0
21	26	22	30	1.0
21	26	22	31	3.0
21	26	22	33	1.0
21	26	23	33	1.0
21	26	23	34	3.0
21	26	24	34	1.0
21	27	22	33	1.0
21	27	23	35	1.0
21	28	21	35	1.0
21	28	23	36	2.0
21	29	19	37	1.0
21	29	21	36	2.0
21	29	22	37	1.0
21	30	22	37	1.0
21	31	20	39	1.0
21	31	23	39	1.0
21	32	22	41	1.0
21	33	18	41	1.0
21	33	19	41	1.0
21	33	19	47	1.0
21	33	21	45	2.0
21	35	16	43	1.0
21	35	18	42	1.0
21	35	18	43	1.0
21	36	18	43	1.0
21	38	19	49	1.0
22	23	22	42	1.0
22	23	24	28	2.0
22	23	25	28	1.0
22	24	24	28	1.0
22	25	22	30	1.0
22	25	23	31	1.0
22	25	24	30	1.0
22	25	25	30	3.0
22	26	25	31	2.0
22	27	23	33	1.0
22	28	22	34	1.0
22	28	23	34	1.0
22	29	21	36	2.0
22	29	22	35	1.0
22	29	23	35	2.0
22	29	23	37	2.0
22	29	24	36	1.0
22	30	22	36	1.0
22	30	23	37	1.0
22	30	23	41	1.0
22	31	22	41	1.0
22	31	22	42	2.0
22	32	19	40	1.0
22	32	20	38	1.0
22	33	19	40	1.0
22	33	21	43	1.0
22	34	16	43	1.0
22	34	17	43	1.0
22	34	21	43	2.0
22	34	23	44	1.0
22	35	16	45	1.0
22	35	19	46	1.0
22	35	21	44	1.0
22	35	21	45	1.0
22	36	19	46	1.0
22	36	19	47	1.0
22	37	19	45	1.0
22	37	19	46	1.0
23	24	26	29	1.0
23	25	25	29	1.0
23	25	26	30	1.0
23	26	26	31	3.0
23	27	24	32	1.0
23	27	25	34	1.0
23	28	23	35	1.0
23	28	24	36	1.0
23	28	25	33	2.0
23	29	23	35	1.0
23	29	24	35	1.0
23	30	22	36	1.0
23	30	24	39	1.0
23	30	25	37	1.0
23	31	20	40	1.0
23	31	21	38	1.0
23	31	22	41	1.0
23	31	23	38	1.0
23	31	23	39	1.0
23	32	20	40	1.0
23	32	23	41	1.0
23	33	22	41	3.0
23	34	19	41	1.0
23	34	19	42	1.0
23	34	21	42	2.0
23	34	21	43	1.0
23	34	24	43	2.0
23	35	19	42	1.0
23	37	17	48	1.0
23	37	23	47	1.0
24	27	25	33	1.0
24	27	26	31	3.0
24	27	26	32	2.0
24	27	27	32	2.0
24	27	27	33	1.0
24	28	24	33	1.0
24	28	25	33	1.0
24	28	25	35	1.0
24	29	26	35	1.0
24	30	23	36	1.0
24	30	24	36	3.0
24	30	25	38	1.0
24	30	26	37	2.0
24	30	26	38	1.0
24	30	27	37	1.0
24	31	24	38	3.0
24	33	22	42	2.0
24	34	22	44	2.0
24	34	25	42	1.0
24	36	24	45	1.0
24	37	21	46	1.0
24	37	21	47	1.0
24	39	19	47	1.0
25	26	29	32	3.0
25	28	27	33	1.0
25	28	28	33	5.0
25	29	26	35	1.0
25	29	27	35	1.0
25	29	28	35	1.0
25	30	26	37	3.0
25	30	27	36	2.0
25	31	25	37	1.0
25	31	26	37	1.0
25	31	26	38	1.0
25	31	27	37	1.0
25	33	25	41	1.0
25	34	26	43	1.0
25	35	24	42	1.0
25	35	24	45	1.0
25	35	25	44	1.0
25	36	23	48	2.0
25	37	22	47	1.0
25	37	23	49	1.0
26	27	29	33	1.0
26	28	28	33	4.0
26	28	29	33	1.0
26	29	28	34	1.0
26	30	25	36	1.0
26	30	26	36	1.0
26	31	28	37	3.0
26	31	29	37	1.0
26	32	29	39	2.0
26	33	26	41	1.0
26	33	26	43	1.0
26	33	28	41	2.0
26	34	26	42	1.0
26	35	25	44	2.0
26	38	26	47	1.0
27	28	30	33	1.0
27	29	30	34	1.0
27	30	28	35	2.0
27	30	30	36	1.0
27	31	28	37	1.0
27	31	30	36	2.0
27	31	30	39	1.0
27	32	27	37	2.0
27	33	27	39	2.0
27	33	28	39	1.0
27	35	29	43	1.0
27	36	25	44	1.0
27	36	26	44	1.0
27	36	28	43	1.0
27	39	28	47	1.0
28	29	31	34	2.0
28	30	30	36	1.0
28	31	30	36	1.0
28	32	29	37	1.0
28	32	29	38	1.0
28	34	26	40	1.0
28	35	28	43	1.0
28	35	29	42	3.0
28	36	30	44	1.0
28	37	26	45	1.0
28	37	27	46	1.0
29	31	31	35	1.0
29	32	31	37	1.0
29	35	30	41	1.0
29	35	31	41	2.0
29	36	29	43	1.0
29	36	30	43	1.0
29	36	30	44	1.0
29	38	29	47	1.0
29	38	30	45	1.0
29	39	29	47	1.0
30	33	32	39	1.0
30	33	33	38	2.0
30	33	34	39	1.0
30	34	31	40	2.0
30	34	31	41	1.0
30	34	32	39	2.0
30	34	33	40	3.0
30	35	31	40	1.0
30	36	31	42	1.0
30	36	31	43	2.0
30	38	29	45	1.0
30	38	29	46	1.0
30	38	31	47	1.0
30	39	30	47	3.0
31	33	33	37	4.0
31	33	33	39	1.0
31	34	32	39	3.0
31	35	33	40	3.0
31	36	31	42	1.0
31	36	32	43	2.0
31	37	32	44	1.0
31	37	32	45	1.0
32	35	34	41	2.0
32	35	35	40	3.0
32	36	33	42	1.0
32	37	33	42	1.0
32	37	33	45	1.0
32	37	34	42	1.0
32	37	34	43	1.0
32	38	33	44	1.0
32	39	34	46	1.0
32	41	29	47	1.0
32	41	33	48	1.0
33	34	35	39	2.0
33	35	36	40	3.0
33	37	35	42	1.0
33	37	35	43	1.0
33	37	36	43	1.0
33	39	34	46	3.0
33	39	36	48	1.0
33	40	31	49	1.0
33	41	30	47	1.0
34	36	37	41	1.0
35	39	36	46	3.0
35	40	37	45	2.0
35	41	36	46	1.0
35	42	35	48	4.0
35	42	36	49	1.0
36	37	8	47	1.0
36	38	39	44	1.0
36	40	36	46	1.0
36	41	36	46	1.0
37	41	39	47	1.0
37	42	38	46	1.0
37	42	38	47	1.0
38	42	40	47	1.0
38	42	40	48	2.0
39	42	41	48	2.0
39	43	40	48	1.0
Quadrant	2
0	1	2	5	20.0
0	1	2	6	4.0
0	1	3	6	40.0
0	1	4	49	2.0
0	1	6	49	5.0
0	1	7	15	1.0
0	1	7	43	1.0
0	1	7	49	2.0
0	2	2	6	15.0
0	2	2	7	24.0
0	2	2	8	3.0
0	2	3	7	30.0
0	2	3	8	12.0
0	2	6	49	1.0
0	3	2	7	10.0
0	3	2	8	29.0
0	3	2	9	13.0
0	3	2	10	3.0
0	3	3	8	28.0
0	3	3	9	18.0
0	3	3	10	2.0
0	3	3	11	2.0
0	3	4	9	3.0
0	3	7	49	1.0
0	4	2	8	2.0
0	4	2	9	15.0
0	4	2	10	20.0
0	4	2	11	2.0
0	4	3	8	1.0
0	4	3	9	9.0
0	4	3	10	13.0
0	4	3	11	6.0
0	4	4	10	1.0
0	4	7	49	1.0
0	5	2	10	6.0
0	5	2	11	12.0
0	5	2	12	4.0
0	5	2	13	2.0
0	5	2	14	2.0
0	5	3	10	1.0
0	5	3	11	3.0
0	5	3	12	6.0
0	5	3	13	3.0
0	5	10	49	2.0
0	6	2	11	1.0
0	6	2	12	5.0
0	6	2	13	9.0
0	6	2	14	6.0
0	6	2	15	5.0
0	6	2	16	1.0
0	6	3	13	2.0
0	6	3	17	1.0
0	6	12	49	1.0
0	7	2	15	7.0
0	7	2	16	4.0
0	7	3	14	1.0
0	7	3	15	5.0
0	7	3	16	1.0
0	7	3	17	2.0
0	7	12	49	2.0
0	7	14	49	2.0
0	7	15	49	1.0
0	7	16	49	1.0
0	8	2	16	1.0
0	8	2	17	2.0
0	8	2	20	1.0
0	8	3	16	3.0
0	8	3	17	5.0
0	8	3	18	2.0
0	8	4	16	1.0
0	8	13	49	1.0
0	8	16	49	1.0
0	9	2	18	1.0
0	9	2	19	1.0
0	9	2	22	1.0
0	9	3	16	1.0
0	9	3	19	1.0
0	9	16	49	2.0
0	9	17	49	1.0
0	9	19	49	1.0
0	10	2	19	2.0
0	10	2	20	2.0
0	10	2	22	1.0
0	10	3	19	1.0
0	10	17	49	2.0
0	10	18	49	1.0
0	10	19	49	1.0
0	11	2	20	1.0
0	11	2	22	2.0
0	11	19	49	1.0
0	11	21	49	1.0
0	11	23	49	1.0
0	12	20	49	1.0
0	12	21	49	1.0
0	12	25	49	1.0
0	13	2	28	1.0
0	13	27	49	1.0
0	13	29	49	1.0
0	15	29	49	1.0
0	16	7	30	1.0
0	17	5	34	1.0
1	2	2	5	2.0
1	2	2	6	5.0
1	2	2	7	3.0
1	2	2	8	2.0
1	2	3	6	9.0
1	2	3	7	3.0
1	2	3	8	2.0
1	2	4	7	33.0
1	2	4	8	3.0
1	2	4	13	1.0
1	2	6	49	3.0
1	2	7	49	2.0
1	2	8	19	1.0
1	2	10	49	1.0
1	3	2	7	4.0
1	3	2	8	4.0
1	3	3	7	27.0
1	3	3	8	20.0
1	3	3	9	6.0
1	3	4	8	45.0
1	3	4	9	7.0
1	3	4	10	1.0
1	3	8	49	1.0
1	4	2	8	4.0
1	4	2	9	6.0
1	4	2	10	7.0
1	4	3	8	16.0
1	4	3	9	37.0
1	4	3	10	22.0
1	4	3	11	1.0
1	4	4	9	25.0
1	4	4	10	15.0
1	4	4	11	4.0
1	5	2	10	9.0
1	5	2	11	13.0
1	5	2	12	3.0
1	5	3	9	4.0
1	5	3	10	17.0
1	5	3	11	12.0
1	5	3	12	9.0
1	5	4	10	7.0
1	5	4	11	8.0
1	5	4	12	9.0
1	5	4	13	2.0
1	5	5	11	1.0
1	5	11	49	1.0
1	6	2	10	2.0
1	6	2	11	8.0
1	6	2	12	6.0
1	6	2	13	9.0
1	6	2	14	3.0
1	6	3	10	1.0
1	6	3	11	5.0
1	6	3	12	12.0
1	6	3	13	5.0
1	6	3	14	6.0
1	6	3	15	1.0
1	6	4	12	6.0
1	6	4	13	8.0
1	6	4	14	3.0
1	6	4	15	1.0
1	7	2	11	1.0
1	7	2	12	3.0
1	7	2	13	7.0
1	7	2	14	4.0
1	7	2	15	2.0
1	7	2	16	1.0
1	7	3	12	2.0
1	7	3	13	4.0
1	7	3	14	3.0
1	7	3	15	1.0
1	7	3	16	5.0
1	7	4	13	1.0
1	7	4	15	2.0
1	7	4	16	1.0
1	7	13	49	1.0
1	8	2	13	4.0
1	8	2	14	1.0
1	8	2	15	1.0
1	8	2	17	4.0
1	8	3	15	2.0
1	8	3	16	6.0
1	8	3	17	3.0
1	8	3	19	2.0
1	8	4	17	1.0
1	8	5	17	1.0
1	8	16	49	1.0
1	9	2	15	1.0
1	9	2	16	1.0
1	9	2	17	3.0
1	9	2	18	8.0
1	9	2	19	3.0
1	9	2	20	1.0
1	9	2	21	2.0
1	9	3	16	4.0
1	9	3	17	1.0
1	9	3	18	5.0
1	9	3	19	2.0
1	9	4	18	2.0
1	9	15	49	1.0
1	10	2	17	1.0
1	10	2	18	2.0
1	10	2	19	4.0
1	10	2	20	3.0
1	10	2	21	5.0
1	10	3	19	1.0
1	10	3	20	3.0
1	10	3	21	1.0
1	10	4	19	1.0
1	10	4	20	3.0
1	10	16	49	1.0
1	10	18	49	3.0
1	11	2	19	4.0
1	11	2	21	1.0
1	11	2	22	1.0
1	11	3	21	2.0
1	11	3	22	2.0
1	11	6	20	1.0
1	11	17	49	3.0
1	11	18	49	2.0
1	11	22	49	1.0
1	12	2	20	1.0
1	12	2	21	1.0
1	12	3	23	1.0
1	12	18	49	1.0
1	13	2	23	1.0
1	13	2	28	1.0
1	13	3	26	1.0
1	13	3	27	1.0
1	13	22	49	1.0
1	14	2	28	1.0
1	14	25	49	1.0
1	14	27	49	1.0
1	15	2	26	1.0
1	15	24	49	1.0
1	16	2	31	3.0
2	3	2	6	1.0
2	3	2	7	2.0
2	3	2	8	4.0
2	3	2	9	1.0
2	3	4	7	13.0
2	3	4	8	11.0
2	3	5	8	30.0
2	3	6	49	1.0
2	3	7	49	2.0
2	3	8	49	1.0
2	3	9	49	1.0
2	3	10	49	2.0
2	3	12	49	1.0
2	4	2	8	1.0
2	4	3	8	2.0
2	4	4	8	19.0
2	4	4	9	26.0
2	4	4	10	5.0
2	4	5	9	39.0
2	4	5	10	5.0
2	4	6	10	2.0
2	5	2	10	2.0
2	5	2	11	1.0
2	5	3	9	3.0
2	5	3	10	9.0
2	5	3	11	7.0
2	5	4	9	6.0
2	5	4	10	20.0
2	5	4	11	12.0
2	5	4	12	1.0
2	5	5	10	10.0
2	5	5	11	12.0
2	5	5	12	2.0
2	5	6	11	1.0
2	5	6	12	1.0
2	6	2	10	2.0
2	6	2	11	9.0
2	6	3	11	18.0
2	6	3	12	7.0
2	6	3	13	1.0
2	6	3	14	1.0
2	6	4	11	10.0
2	6	4	12	28.0
2	6	4	13	5.0
2	6	4	14	2.0
2	6	5	10	1.0
2	6	5	11	6.0
2	6	5	12	9.0
2	6	5	14	2.0
2	6	6	11	1.0
2	7	2	11	2.0
2	7	2	12	5.0
2	7	2	13	7.0
2	7	2	14	2.0
2	7	2	17	1.0
2	7	3	11	1.0
2	7	3	12	6.0
2	7	3	13	14.0
2	7	3	14	7.0
2	7	3	16	1.0
2	7	4	12	9.0
2	7	4	13	10.0
2	7	4	14	10.0
2	7	4	15	8.0
2	7	5	13	4.0
2	7	5	14	3.0
2	7	5	15	2.0
2	8	2	13	4.0
2	8	2	14	3.0
2	8	2	15	4.0
2	8	2	16	2.0
2	8	3	14	8.0
2	8	3	15	2.0
2	8	3	16	4.0
2	8	3	17	1.0
2	8	4	13	1.0
2	8	4	14	7.0
2	8	4	15	4.0
2	8	4	16	11.0
2	8	4	17	3.0
2	8	4	18	4.0
2	8	5	15	1.0
2	8	5	16	2.0
2	8	6	15	1.0
2	8	6	16	1.0
2	9	2	14	3.0
2	9	2	15	4.0
2	9	2	16	1.0
2	9	2	17	2.0
2	9	2	18	2.0
2	9	3	14	3.0
2	9	3	16	2.0
2	9	3	17	2.0
2	9	3	18	2.0
2	9	4	15	1.0
2	9	4	16	1.0
2	9	4	17	1.0
2	9	4	18	1.0
2	9	4	22	1.0
2	9	5	17	1.0
2	9	5	18	1.0
2	10	2	16	2.0
2	10	2	17	4.0
2	10	2	18	4.0
2	10	2	19	3.0
2	10	2	20	2.0
2	10	3	16	2.0
2	10	3	17	1.0
2	10	3	18	10.0
2	10	3	19	4.0
2	10	3	21	1.0
2	10	4	17	1.0
2	10	4	18	2.0
2	10	4	19	1.0
2	10	5	21	2.0
2	10	9	49	1.0
2	11	2	18	4.0
2	11	2	19	4.0
2	11	2	20	1.0
2	11	2	23	1.0
2	11	3	19	2.0
2	11	3	21	2.0
2	11	4	18	1.0
2	11	4	20	2.0
2	11	4	21	1.0
2	11	4	22	2.0
2	11	17	49	1.0
2	11	19	49	1.0
2	12	2	20	4.0
2	12	2	21	1.0
2	12	2	23	2.0
2	12	3	20	2.0
2	12	3	22	1.0
2	12	3	23	1.0
2	12	18	49	1.0
2	13	2	22	2.0
2	13	2	23	3.0
2	13	3	24	1.0
2	13	3	29	1.0
2	13	4	27	1.0
2	13	21	49	1.0
2	14	2	28	1.0
2	14	3	25	2.0
2	14	3	30	1.0
2	14	4	25	1.0
2	14	20	49	1.0
2	14	23	49	1.0
2	14	24	49	1.0
2	14	25	49	1.0
2	15	2	28	3.0
2	15	2	32	1.0
2	15	23	49	1.0
2	15	24	49	1.0
2	16	2	27	1.0
2	16	2	28	1.0
2	16	4	28	1.0
2	16	26	49	1.0
2	17	2	28	1.0
2	17	2	29	1.0
2	19	7	30	1.0
2	22	2	38	1.0
2	22	3	38	1.0
3	4	2	8	3.0
3	4	5	8	5.0
3	4	5	9	5.0
3	4	6	9	24.0
3	4	8	49	2.0
3	4	9	49	1.0
3	4	10	14	1.0
3	4	10	49	1.0
3	5	2	9	1.0
3	5	4	9	2.0
3	5	4	10	1.0
3	5	4	11	1.0
3	5	5	9	18.0
3	5	5	10	18.0
3	5	5	11	7.0
3	5	6	10	17.0
3	5	6	11	6.0
3	5	7	11	1.0
3	5	12	49	1.0
3	6	4	10	6.0
3	6	4	11	12.0
3	6	5	10	5.0
3	6	5	11	23.0
3	6	5	12	7.0
3	6	5	13	7.0
3	6	6	11	17.0
3	6	6	12	19.0
3	6	6	13	1.0
3	6	18	49	1.0
3	7	3	12	4.0
3	7	4	11	2.0
3	7	4	12	9.0
3	7	4	13	2.0
3	7	5	11	4.0
3	7	5	12	16.0
3	7	5	13	21.0
3	7	5	14	6.0
3	7	5	15	1.0
3	7	6	12	5.0
3	7	6	13	10.0
3	7	6	14	2.0
3	7	8	49	1.0
3	8	2	13	2.0
3	8	2	14	1.0
3	8	3	13	2.0
3	8	3	15	1.0
3	8	4	13	2.0
3	8	4	14	10.0
3	8	4	15	4.0
3	8	5	12	1.0
3	8	5	13	6.0
3	8	5	14	8.0
3	8	5	15	3.0
3	8	5	16	5.0
3	8	6	13	1.0
3	8	6	14	7.0
3	8	6	16	3.0
3	8	6	17	2.0
3	9	2	14	1.0
3	9	2	15	1.0
3	9	3	14	2.0
3	9	3	15	2.0
3	9	3	16	4.0
3	9	4	14	4.0
3	9	4	15	1.0
3	9	4	16	1.0
3	9	4	17	5.0
3	9	4	18	1.0
3	9	5	15	3.0
3	9	5	16	5.0
3	9	5	17	3.0
3	9	5	18	1.0
3	9	6	16	1.0
3	9	6	17	1.0
3	10	2	16	1.0
3	10	2	18	2.0
3	10	3	15	2.0
3	10	3	16	2.0
3	10	3	17	6.0
3	10	3	18	5.0
3	10	3	19	4.0
3	10	4	16	4.0
3	10	4	17	6.0
3	10	4	18	3.0
3	10	4	19	1.0
3	10	5	19	1.0
3	10	6	20	1.0
3	11	2	17	2.0
3	11	2	18	3.0
3	11	2	21	1.0
3	11	3	17	4.0
3	11	3	18	2.0
3	11	3	19	1.0
3	11	4	18	5.0
3	11	5	19	1.0
3	11	5	20	2.0
3	11	5	22	1.0
3	11	17	49	1.0
3	12	2	18	3.0
3	12	2	20	5.0
3	12	3	18	2.0
3	12	3	19	1.0
3	12	3	20	1.0
3	12	3	22	4.0
3	12	3	23	1.0
3	12	4	20	5.0
3	12	5	21	1.0
3	12	5	23	5.0
3	12	19	49	1.0
3	13	2	19	2.0
3	13	2	20	2.0
3	13	2	24	2.0
3	13	2	26	1.0
3	13	3	20	1.0
3	13	3	21	4.0
3	13	3	24	1.0
3	13	4	21	1.0
3	13	4	22	1.0
3	13	4	24	1.0
3	13	6	26	1.0
3	13	20	49	1.0
3	14	2	21	1.0
3	14	2	23	1.0
3	14	2	26	3.0
3	14	2	27	1.0
3	14	3	27	2.0
3	14	4	24	1.0
3	14	4	25	1.0
3	14	4	26	4.0
3	14	5	24	1.0
3	14	5	25	1.0
3	14	6	27	1.0
3	15	2	23	1.0
3	15	2	24	1.0
3	15	3	28	2.0
3	15	6	24	1.0
3	15	24	49	1.0
3	16	2	24	1.0
3	16	2	25	1.0
3	16	2	26	1.0
3	16	2	27	3.0
3	16	2	28	1.0
3	16	3	28	1.0
3	16	4	27	1.0
3	17	2	27	4.0
3	17	2	29	1.0
3	17	2	30	2.0
3	17	3	27	1.0
3	17	3	28	2.0
3	17	3	31	1.0
3	17	4	30	1.0
3	17	4	33	2.0
3	18	2	29	1.0
3	18	5	32	2.0
3	18	27	49	1.0
3	19	2	33	1.0
3	19	3	32	1.0
3	19	3	35	1.0
3	20	3	36	1.0
3	20	4	33	1.0
3	20	4	34	1.0
3	21	3	37	1.0
3	21	4	35	1.0
3	25	3	40	1.0
4	5	3	10	1.0
4	5	6	9	12.0
4	5	6	10	7.0
4	5	7	10	8.0
4	5	8	12	1.0
4	5	9	49	1.0
4	5	16	49	1.0
4	5	19	49	1.0
4	6	5	10	2.0
4	6	5	11	2.0
4	6	6	10	13.0
4	6	6	11	30.0
4	6	6	12	2.0
4	6	7	11	29.0
4	6	7	12	4.0
4	7	4	12	4.0
4	7	5	12	7.0
4	7	5	13	2.0
4	7	6	11	11.0
4	7	6	12	18.0
4	7	6	13	6.0
4	7	6	14	1.0
4	7	7	12	34.0
4	7	7	13	6.0
4	8	3	14	1.0
4	8	4	13	2.0
4	8	5	12	2.0
4	8	5	13	13.0
4	8	5	14	2.0
4	8	5	15	1.0
4	8	5	16	2.0
4	8	6	12	2.0
4	8	6	13	12.0
4	8	6	14	11.0
4	8	6	15	5.0
4	8	6	16	4.0
4	8	7	12	1.0
4	8	7	13	5.0
4	8	7	14	14.0
4	8	7	15	4.0
4	9	3	15	2.0
4	9	4	14	5.0
4	9	4	15	3.0
4	9	4	16	1.0
4	9	5	13	2.0
4	9	5	14	6.0
4	9	5	15	2.0
4	9	5	16	6.0
4	9	5	17	2.0
4	9	6	14	4.0
4	9	6	15	5.0
4	9	6	16	3.0
4	9	6	17	1.0
4	9	6	18	3.0
4	9	7	14	1.0
4	9	7	15	1.0
4	9	7	16	3.0
4	9	10	30	1.0
4	10	2	14	1.0
4	10	3	16	3.0
4	10	3	17	2.0
4	10	3	18	1.0
4	10	4	15	2.0
4	10	4	16	5.0
4	10	4	17	4.0
4	10	5	15	3.0
4	10	5	16	3.0
4	10	5	17	2.0
4	10	5	18	2.0
4	10	6	16	2.0
4	10	6	17	10.0
4	10	6	18	3.0
4	10	6	19	2.0
4	10	7	16	1.0
4	10	7	17	2.0
4	10	7	18	6.0
4	11	2	17	1.0
4	11	3	16	1.0
4	11	3	17	2.0
4	11	3	18	5.0
4	11	3	19	2.0
4	11	4	16	3.0
4	11	4	17	2.0
4	11	4	18	3.0
4	11	4	19	4.0
4	11	4	20	1.0
4	11	5	17	5.0
4	11	5	18	11.0
4	11	5	19	1.0
4	11	5	21	6.0
4	11	6	17	2.0
4	11	6	18	1.0
4	11	6	19	4.0
4	11	6	20	3.0
4	11	6	21	1.0
4	11	7	18	1.0
4	12	2	19	2.0
4	12	2	20	1.0
4	12	3	17	2.0
4	12	3	19	1.0
4	12	4	18	4.0
4	12	4	19	3.0
4	12	4	20	1.0
4	12	4	21	1.0
4	12	4	23	1.0
4	12	5	19	4.0
4	12	5	20	2.0
4	12	5	21	1.0
4	12	6	19	1.0
4	12	6	20	2.0
4	12	6	21	1.0
4	12	6	22	1.0
4	12	6	23	1.0
4	12	7	19	1.0
4	13	2	18	1.0
4	13	2	19	7.0
4	13	2	22	1.0
4	13	3	19	4.0
4	13	3	20	5.0
4	13	4	20	4.0
4	13	4	21	2.0
4	13	5	20	1.0
4	13	5	23	1.0
4	13	5	24	4.0
4	13	6	21	2.0
4	13	6	24	2.0
4	13	6	25	1.0
4	13	6	26	1.0
4	13	7	21	1.0
4	13	7	22	1.0
4	13	7	23	1.0
4	14	2	20	3.0
4	14	2	21	2.0
4	14	2	23	1.0
4	14	2	24	2.0
4	14	3	20	1.0
4	14	3	23	2.0
4	14	3	25	2.0
4	14	4	22	2.0
4	14	4	24	1.0
4	14	4	25	3.0
4	14	5	23	2.0
4	14	5	24	2.0
4	14	6	24	2.0
4	14	6	25	2.0
4	15	2	21	1.0
4	15	2	23	2.0
4	15	2	25	1.0
4	15	3	23	7.0
4	15	3	24	2.0
4	15	3	25	1.0
4	15	5	25	1.0
4	15	6	26	1.0
4	15	7	29	1.0
4	15	23	49	1.0
4	16	2	23	1.0
4	16	2	24	2.0
4	16	2	27	1.0
4	16	3	24	2.0
4	16	3	26	1.0
4	16	3	27	1.0
4	16	3	28	2.0
4	16	4	24	2.0
4	16	4	25	1.0
4	16	4	28	5.0
4	16	4	29	1.0
4	16	4	32	1.0
4	16	5	28	1.0
4	16	5	30	1.0
4	16	23	49	1.0
4	17	2	25	1.0
4	17	2	26	2.0
4	17	2	28	1.0
4	17	3	25	1.0
4	17	3	28	3.0
4	17	3	29	1.0
4	17	4	29	3.0
4	17	4	30	3.0
4	18	2	29	6.0
4	18	2	31	1.0
4	18	3	27	1.0
4	18	3	29	1.0
4	18	4	28	1.0
4	18	4	30	4.0
4	18	4	33	1.0
4	18	5	30	1.0
4	18	5	33	2.0
4	18	25	49	1.0
4	18	30	49	1.0
4	19	2	29	1.0
4	19	2	30	3.0
4	19	2	34	2.0
4	19	3	31	1.0
4	19	4	34	1.0
4	20	2	29	1.0
4	20	2	32	1.0
4	20	3	32	1.0
4	20	3	33	1.0
4	20	4	33	1.0
4	20	4	35	1.0
4	20	27	49	1.0
4	21	2	33	1.0
4	22	2	35	1.0
4	22	2	36	1.0
4	23	2	35	1.0
4	23	3	37	2.0
4	23	3	43	1.0
4	24	2	38	1.0
4	24	3	38	1.0
5	6	7	10	9.0
5	6	7	11	7.0
5	6	8	11	13.0
5	6	9	12	1.0
5	6	9	49	1.0
5	6	10	49	1.0
5	6	12	49	1.0
5	6	14	17	1.0
5	7	6	12	1.0
5	7	7	11	10.0
5	7	7	12	13.0
5	7	7	13	5.0
5	7	8	12	30.0
5	7	8	13	11.0
5	8	6	12	1.0
5	8	6	13	8.0
5	8	6	14	1.0
5	8	7	12	12.0
5	8	7	13	16.0
5	8	7	14	11.0
5	8	7	15	3.0
5	8	8	13	12.0
5	8	8	14	10.0
5	8	8	15	2.0
5	8	9	14	3.0
5	9	5	13	1.0
5	9	5	14	4.0
5	9	5	15	1.0
5	9	6	13	3.0
5	9	6	14	2.0
5	9	6	15	4.0
5	9	6	16	1.0
5	9	7	13	1.0
5	9	7	14	13.0
5	9	7	15	6.0
5	9	7	16	5.0
5	9	8	14	8.0
5	9	8	15	2.0
5	9	8	16	6.0
5	9	8	17	1.0
5	9	9	15	1.0
5	10	4	15	2.0
5	10	5	16	1.0
5	10	5	17	1.0
5	10	6	14	2.0
5	10	6	15	2.0
5	10	6	16	5.0
5	10	6	17	5.0
5	10	6	18	1.0
5	10	7	15	4.0
5	10	7	16	7.0
5	10	7	17	4.0
5	10	7	18	4.0
5	10	8	15	1.0
5	10	8	16	3.0
5	10	8	18	1.0
5	10	8	19	1.0
5	11	3	17	1.0
5	11	3	18	1.0
5	11	5	17	1.0
5	11	5	18	3.0
5	11	6	17	4.0
5	11	6	18	1.0
5	11	6	19	1.0
5	11	7	16	1.0
5	11	7	17	5.0
5	11	7	18	4.0
5	11	7	19	2.0
5	11	8	17	1.0
5	11	8	18	4.0
5	11	8	19	1.0
5	12	3	18	1.0
5	12	4	18	4.0
5	12	4	19	1.0
5	12	4	20	1.0
5	12	5	16	1.0
5	12	5	18	2.0
5	12	5	19	3.0
5	12	6	17	1.0
5	12	6	18	3.0
5	12	6	19	8.0
5	12	6	21	1.0
5	12	7	18	1.0
5	12	7	19	4.0
5	12	7	20	1.0
5	12	7	22	1.0
5	12	8	19	1.0
5	12	8	20	1.0
5	12	8	21	1.0
5	12	9	21	1.0
5	13	3	18	1.0
5	13	3	21	2.0
5	13	4	20	3.0
5	13	5	18	1.0
5	13	5	19	2.0
5	13	5	20	1.0
5	13	6	20	2.0
5	13	6	22	2.0
5	13	6	23	1.0
5	13	7	20	2.0
5	13	7	21	1.0
5	13	7	22	1.0
5	14	3	20	1.0
5	14	3	21	3.0
5	14	4	20	1.0
5	14	4	21	1.0
5	14	4	24	1.0
5	14	4	25	1.0
5	14	5	20	1.0
5	14	5	21	1.0
5	14	5	23	1.0
5	14	5	24	1.0
5	14	5	26	2.0
5	14	6	22	1.0
5	14	6	23	1.0
5	14	7	22	2.0
5	14	7	23	3.0
5	14	7	24	1.0
5	14	7	25	1.0
5	15	2	23	2.0
5	15	2	25	1.0
5	15	3	21	1.0
5	15	3	22	1.0
5	15	4	22	3.0
5	15	4	23	2.0
5	15	4	24	1.0
5	15	5	23	2.0
5	15	5	25	1.0
5	15	6	23	1.0
5	15	6	24	1.0
5	15	7	24	3.0
5	16	2	25	1.0
5	16	2	26	3.0
5	16	3	23	1.0
5	16	3	24	2.0
5	16	3	25	1.0
5	16	3	26	1.0
5	16	4	24	1.0
5	16	4	25	1.0
5	16	4	26	1.0
5	16	5	24	2.0
5	16	5	25	1.0
5	16	5	26	1.0
5	16	5	27	2.0
5	16	5	29	1.0
5	16	6	26	1.0
5	16	7	25	1.0
5	16	7	26	1.0
5	16	8	27	2.0
5	17	2	25	2.0
5	17	2	27	3.0
5	17	3	25	1.0
5	17	6	31	2.0
5	17	7	33	2.0
5	18	2	27	1.0
5	18	2	28	1.0
5	18	4	27	1.0
5	18	4	31	1.0
5	18	5	33	1.0
5	18	5	34	1.0
5	19	2	27	2.0
5	19	2	31	1.0
5	19	3	28	2.0
5	19	3	30	1.0
5	19	3	31	1.0
5	19	3	32	2.0
5	19	4	29	2.0
5	19	4	30	1.0
5	19	5	29	1.0
5	19	5	30	1.0
5	19	5	32	1.0
5	19	5	35	1.0
5	19	5	36	1.0
5	20	3	39	1.0
5	20	4	32	1.0
5	20	4	33	1.0
5	20	5	34	1.0
5	20	5	37	1.0
5	21	2	30	1.0
5	21	2	37	3.0
5	21	5	36	1.0
5	22	3	34	1.0
5	22	3	35	1.0
5	22	3	36	1.0
5	23	2	35	3.0
5	23	4	37	1.0
5	23	4	38	1.0
5	24	2	39	1.0
5	26	2	43	1.0
5	26	3	40	1.0
5	26	5	42	1.0
5	27	2	43	1.0
5	28	3	44	1.0
5	28	3	46	1.0
6	7	8	11	2.0
6	7	8	12	3.0
6	7	9	12	9.0
6	7	9	13	1.0
6	7	11	49	1.0
6	7	14	49	1.0
6	7	15	49	1.0
6	8	6	12	1.0
6	8	7	12	3.0
6	8	7	13	1.0
6	8	7	14	1.0
6	8	8	12	13.0
6	8	8	13	18.0
6	8	8	14	6.0
6	8	9	13	20.0
6	8	9	14	3.0
6	9	7	13	2.0
6	9	7	14	2.0
6	9	7	15	4.0
6	9	8	13	7.0
6	9	8	14	12.0
6	9	8	15	6.0
6	9	8	16	1.0
6	9	9	14	20.0
6	9	9	15	5.0
6	9	9	16	1.0
6	10	5	15	1.0
6	10	6	14	1.0
6	10	6	16	1.0
6	10	6	17	1.0
6	10	7	14	1.0
6	10	7	15	4.0
6	10	7	16	1.0
6	10	8	14	4.0
6	10	8	15	13.0
6	10	8	16	5.0
6	10	8	17	5.0
6	10	8	18	2.0
6	10	9	15	5.0
6	10	9	16	2.0
6	10	9	17	1.0
6	11	6	16	1.0
6	11	6	17	3.0
6	11	6	18	1.0
6	11	7	15	1.0
6	11	7	17	4.0
6	11	7	18	6.0
6	11	7	19	2.0
6	11	8	17	8.0
6	11	8	18	4.0
6	11	8	19	2.0
6	11	8	20	1.0
6	11	9	17	1.0
6	11	9	18	4.0
6	11	9	20	3.0
6	12	4	17	1.0
6	12	5	17	1.0
6	12	5	18	2.0
6	12	5	21	1.0
6	12	6	16	1.0
6	12	6	17	2.0
6	12	6	18	3.0
6	12	6	19	1.0
6	12	6	20	1.0
6	12	7	17	4.0
6	12	7	18	3.0
6	12	7	19	5.0
6	12	7	20	8.0
6	12	8	17	1.0
6	12	8	18	2.0
6	12	8	19	2.0
6	12	8	20	1.0
6	12	8	21	1.0
6	12	9	18	1.0
6	12	9	19	1.0
6	12	9	20	3.0
6	13	3	19	2.0
6	13	4	19	2.0
6	13	4	20	1.0
6	13	5	18	1.0
6	13	5	19	2.0
6	13	5	20	1.0
6	13	5	21	1.0
6	13	5	22	1.0
6	13	6	19	2.0
6	13	6	20	1.0
6	13	6	23	2.0
6	13	7	19	3.0
6	13	7	20	10.0
6	13	7	21	3.0
6	13	7	23	1.0
6	13	8	20	2.0
6	13	8	21	2.0
6	13	9	20	1.0
6	13	9	21	4.0
6	14	3	21	1.0
6	14	4	23	3.0
6	14	5	20	2.0
6	14	5	21	1.0
6	14	5	22	2.0
6	14	5	23	1.0
6	14	5	24	1.0
6	14	6	21	1.0
6	14	6	22	1.0
6	14	6	24	1.0
6	14	7	21	4.0
6	14	7	22	3.0
6	14	7	24	2.0
6	14	8	22	1.0
6	14	8	23	1.0
6	15	2	24	2.0
6	15	3	23	1.0
6	15	3	24	1.0
6	15	4	21	1.0
6	15	4	22	1.0
6	15	5	21	2.0
6	15	5	22	1.0
6	15	5	23	1.0
6	15	5	25	2.0
6	15	6	22	2.0
6	15	6	23	1.0
6	15	6	25	2.0
6	15	7	22	1.0
6	15	7	26	2.0
6	16	2	24	2.0
6	16	4	22	1.0
6	16	4	23	1.0
6	16	4	24	1.0
6	16	5	24	4.0
6	16	5	25	2.0
6	16	5	26	1.0
6	16	5	27	3.0
6	16	6	22	1.0
6	16	6	24	1.0
6	16	6	25	1.0
6	16	6	26	1.0
6	16	6	27	2.0
6	16	7	23	2.0
6	16	7	25	3.0
6	16	7	26	1.0
6	16	7	27	1.0
6	16	7	29	1.0
6	16	8	27	1.0
6	17	3	25	1.0
6	17	3	26	1.0
6	17	3	28	1.0
6	17	4	26	3.0
6	17	4	28	1.0
6	17	5	26	1.0
6	17	5	32	2.0
6	17	6	24	1.0
6	17	6	25	3.0
6	17	6	26	3.0
6	17	6	27	2.0
6	17	7	26	1.0
6	17	7	29	1.0
6	17	8	25	1.0
6	18	2	25	1.0
6	18	2	28	1.0
6	18	2	29	1.0
6	18	3	26	1.0
6	18	3	28	1.0
6	18	3	29	1.0
6	18	4	27	1.0
6	18	4	28	3.0
6	18	5	28	1.0
6	18	6	28	2.0
6	18	6	34	2.0
6	19	4	32	1.0
6	19	5	27	1.0
6	19	5	31	1.0
6	19	6	29	1.0
6	19	6	30	1.0
6	19	6	31	1.0
6	19	7	31	2.0
6	20	2	30	1.0
6	20	4	29	2.0
6	20	4	30	1.0
6	20	5	29	2.0
6	20	6	32	1.0
6	20	6	34	1.0
6	20	8	34	1.0
6	20	30	49	1.0
6	21	2	30	1.0
6	21	2	31	2.0
6	21	3	33	2.0
6	21	3	34	3.0
6	21	4	31	2.0
6	21	4	36	2.0
6	21	6	33	1.0
6	21	6	37	1.0
6	21	7	33	1.0
6	21	7	34	1.0
6	21	29	49	1.0
6	22	2	39	1.0
6	22	3	36	1.0
6	22	4	33	1.0
6	23	2	33	1.0
6	23	2	39	1.0
6	23	4	38	1.0
6	23	5	35	1.0
6	23	6	35	1.0
6	23	6	42	1.0
6	23	7	40	1.0
6	24	2	34	1.0
6	24	4	37	1.0
6	25	2	36	4.0
6	25	3	39	1.0
6	25	3	40	2.0
6	25	4	37	1.0
6	26	3	39	1.0
6	26	3	40	1.0
6	27	3	45	1.0
6	27	5	48	1.0
6	28	3	42	1.0
6	28	4	44	1.0
6	29	3	46	1.0
6	31	2	47	1.0
6	33	4	49	1.0
7	8	3	14	1.0
7	8	9	12	4.0
7	8	9	13	4.0
7	8	10	13	27.0
7	8	10	14	2.0
7	9	8	13	1.0
7	9	9	13	13.0
7	9	9	14	11.0
7	9	9	15	6.0
7	9	9	16	2.0
7	9	10	14	11.0
7	9	10	15	1.0
7	10	8	14	2.0
7	10	9	14	4.0
7	10	9	15	6.0
7	10	9	16	5.0
7	10	9	17	3.0
7	10	10	15	11.0
7	10	10	16	8.0
7	10	10	17	2.0
7	10	11	16	1.0
7	11	7	15	4.0
7	11	7	17	1.0
7	11	8	15	2.0
7	11	8	16	11.0
7	11	8	17	2.0
7	11	9	15	1.0
7	11	9	16	8.0
7	11	9	17	8.0
7	11	9	18	1.0
7	11	10	15	1.0
7	11	10	16	3.0
7	11	10	17	10.0
7	11	10	18	2.0
7	11	17	49	1.0
7	12	6	18	1.0
7	12	7	18	6.0
7	12	7	20	2.0
7	12	8	17	3.0
7	12	8	18	7.0
7	12	8	19	3.0
7	12	8	20	2.0
7	12	9	17	3.0
7	12	9	18	1.0
7	12	9	19	6.0
7	12	9	20	3.0
7	12	10	17	1.0
7	12	10	18	1.0
7	13	6	18	1.0
7	13	6	20	3.0
7	13	7	18	4.0
7	13	7	19	2.0
7	13	7	20	1.0
7	13	7	21	2.0
7	13	7	22	1.0
7	13	8	18	1.0
7	13	8	19	5.0
7	13	8	20	3.0
7	13	8	21	1.0
7	13	9	19	2.0
7	13	9	21	3.0
7	14	5	19	4.0
7	14	5	21	1.0
7	14	6	19	1.0
7	14	6	20	1.0
7	14	6	21	1.0
7	14	6	22	1.0
7	14	7	18	1.0
7	14	7	19	1.0
7	14	7	20	7.0
7	14	7	21	4.0
7	14	7	22	3.0
7	14	7	23	1.0
7	14	8	20	5.0
7	14	8	21	5.0
7	14	8	22	2.0
7	14	8	23	2.0
7	14	8	24	2.0
7	14	9	22	1.0
7	14	9	23	1.0
7	15	3	22	1.0
7	15	4	22	1.0
7	15	5	21	3.0
7	15	5	22	3.0
7	15	6	21	2.0
7	15	6	22	3.0
7	15	6	24	1.0
7	15	7	21	2.0
7	15	7	23	3.0
7	15	7	24	2.0
7	15	7	25	3.0
7	15	8	21	2.0
7	15	8	22	3.0
7	15	8	23	2.0
7	15	8	24	1.0
7	15	9	27	1.0
7	16	4	24	1.0
7	16	5	23	2.0
7	16	6	25	4.0
7	16	6	26	4.0
7	16	7	23	1.0
7	16	7	24	1.0
7	16	8	25	3.0
7	16	8	26	2.0
7	16	9	26	1.0
7	17	2	25	1.0
7	17	5	24	4.0
7	17	5	25	1.0
7	17	5	26	2.0
7	17	6	26	3.0
7	17	6	27	1.0
7	17	7	26	1.0
7	17	7	27	1.0
7	17	7	29	3.0
7	17	8	25	2.0
7	17	8	26	1.0
7	17	8	28	1.0
7	17	8	30	1.0
7	17	9	25	1.0
7	17	9	26	2.0
7	18	2	27	1.0
7	18	3	24	1.0
7	18	4	25	1.0
7	18	5	24	1.0
7	18	5	26	1.0
7	18	5	27	1.0
7	18	6	25	2.0
7	18	6	27	2.0
7	18	7	27	3.0
7	18	7	29	2.0
7	19	3	26	2.0
7	19	4	25	1.0
7	19	5	27	1.0
7	19	6	31	1.0
7	19	7	28	1.0
7	19	7	29	3.0
7	19	9	29	1.0
7	19	9	30	1.0
7	20	2	26	1.0
7	20	3	29	3.0
7	20	4	29	1.0
7	20	5	29	1.0
7	20	6	34	1.0
7	20	7	31	1.0
7	20	8	30	1.0
7	21	3	28	1.0
7	21	4	31	1.0
7	21	4	33	1.0
7	21	5	29	3.0
7	21	5	33	3.0
7	21	6	35	2.0
7	21	6	37	3.0
7	21	7	32	2.0
7	22	3	32	1.0
7	22	3	38	1.0
7	22	4	33	2.0
7	22	5	33	2.0
7	22	5	34	1.0
7	22	7	33	1.0
7	22	9	37	1.0
7	23	2	32	1.0
7	23	3	32	1.0
7	23	4	35	1.0
7	23	4	36	1.0
7	23	5	33	1.0
7	23	5	34	1.0
7	23	5	37	1.0
7	23	6	35	2.0
7	24	3	34	2.0
7	24	3	35	1.0
7	24	4	34	1.0
7	24	5	37	1.0
7	24	5	40	1.0
7	24	5	41	1.0
7	25	2	36	1.0
7	25	3	39	2.0
7	25	4	35	1.0
7	25	5	37	1.0
7	25	5	44	1.0
7	25	6	42	1.0
7	26	4	39	1.0
7	28	3	40	1.0
7	28	3	45	2.0
7	29	2	42	1.0
7	32	4	48	2.0
8	9	10	13	6.0
8	9	10	14	1.0
8	9	11	14	3.0
8	10	9	15	4.0
8	10	10	14	9.0
8	10	10	15	7.0
8	10	10	16	2.0
8	10	11	15	11.0
8	10	11	16	2.0
8	10	12	16	5.0
8	11	8	15	1.0
8	11	9	16	2.0
8	11	9	17	1.0
8	11	10	16	13.0
8	11	10	17	4.0
8	11	10	18	1.0
8	11	11	16	11.0
8	11	11	17	10.0
8	12	8	17	3.0
8	12	9	16	1.0
8	12	9	17	1.0
8	12	9	18	1.0
8	12	10	16	2.0
8	12	10	17	6.0
8	12	10	19	2.0
8	12	11	18	3.0
8	12	11	19	1.0
8	13	8	18	1.0
8	13	8	19	1.0
8	13	9	18	3.0
8	13	9	19	8.0
8	13	9	20	4.0
8	13	10	18	1.0
8	13	10	19	5.0
8	13	10	20	2.0
8	13	10	21	1.0
8	13	10	22	2.0
8	13	11	18	1.0
8	13	11	19	1.0
8	13	11	20	2.0
8	13	11	21	1.0
8	14	6	20	1.0
8	14	7	19	5.0
8	14	7	20	1.0
8	14	7	21	1.0
8	14	8	20	3.0
8	14	8	21	2.0
8	14	9	19	1.0
8	14	9	20	2.0
8	14	9	21	4.0
8	14	9	22	2.0
8	14	10	20	1.0
8	14	10	21	5.0
8	14	10	22	2.0
8	14	10	23	2.0
8	14	11	21	2.0
8	14	11	23	1.0
8	14	11	24	1.0
8	15	7	20	1.0
8	15	7	21	2.0
8	15	7	22	1.0
8	15	7	23	2.0
8	15	8	21	4.0
8	15	8	22	3.0
8	15	8	23	2.0
8	15	9	20	1.0
8	15	9	21	4.0
8	15	9	22	6.0
8	15	10	22	6.0
8	15	10	23	1.0
8	16	5	23	3.0
8	16	6	23	2.0
8	16	7	22	2.0
8	16	8	22	3.0
8	16	8	23	1.0
8	16	8	24	1.0
8	16	8	25	3.0
8	16	9	24	2.0
8	16	9	25	1.0
8	16	9	26	3.0
8	16	9	27	1.0
8	16	10	23	1.0
8	16	10	24	3.0
8	16	10	27	1.0
8	17	6	23	2.0
8	17	6	24	1.0
8	17	6	25	3.0
8	17	7	24	1.0
8	17	7	26	2.0
8	17	8	26	1.0
8	17	8	27	1.0
8	17	8	29	1.0
8	17	9	24	1.0
8	17	9	25	3.0
8	17	9	27	1.0
8	17	10	25	1.0
8	18	5	23	1.0
8	18	5	25	1.0
8	18	7	27	3.0
8	18	8	27	1.0
8	18	8	28	1.0
8	18	9	27	1.0
8	18	9	28	1.0
8	19	3	28	1.0
8	19	4	26	1.0
8	19	5	27	1.0
8	19	7	27	1.0
8	19	7	28	1.0
8	19	7	30	1.0
8	19	8	27	2.0
8	19	8	28	2.0
8	19	9	28	1.0
8	19	9	29	2.0
8	19	10	30	3.0
8	20	3	28	1.0
8	20	4	28	1.0
8	20	4	31	1.0
8	20	6	34	1.0
8	20	7	28	1.0
8	20	8	29	2.0
8	20	9	31	1.0
8	21	4	28	2.0
8	21	4	31	2.0
8	21	4	32	1.0
8	21	5	29	1.0
8	21	6	28	1.0
8	21	6	32	1.0
8	21	7	31	1.0
8	21	8	29	1.0
8	21	9	35	1.0
8	22	2	33	1.0
8	22	3	31	1.0
8	22	4	33	2.0
8	22	4	36	1.0
8	22	5	30	1.0
8	22	5	31	2.0
8	22	5	32	1.0
8	22	5	33	1.0
8	22	7	32	1.0
8	22	8	32	2.0
8	22	8	34	1.0
8	23	5	31	1.0
8	23	7	35	1.0
8	24	4	31	1.0
8	24	5	33	1.0
8	24	5	34	1.0
8	24	5	35	1.0
8	24	7	36	1.0
8	25	3	34	1.0
8	25	3	38	1.0
8	25	6	39	1.0
8	25	9	42	1.0
8	25	10	40	2.0
8	26	3	35	1.0
8	26	6	38	1.0
8	26	6	40	1.0
8	27	5	40	1.0
8	27	6	39	1.0
8	27	6	40	1.0
8	28	2	41	1.0
8	28	3	39	1.0
8	28	5	40	1.0
8	28	6	42	1.0
8	29	2	40	1.0
8	29	6	47	1.0
8	31	3	43	1.0
8	31	7	48	1.0
8	31	7	49	1.0
8	32	7	49	1.0
9	10	6	15	1.0
9	10	11	15	3.0
9	10	12	15	6.0
9	10	20	49	1.0
9	10	21	49	1.0
9	11	10	16	3.0
9	11	11	15	1.0
9	11	11	16	10.0
9	11	11	17	2.0
9	11	12	16	4.0
9	11	17	41	1.0
9	12	11	16	4.0
9	12	11	17	1.0
9	12	11	18	1.0
9	12	12	17	3.0
9	12	12	18	2.0
9	12	12	19	3.0
9	13	9	17	1.0
9	13	9	18	1.0
9	13	10	17	1.0
9	13	10	18	3.0
9	13	10	19	6.0
9	13	11	17	3.0
9	13	11	18	5.0
9	13	11	19	5.0
9	13	11	20	4.0
9	13	11	21	2.0
9	13	12	19	5.0
9	13	12	20	1.0
9	13	19	49	1.0
9	14	9	19	3.0
9	14	9	20	4.0
9	14	9	22	2.0
9	14	10	19	2.0
9	14	10	20	5.0
9	14	10	21	1.0
9	14	11	20	2.0
9	14	11	21	2.0
9	14	11	22	1.0
9	14	12	20	3.0
9	15	7	21	1.0
9	15	8	23	1.0
9	15	9	20	2.0
9	15	9	21	5.0
9	15	9	22	4.0
9	15	9	23	1.0
9	15	10	21	6.0
9	15	10	22	5.0
9	15	10	23	2.0
9	15	10	24	2.0
9	15	11	21	1.0
9	15	12	22	2.0
9	15	12	23	2.0
9	16	7	24	2.0
9	16	8	21	2.0
9	16	8	23	1.0
9	16	9	23	1.0
9	16	9	24	2.0
9	16	10	23	3.0
9	16	10	25	1.0
9	16	10	26	1.0
9	16	11	24	1.0
9	17	5	24	1.0
9	17	7	24	1.0
9	17	9	23	1.0
9	17	9	24	1.0
9	17	9	25	3.0
9	17	9	27	1.0
9	17	10	24	3.0
9	17	10	26	2.0
9	17	11	24	1.0
9	17	11	25	2.0
9	17	11	26	1.0
9	17	11	27	1.0
9	18	3	24	2.0
9	18	4	24	1.0
9	18	7	25	3.0
9	18	7	27	1.0
9	18	8	24	1.0
9	18	8	27	1.0
9	18	10	26	2.0
9	18	10	27	1.0
9	18	11	26	1.0
9	19	4	25	1.0
9	19	6	26	1.0
9	19	6	29	2.0
9	19	7	25	2.0
9	19	7	29	2.0
9	19	8	26	3.0
9	19	8	27	1.0
9	19	9	28	1.0
9	19	9	30	1.0
9	19	10	27	1.0
9	19	10	29	1.0
9	19	10	30	3.0
9	20	4	28	3.0
9	20	4	31	1.0
9	20	6	27	2.0
9	20	6	28	1.0
9	20	7	29	2.0
9	20	7	30	1.0
9	20	8	28	1.0
9	20	9	28	2.0
9	20	9	29	2.0
9	21	6	30	1.0
9	21	7	28	1.0
9	21	7	32	1.0
9	21	8	29	2.0
9	21	8	30	1.0
9	21	9	32	2.0
9	22	5	28	1.0
9	22	6	34	1.0
9	22	7	30	2.0
9	22	7	31	2.0
9	22	7	33	1.0
9	22	8	29	1.0
9	22	9	32	1.0
9	22	9	34	1.0
9	23	4	30	1.0
9	23	4	34	1.0
9	23	7	31	1.0
9	24	4	31	2.0
9	24	5	34	1.0
9	24	8	37	1.0
9	24	9	35	1.0
9	25	8	41	2.0
9	26	3	34	1.0
9	26	4	35	1.0
9	26	6	38	1.0
9	26	6	40	1.0
9	26	7	39	1.0
9	26	9	41	2.0
9	27	4	39	1.0
9	27	6	39	1.0
9	27	6	42	1.0
9	27	7	38	1.0
9	28	2	41	1.0
9	28	3	40	1.0
9	29	7	43	2.0
9	31	6	46	1.0
9	31	7	49	1.0
9	32	5	47	1.0
9	32	7	49	2.0
9	33	4	49	1.0
10	11	12	15	4.0
10	11	12	16	4.0
10	11	13	16	9.0
10	11	13	49	1.0
10	12	11	17	2.0
10	12	12	16	3.0
10	12	12	17	6.0
10	12	12	18	5.0
10	12	13	17	13.0
10	12	13	18	1.0
10	13	10	17	1.0
10	13	11	17	1.0
10	13	12	17	4.0
10	13	12	18	8.0
10	13	12	19	7.0
10	13	12	20	1.0
10	13	13	18	9.0
10	13	13	19	8.0
10	13	13	20	1.0
10	14	11	18	2.0
10	14	11	19	4.0
10	14	11	20	2.0
10	14	12	18	3.0
10	14	12	19	6.0
10	14	12	20	3.0
10	14	12	21	3.0
10	14	13	19	2.0
10	14	13	20	1.0
10	14	13	21	1.0
10	15	9	22	2.0
10	15	10	20	2.0
10	15	10	23	1.0
10	15	11	20	5.0
10	15	11	21	6.0
10	15	12	20	1.0
10	15	12	21	1.0
10	15	12	22	1.0
10	15	13	21	3.0
10	15	13	22	1.0
10	15	13	23	1.0
10	16	9	23	1.0
10	16	10	21	1.0
10	16	10	22	1.0
10	16	10	23	1.0
10	16	11	21	1.0
10	16	11	22	2.0
10	16	11	23	2.0
10	16	12	22	2.0
10	16	13	23	4.0
10	16	13	25	1.0
10	17	9	23	2.0
10	17	9	25	2.0
10	17	10	23	1.0
10	17	10	24	3.0
10	17	10	25	1.0
10	17	10	26	1.0
10	17	11	23	1.0
10	17	11	24	2.0
10	17	11	25	1.0
10	17	11	27	1.0
10	17	12	24	2.0
10	18	8	26	1.0
10	18	9	24	1.0
10	18	9	25	1.0
10	18	9	26	1.0
10	18	10	25	1.0
10	18	10	26	1.0
10	18	11	24	1.0
10	18	11	25	5.0
10	18	11	26	1.0
10	18	11	27	1.0
10	18	12	26	1.0
10	18	12	27	1.0
10	19	8	25	1.0
10	19	9	27	2.0
10	19	10	25	1.0
10	19	10	26	1.0
10	19	10	30	1.0
10	19	11	28	1.0
10	19	12	27	1.0
10	19	12	28	1.0
10	20	5	28	1.0
10	20	7	29	1.0
10	20	8	26	1.0
10	20	8	31	1.0
10	20	9	27	1.0
10	20	11	31	1.0
10	21	7	30	1.0
10	21	7	32	1.0
10	21	8	29	2.0
10	21	9	31	1.0
10	21	10	30	1.0
10	21	10	32	1.0
10	21	11	30	1.0
10	21	11	31	1.0
10	22	7	29	1.0
10	22	8	30	2.0
10	22	9	33	1.0
10	22	9	36	2.0
10	23	5	29	1.0
10	23	6	31	1.0
10	23	7	33	1.0
10	23	7	37	1.0
10	23	10	34	1.0
10	23	10	36	2.0
10	23	11	34	2.0
10	24	2	33	2.0
10	24	4	35	1.0
10	24	5	33	1.0
10	24	5	34	2.0
10	24	6	34	1.0
10	24	9	34	1.0
10	24	10	36	2.0
10	24	10	38	1.0
10	25	5	33	1.0
10	25	9	35	1.0
10	25	10	35	1.0
10	25	10	37	1.0
10	26	4	34	1.0
10	26	5	38	1.0
10	26	10	40	2.0
10	27	4	39	2.0
10	27	5	38	1.0
10	27	5	40	1.0
10	27	6	37	1.0
10	27	7	41	1.0
10	27	10	40	1.0
10	28	9	43	2.0
10	29	5	40	3.0
10	29	5	46	1.0
10	29	5	48	1.0
10	29	6	40	1.0
10	29	7	44	1.0
10	29	8	42	1.0
10	29	8	47	2.0
10	29	8	48	1.0
10	31	5	41	1.0
10	31	6	43	2.0
10	31	9	47	1.0
10	32	2	42	1.0
10	32	2	44	1.0
10	32	4	46	1.0
10	33	4	44	1.0
10	34	5	49	1.0
10	34	9	49	1.0
11	12	14	17	4.0
11	12	21	49	1.0
11	13	13	17	3.0
11	13	13	18	7.0
11	13	13	19	1.0
11	13	14	18	11.0
11	14	11	18	1.0
11	14	12	18	2.0
11	14	12	19	1.0
11	14	12	20	1.0
11	14	13	18	6.0
11	14	13	19	9.0
11	14	13	20	8.0
11	14	14	19	8.0
11	14	14	20	4.0
11	15	11	20	1.0
11	15	11	21	1.0
11	15	12	20	3.0
11	15	12	21	2.0
11	15	12	22	1.0
11	15	13	19	1.0
11	15	13	20	9.0
11	15	13	21	2.0
11	15	14	20	1.0
11	15	14	21	3.0
11	15	14	22	1.0
11	15	14	23	1.0
11	15	15	23	1.0
11	16	9	22	1.0
11	16	10	21	2.0
11	16	11	23	1.0
11	16	11	24	1.0
11	16	12	22	1.0
11	16	13	21	1.0
11	16	13	22	6.0
11	16	13	23	3.0
11	16	13	24	5.0
11	16	13	25	1.0
11	16	14	22	1.0
11	16	14	23	2.0
11	16	14	24	1.0
11	17	11	24	1.0
11	17	12	24	1.0
11	17	12	25	1.0
11	17	12	26	1.0
11	17	13	24	1.0
11	17	13	25	3.0
11	17	13	27	1.0
11	18	9	24	1.0
11	18	10	25	2.0
11	18	10	35	1.0
11	18	11	25	6.0
11	18	11	26	1.0
11	18	12	24	2.0
11	18	12	25	2.0
11	18	12	26	1.0
11	18	12	27	1.0
11	18	13	27	3.0
11	18	14	25	3.0
11	19	9	25	3.0
11	19	10	25	1.0
11	19	10	26	1.0
11	19	10	27	1.0
11	19	11	26	3.0
11	19	11	28	1.0
11	19	12	27	1.0
11	19	13	29	1.0
11	20	8	26	2.0
11	20	9	26	1.0
11	20	9	27	1.0
11	20	9	28	1.0
11	20	10	26	2.0
11	20	11	30	1.0
11	20	11	31	1.0
11	20	12	29	4.0
11	20	12	30	1.0
11	20	13	27	1.0
11	21	7	30	3.0
11	21	8	29	1.0
11	21	8	30	3.0
11	21	9	29	2.0
11	21	9	30	1.0
11	21	10	29	3.0
11	21	10	30	1.0
11	21	11	28	2.0
11	21	11	29	3.0
11	21	11	30	2.0
11	21	11	33	1.0
11	21	11	34	1.0
11	22	6	31	1.0
11	22	8	28	1.0
11	22	9	30	1.0
11	22	9	31	1.0
11	22	10	30	1.0
11	22	11	31	1.0
11	22	12	31	4.0
11	23	7	30	1.0
11	23	7	33	1.0
11	23	9	34	2.0
11	23	10	35	1.0
11	23	12	33	2.0
11	23	12	34	1.0
11	24	8	32	1.0
11	24	9	35	1.0
11	24	9	37	1.0
11	24	10	32	1.0
11	24	12	34	1.0
11	25	5	38	2.0
11	25	8	34	1.0
11	25	9	33	2.0
11	25	9	37	2.0
11	25	9	38	1.0
11	25	10	39	1.0
11	25	10	43	1.0
11	25	11	37	1.0
11	25	12	37	1.0
11	26	5	38	2.0
11	26	5	39	1.0
11	26	6	39	1.0
11	26	7	40	1.0
11	26	9	36	1.0
11	26	9	41	1.0
11	26	11	39	1.0
11	27	9	39	1.0
11	27	9	46	1.0
11	27	10	45	1.0
11	28	4	40	1.0
11	28	5	40	2.0
11	28	7	40	1.0
11	28	8	41	2.0
11	28	8	42	1.0
11	28	8	43	2.0
11	29	3	40	1.0
11	29	5	46	1.0
11	29	8	43	1.0
11	29	10	44	1.0
11	31	11	46	1.0
11	32	5	45	2.0
11	32	5	49	1.0
11	32	7	45	1.0
11	32	10	48	1.0
11	33	9	49	1.0
11	33	10	49	1.0
12	13	5	20	1.0
12	13	14	18	1.0
12	13	15	18	2.0
12	13	30	49	1.0
12	14	14	18	3.0
12	14	14	19	1.0
12	14	15	19	1.0
12	14	15	20	1.0
12	15	13	20	4.0
12	15	14	19	3.0
12	15	14	20	4.0
12	15	14	21	1.0
12	15	14	22	1.0
12	15	15	20	9.0
12	16	12	20	2.0
12	16	12	21	1.0
12	16	12	22	1.0
12	16	12	23	1.0
12	16	13	20	3.0
12	16	13	21	3.0
12	16	14	20	1.0
12	16	14	21	4.0
12	16	14	22	2.0
12	16	15	21	5.0
12	17	13	22	1.0
12	17	13	24	8.0
12	17	13	25	1.0
12	17	14	22	2.0
12	17	14	23	2.0
12	17	14	24	2.0
12	17	15	25	1.0
12	18	10	23	1.0
12	18	11	23	1.0
12	18	12	24	3.0
12	18	13	23	1.0
12	18	13	24	1.0
12	18	13	25	1.0
12	18	14	24	2.0
12	18	14	25	4.0
12	18	15	26	1.0
12	18	15	27	1.0
12	19	11	25	2.0
12	19	12	25	1.0
12	19	12	28	1.0
12	19	13	25	1.0
12	19	13	26	1.0
12	19	13	27	1.0
12	19	14	25	2.0
12	19	14	27	1.0
12	19	14	28	1.0
12	19	14	29	1.0
12	20	9	28	1.0
12	20	10	25	2.0
12	20	11	26	1.0
12	20	11	27	1.0
12	20	12	25	1.0
12	20	12	28	3.0
12	20	12	30	1.0
12	20	13	27	3.0
12	20	14	26	1.0
12	21	9	31	1.0
12	21	10	26	1.0
12	21	11	27	4.0
12	21	11	28	2.0
12	21	11	30	1.0
12	21	11	31	2.0
12	21	12	30	1.0
12	21	14	30	1.0
12	22	11	29	1.0
12	22	11	30	2.0
12	22	12	29	1.0
12	22	12	30	1.0
12	22	12	31	1.0
12	22	13	32	1.0
12	22	14	34	1.0
12	23	8	30	1.0
12	23	9	30	1.0
12	23	9	31	1.0
12	23	9	33	1.0
12	23	10	31	1.0
12	23	13	34	1.0
12	23	14	33	2.0
12	24	10	30	1.0
12	24	10	31	1.0
12	24	12	34	1.0
12	24	12	35	2.0
12	25	8	33	1.0
12	25	8	37	1.0
12	25	10	34	3.0
12	25	11	35	1.0
12	25	11	37	1.0
12	25	11	42	1.0
12	26	9	36	1.0
12	26	10	36	1.0
12	26	10	39	1.0
12	26	11	35	1.0
12	27	6	39	1.0
12	27	8	35	2.0
12	27	8	39	1.0
12	28	8	36	1.0
12	28	8	37	1.0
12	28	9	37	1.0
12	28	10	39	1.0
12	29	5	40	1.0
12	29	5	41	1.0
12	29	6	45	1.0
12	29	9	43	1.0
12	31	10	43	1.0
12	31	11	45	1.0
12	32	6	47	1.0
12	32	10	46	1.0
12	33	7	46	1.0
12	34	10	49	1.0
12	35	7	49	1.0
13	14	8	20	1.0
13	14	15	18	1.0
13	14	16	19	5.0
13	15	15	19	1.0
13	15	15	20	3.0
13	15	15	21	1.0
13	15	16	20	4.0
13	15	16	21	4.0
13	16	14	20	1.0
13	16	14	21	4.0
13	16	14	22	1.0
13	16	15	20	2.0
13	16	15	21	6.0
13	16	15	22	3.0
13	16	16	21	3.0
13	16	16	22	3.0
13	17	13	22	1.0
13	17	14	22	3.0
13	17	14	23	2.0
13	17	15	21	1.0
13	17	15	22	7.0
13	17	15	23	5.0
13	17	15	24	2.0
13	17	16	22	6.0
13	17	16	24	2.0
13	18	12	24	1.0
13	18	13	25	3.0
13	18	14	23	3.0
13	18	14	24	1.0
13	18	14	25	1.0
13	18	14	26	3.0
13	18	15	23	2.0
13	18	16	23	1.0
13	18	16	24	1.0
13	18	16	25	1.0
13	18	16	26	1.0
13	19	12	25	4.0
13	19	12	26	1.0
13	19	13	25	4.0
13	19	13	26	3.0
13	19	14	24	1.0
13	19	14	26	5.0
13	19	14	27	1.0
13	19	14	28	2.0
13	19	15	25	1.0
13	19	15	26	1.0
13	19	16	25	1.0
13	20	11	26	1.0
13	20	11	27	1.0
13	20	12	25	3.0
13	20	12	26	2.0
13	20	13	25	3.0
13	20	13	26	2.0
13	20	13	28	3.0
13	20	14	26	2.0
13	20	14	27	1.0
13	20	14	29	1.0
13	20	15	27	2.0
13	20	15	28	1.0
13	20	16	27	1.0
13	21	10	26	1.0
13	21	11	27	1.0
13	21	12	27	1.0
13	21	12	28	2.0
13	21	12	29	1.0
13	21	12	31	1.0
13	21	13	28	4.0
13	21	13	29	2.0
13	21	13	30	2.0
13	21	13	31	1.0
13	21	14	30	1.0
13	21	15	29	1.0
13	22	10	30	2.0
13	22	12	28	1.0
13	22	12	29	1.0
13	22	13	28	2.0
13	22	14	30	1.0
13	22	14	32	1.0
13	23	9	31	1.0
13	23	10	34	1.0
13	23	11	31	1.0
13	23	11	33	2.0
13	23	11	34	3.0
13	23	12	31	1.0
13	23	12	35	1.0
13	23	13	33	1.0
13	23	14	33	1.0
13	24	8	31	1.0
13	24	9	33	3.0
13	24	10	32	2.0
13	24	10	33	1.0
13	24	11	33	2.0
13	24	11	35	3.0
13	24	12	32	1.0
13	24	12	34	1.0
13	24	13	32	1.0
13	24	15	33	1.0
13	25	10	39	1.0
13	25	11	35	2.0
13	25	12	33	2.0
13	25	12	34	2.0
13	25	12	36	2.0
13	25	13	38	1.0
13	26	9	34	1.0
13	26	12	41	1.0
13	27	9	34	1.0
13	27	9	35	1.0
13	27	11	41	1.0
13	27	12	36	1.0
13	28	11	41	2.0
13	28	12	40	2.0
13	29	6	42	1.0
13	29	6	45	1.0
13	29	11	42	1.0
13	31	8	47	1.0
13	31	10	45	1.0
13	32	13	49	2.0
13	33	9	46	1.0
13	34	9	46	1.0
13	35	4	45	1.0
13	35	8	49	1.0
13	37	5	49	1.0
13	37	8	49	1.0
13	37	9	49	1.0
13	39	2	49	1.0
14	15	13	31	1.0
14	15	17	20	2.0
14	16	16	20	1.0
14	16	16	21	4.0
14	16	17	21	10.0
14	17	15	21	1.0
14	17	15	24	1.0
14	17	16	21	1.0
14	17	16	22	6.0
14	17	16	23	4.0
14	17	17	22	1.0
14	18	14	26	1.0
14	18	15	22	1.0
14	18	15	23	2.0
14	18	15	24	3.0
14	18	15	25	1.0
14	18	16	22	1.0
14	18	16	23	3.0
14	18	16	24	3.0
14	18	16	25	1.0
14	18	17	23	2.0
14	18	17	24	1.0
14	19	13	25	2.0
14	19	14	24	2.0
14	19	15	24	1.0
14	19	15	26	1.0
14	19	16	24	10.0
14	19	16	25	5.0
14	19	16	27	1.0
14	19	17	27	3.0
14	20	13	24	1.0
14	20	14	25	1.0
14	20	14	27	1.0
14	20	15	26	3.0
14	20	15	27	2.0
14	20	15	28	1.0
14	20	16	27	1.0
14	20	16	28	6.0
14	20	17	28	2.0
14	21	12	26	1.0
14	21	12	27	1.0
14	21	13	27	2.0
14	21	14	26	1.0
14	21	14	28	2.0
14	21	14	30	1.0
14	21	15	28	1.0
14	21	16	28	2.0
14	22	12	28	1.0
14	22	12	29	1.0
14	22	14	29	1.0
14	22	15	29	1.0
14	22	16	30	1.0
14	23	12	29	1.0
14	23	12	31	2.0
14	23	14	32	1.0
14	23	15	33	1.0
14	23	16	32	1.0
14	24	12	34	1.0
14	24	12	35	2.0
14	24	12	36	2.0
14	24	14	32	1.0
14	24	14	33	1.0
14	24	14	34	1.0
14	24	15	31	1.0
14	24	16	33	1.0
14	24	16	34	1.0
14	24	16	35	1.0
14	25	13	33	1.0
14	25	13	35	1.0
14	25	13	37	1.0
14	25	14	33	1.0
14	25	14	38	1.0
14	25	16	36	1.0
14	26	10	34	1.0
14	26	11	35	1.0
14	26	12	36	1.0
14	26	12	37	1.0
14	26	13	35	1.0
14	26	13	37	1.0
14	26	14	36	2.0
14	26	14	41	1.0
14	27	10	39	1.0
14	27	11	38	1.0
14	27	12	36	2.0
14	27	12	39	1.0
14	27	14	36	1.0
14	27	14	37	1.0
14	28	10	39	2.0
14	28	11	37	1.0
14	28	12	37	1.0
14	28	15	40	1.0
14	29	11	45	1.0
14	29	12	39	1.0
14	29	12	42	1.0
14	31	7	43	2.0
14	31	8	40	1.0
14	31	13	43	1.0
14	32	14	46	2.0
14	33	9	44	1.0
14	33	10	43	1.0
14	33	11	45	1.0
14	33	14	46	1.0
14	34	9	48	1.0
14	34	10	45	1.0
14	35	6	45	1.0
14	35	10	49	1.0
14	36	6	45	1.0
15	16	17	21	1.0
15	16	17	22	1.0
15	16	18	21	4.0
15	16	18	22	1.0
15	17	17	21	1.0
15	17	17	22	2.0
15	17	18	22	6.0
15	18	15	24	1.0
15	18	16	22	1.0
15	18	16	23	2.0
15	18	17	22	2.0
15	18	17	23	1.0
15	18	17	25	1.0
15	18	18	23	1.0
15	19	15	23	1.0
15	19	16	25	1.0
15	19	16	26	1.0
15	19	17	24	1.0
15	19	17	25	13.0
15	19	17	26	1.0
15	19	18	24	1.0
15	19	18	25	1.0
15	20	15	25	2.0
15	20	16	25	1.0
15	20	16	26	2.0
15	20	17	25	1.0
15	20	17	26	2.0
15	20	17	27	1.0
15	20	18	27	1.0
15	21	15	26	1.0
15	21	15	29	1.0
15	21	16	25	1.0
15	21	16	27	2.0
15	21	17	27	3.0
15	21	17	31	1.0
15	21	18	27	1.0
15	21	18	31	1.0
15	22	12	29	1.0
15	22	13	28	2.0
15	22	14	29	1.0
15	22	14	32	1.0
15	22	15	28	1.0
15	22	15	30	1.0
15	22	16	30	1.0
15	22	17	30	1.0
15	22	18	31	1.0
15	23	13	31	1.0
15	23	14	30	1.0
15	23	15	30	4.0
15	23	16	32	2.0
15	23	18	31	1.0
15	24	12	32	1.0
15	24	13	31	1.0
15	24	14	30	1.0
15	24	14	31	2.0
15	25	13	34	3.0
15	25	14	32	3.0
15	25	14	33	1.0
15	25	16	35	1.0
15	26	12	33	1.0
15	26	12	38	1.0
15	26	13	33	1.0
15	26	13	34	1.0
15	26	15	35	2.0
15	26	15	36	1.0
15	27	11	38	1.0
15	27	15	35	1.0
15	28	11	38	1.0
15	28	12	39	1.0
15	28	13	38	1.0
15	28	15	41	1.0
15	29	11	40	1.0
15	29	13	39	1.0
15	29	14	39	1.0
15	31	11	43	2.0
15	31	13	42	1.0
15	32	6	42	1.0
15	32	10	43	2.0
15	32	12	45	1.0
15	32	12	48	1.0
15	33	12	45	1.0
15	34	5	45	2.0
15	34	9	44	1.0
15	34	10	46	1.0
15	35	5	48	2.0
15	35	10	49	1.0
15	35	12	47	1.0
15	35	13	47	1.0
15	36	10	49	2.0
15	37	10	49	1.0
15	37	11	49	1.0
16	17	18	21	2.0
16	17	18	22	2.0
16	18	18	23	3.0
16	18	19	23	1.0
16	18	19	24	3.0
16	19	18	25	1.0
16	19	19	25	2.0
16	20	17	25	2.0
16	20	17	26	1.0
16	20	17	27	1.0
16	20	18	25	2.0
16	20	19	25	1.0
16	20	19	26	2.0
16	21	15	26	1.0
16	21	17	26	1.0
16	21	17	27	1.0
16	21	18	26	1.0
16	21	18	27	1.0
16	21	19	28	1.0
16	22	15	29	2.0
16	22	15	30	1.0
16	22	16	27	1.0
16	22	16	28	1.0
16	22	17	28	2.0
16	22	17	29	2.0
16	22	17	30	3.0
16	22	18	29	1.0
16	22	18	30	2.0
16	22	18	31	1.0
16	23	14	30	1.0
16	23	15	31	1.0
16	23	16	30	3.0
16	23	17	30	1.0
16	24	14	31	1.0
16	24	15	31	1.0
16	24	15	32	1.0
16	24	16	31	2.0
16	25	13	33	1.0
16	25	15	33	1.0
16	25	16	32	1.0
16	25	16	33	2.0
16	25	17	34	4.0
16	25	18	33	1.0
16	26	14	32	1.0
16	26	15	35	1.0
16	26	17	34	2.0
16	26	18	37	1.0
16	27	15	39	1.0
16	27	16	39	1.0
16	27	17	36	1.0
16	28	16	38	1.0
16	29	10	41	1.0
16	29	13	42	1.0
16	29	16	40	1.0
16	31	10	44	1.0
16	31	15	41	1.0
16	32	15	42	1.0
16	33	10	45	1.0
16	36	11	49	2.0
17	18	19	23	2.0
17	19	19	24	1.0
17	19	19	25	4.0
17	19	20	24	4.0
17	19	20	25	1.0
17	19	21	26	2.0
17	20	18	26	1.0
17	20	19	26	4.0
17	20	20	25	2.0
17	21	17	26	1.0
17	21	18	26	2.0
17	21	18	27	1.0
17	21	19	26	3.0
17	21	19	27	2.0
17	21	19	28	1.0
17	22	19	28	1.0
17	22	19	29	1.0
17	22	19	31	3.0
17	22	20	27	1.0
17	23	15	30	1.0
17	23	17	29	1.0
17	23	18	29	1.0
17	23	19	29	2.0
17	23	20	29	1.0
17	24	16	29	1.0
17	24	17	30	2.0
17	24	18	30	1.0
17	24	18	32	2.0
17	24	19	33	1.0
17	25	16	33	1.0
17	25	16	34	2.0
17	25	18	31	1.0
17	25	18	35	1.0
17	26	15	32	1.0
17	26	15	35	1.0
17	26	16	33	2.0
17	26	16	35	2.0
17	26	17	35	1.0
17	27	15	34	1.0
17	27	15	36	1.0
17	27	15	37	2.0
17	27	15	38	1.0
17	27	16	39	1.0
17	27	17	36	1.0
17	27	17	37	1.0
17	28	15	37	1.0
17	29	16	36	1.0
17	29	16	38	1.0
17	31	11	39	2.0
17	31	15	40	1.0
17	32	14	41	1.0
17	32	17	48	1.0
17	33	12	43	1.0
17	33	16	44	1.0
17	36	11	45	1.0
17	36	11	48	1.0
17	36	15	49	1.0
17	40	12	49	1.0
18	19	21	24	1.0
18	19	24	49	1.0
18	20	20	24	1.0
18	20	20	25	1.0
18	20	21	25	3.0
18	20	21	26	1.0
18	21	19	26	1.0
18	21	20	27	3.0
18	21	20	28	2.0
18	21	21	26	4.0
18	22	19	27	2.0
18	22	19	29	1.0
18	22	20	28	6.0
18	22	21	27	3.0
18	23	18	29	1.0
18	23	19	29	5.0
18	23	20	29	2.0
18	23	20	30	2.0
18	24	18	31	1.0
18	24	19	33	1.0
18	24	20	30	1.0
18	24	20	31	1.0
18	24	20	32	1.0
18	25	16	31	1.0
18	25	18	31	2.0
18	25	18	32	1.0
18	25	18	33	1.0
18	25	20	32	1.0
18	25	20	34	1.0
18	25	20	37	1.0
18	26	18	33	2.0
18	26	18	34	1.0
18	26	19	34	1.0
18	26	20	34	2.0
18	26	20	36	1.0
18	26	20	37	1.0
18	27	15	34	1.0
18	27	18	35	1.0
18	27	19	34	1.0
18	27	19	36	1.0
18	28	15	36	1.0
18	28	16	38	1.0
18	28	17	36	1.0
18	28	18	40	1.0
18	28	19	36	1.0
18	28	19	40	2.0
18	29	15	36	1.0
18	29	16	36	1.0
18	29	16	39	1.0
18	29	17	37	1.0
18	29	17	39	1.0
18	29	19	40	1.0
18	31	13	42	1.0
18	31	16	39	1.0
18	31	16	43	1.0
18	31	18	44	1.0
18	32	11	40	1.0
18	32	14	40	1.0
18	32	14	41	1.0
18	33	12	41	1.0
18	33	15	45	1.0
18	33	17	48	2.0
18	35	15	47	1.0
18	38	7	48	1.0
18	38	17	49	1.0
18	43	6	49	1.0
19	20	22	25	3.0
19	21	22	26	1.0
19	21	22	27	2.0
19	22	22	27	5.0
19	22	22	28	1.0
19	22	23	28	2.0
19	23	20	28	1.0
19	23	20	29	4.0
19	23	21	27	1.0
19	23	21	28	2.0
19	23	21	30	1.0
19	24	20	29	1.0
19	24	20	30	1.0
19	24	20	31	1.0
19	24	21	29	1.0
19	25	18	30	2.0
19	25	18	33	1.0
19	25	20	32	1.0
19	26	19	33	3.0
19	26	20	32	1.0
19	26	20	33	1.0
19	27	17	34	2.0
19	27	18	35	3.0
19	28	20	39	2.0
19	28	20	40	1.0
19	29	18	36	1.0
19	29	18	39	2.0
19	29	19	37	1.0
19	31	17	42	1.0
19	31	19	44	1.0
19	33	18	43	1.0
19	34	16	44	1.0
19	34	17	45	1.0
19	34	18	47	1.0
19	35	15	48	1.0
19	35	16	45	1.0
19	35	17	48	1.0
19	35	18	47	1.0
19	36	15	49	1.0
19	37	12	47	1.0
19	37	13	47	1.0
20	21	22	25	3.0
20	21	22	26	1.0
20	22	23	27	7.0
20	23	22	28	3.0
20	23	22	30	1.0
20	23	23	28	4.0
20	24	21	28	1.0
20	24	21	29	5.0
20	24	21	30	3.0
20	24	22	29	1.0
20	24	22	31	3.0
20	25	20	31	2.0
20	25	21	31	1.0
20	26	21	33	3.0
20	26	21	34	2.0
20	26	22	33	1.0
20	26	22	34	1.0
20	26	22	35	2.0
20	27	21	33	1.0
20	27	21	35	3.0
20	27	22	34	1.0
20	27	22	35	3.0
20	28	16	35	2.0
20	28	19	36	3.0
20	28	21	35	1.0
20	29	18	35	1.0
20	31	17	42	1.0
20	31	19	42	1.0
20	31	20	39	1.0
20	32	19	41	2.0
20	33	19	45	1.0
20	34	16	43	3.0
20	34	18	44	2.0
20	35	15	49	1.0
20	35	18	45	1.0
20	35	18	46	1.0
20	35	19	46	1.0
20	35	20	47	1.0
20	36	20	47	1.0
20	37	19	48	1.0
20	38	17	48	1.0
20	41	14	49	1.0
21	23	23	27	1.0
21	23	23	29	1.0
21	23	24	28	2.0
21	23	24	29	3.0
21	24	22	30	1.0
21	24	23	28	1.0
21	24	23	29	3.0
21	24	23	30	1.0
21	24	24	29	1.0
21	24	24	30	3.0
21	25	22	30	2.0
21	25	22	31	1.0
21	25	23	29	1.0
21	25	23	30	1.0
21	26	21	32	1.0
21	26	25	34	1.0
21	27	21	33	1.0
21	27	22	33	1.0
21	27	23	33	1.0
21	27	23	36	1.0
21	28	21	35	1.0
21	28	22	34	1.0
21	28	22	35	1.0
21	29	17	36	1.0
21	29	18	35	1.0
21	29	18	36	2.0
21	31	20	40	2.0
21	31	20	41	2.0
21	31	21	39	2.0
21	32	21	41	2.0
21	32	21	42	1.0
21	34	18	44	1.0
21	34	18	45	1.0
21	34	20	46	1.0
21	37	18	48	2.0
21	37	18	49	2.0
21	39	16	49	2.0
22	23	25	28	2.0
22	24	24	29	1.0
22	24	25	29	2.0
22	25	23	29	2.0
22	25	23	30	1.0
22	25	24	29	2.0
22	26	23	32	3.0
22	26	24	31	1.0
22	26	24	32	1.0
22	26	25	31	1.0
22	27	23	33	4.0
22	27	23	34	4.0
22	27	24	34	1.0
22	27	25	34	1.0
22	28	22	36	2.0
22	28	23	34	2.0
22	28	23	36	1.0
22	29	22	35	2.0
22	29	23	36	1.0
22	31	20	38	1.0
22	31	20	39	1.0
22	31	21	40	1.0
22	32	20	38	1.0
22	32	20	42	2.0
22	32	21	38	1.0
22	32	21	39	1.0
22	32	22	40	2.0
22	32	23	39	1.0
22	34	20	46	1.0
22	34	22	42	1.0
22	34	22	43	1.0
22	36	15	46	2.0
22	38	17	49	1.0
22	39	15	45	1.0
22	39	17	49	1.0
22	40	21	49	1.0
23	24	25	29	1.0
23	24	26	29	1.0
23	25	25	30	1.0
23	26	24	32	1.0
23	26	25	31	1.0
23	26	25	32	1.0
23	26	26	31	4.0
23	26	26	32	2.0
23	27	23	32	1.0
23	27	24	32	2.0
23	27	26	33	1.0
23	27	26	34	1.0
23	27	27	34	1.0
23	28	23	34	1.0
23	28	25	34	5.0
23	29	25	36	1.0
23	31	25	37	1.0
23	32	22	40	1.0
23	32	24	40	1.0
23	32	25	40	1.0
23	33	21	40	1.0
23	34	21	42	1.0
23	34	21	43	1.0
23	36	22	46	1.0
23	36	22	47	1.0
23	36	23	47	2.0
23	37	22	47	1.0
23	42	20	49	1.0
24	25	27	30	1.0
24	26	26	31	2.0
24	27	26	31	2.0
24	27	26	32	2.0
24	27	26	33	1.0
24	27	27	32	5.0
24	29	25	34	1.0
24	29	25	35	1.0
24	31	24	37	1.0
24	31	25	39	3.0
24	31	26	37	1.0
24	31	27	38	1.0
24	32	23	40	1.0
24	32	25	39	1.0
24	32	25	40	1.0
24	34	24	41	1.0
24	35	22	46	1.0
24	35	24	43	1.0
24	36	22	46	1.0
24	36	24	45	1.0
24	37	21	49	1.0
25	26	28	31	1.0
25	27	26	32	1.0
25	27	28	32	2.0
25	28	27	33	1.0
25	28	28	33	1.0
25	28	28	34	1.0
25	29	26	35	1.0
25	29	27	34	2.0
25	29	27	35	2.0
25	34	25	42	3.0
25	35	23	43	1.0
25	35	24	44	1.0
25	35	24	46	1.0
25	35	25	44	2.0
25	35	26	45	1.0
25	37	21	45	1.0
25	37	24	44	1.0
25	37	25	48	1.0
25	37	26	47	2.0
25	38	25	48	2.0
25	39	24	48	1.0
25	39	24	49	1.0
25	42	21	49	1.0
26	28	28	34	1.0
26	29	29	34	1.0
26	31	28	37	1.0
26	32	27	37	1.0
26	33	27	39	1.0
26	33	28	41	1.0
26	34	25	42	1.0
26	34	26	42	1.0
26	34	27	41	1.0
26	34	28	41	2.0
26	35	26	42	2.0
26	35	27	43	1.0
26	36	25	43	1.0
26	36	25	44	1.0
26	36	26	44	1.0
26	38	25	45	1.0
26	38	25	47	1.0
27	28	29	37	1.0
27	31	28	37	4.0
27	31	29	37	1.0
27	32	28	38	3.0
27	32	28	39	1.0
27	32	29	39	2.0
27	33	25	40	1.0
27	34	26	42	1.0
27	34	29	42	2.0
27	35	25	44	1.0
27	35	27	41	2.0
27	36	27	45	1.0
27	37	25	45	1.0
27	38	23	47	1.0
27	41	24	49	1.0
27	46	23	49	1.0
28	31	29	36	4.0
28	31	30	36	1.0
28	31	30	37	1.0
28	34	29	41	1.0
28	36	26	43	1.0
28	36	29	44	1.0
28	36	29	45	1.0
28	42	25	49	1.0
29	31	32	36	1.0
29	31	32	37	1.0
29	32	30	37	1.0
29	32	31	36	2.0
29	32	31	39	1.0
29	33	31	38	2.0
29	33	31	39	1.0
29	35	31	42	1.0
29	38	29	45	1.0
29	39	28	46	1.0
31	34	32	39	2.0
31	34	32	40	2.0
31	34	33	39	1.0
31	38	31	45	1.0
31	39	30	46	2.0
31	39	31	46	1.0
31	39	32	47	1.0
31	40	30	48	2.0
31	40	31	49	2.0
32	35	35	40	1.0
32	38	34	45	1.0
32	39	32	46	1.0
32	39	33	47	1.0
32	39	33	48	1.0
32	43	30	47	1.0
33	35	35	40	2.0
33	38	33	45	3.0
33	40	34	46	1.0
34	35	37	40	1.0
34	37	37	43	2.0
34	39	35	44	1.0
34	39	35	45	1.0
34	43	35	49	1.0
34	45	32	49	1.0
35	42	37	49	1.0
36	38	38	44	1.0
36	39	38	44	1.0
36	42	36	49	1.0
36	42	37	49	1.0
36	44	36	48	1.0
36	49	32	49	1.0
37	39	40	44	1.0
37	44	38	49	1.0
38	42	38	48	1.0
38	44	38	49	2.0
39	41	41	45	1.0
39	41	41	46	1.0
42	46	44	49	1.0
43	44	45	48	1.0
45	52	20	44	1.0
48	52	42	48	1.0
Quadrant	3
0	1	2	5	2.0
0	1	2	6	11.0
0	1	2	7	3.0
0	1	2	10	1.0
0	1	3	6	27.0
0	1	3	7	7.0
0	1	4	7	6.0
0	1	7	49	2.0
0	1	8	49	4.0
0	1	9	49	2.0
0	1	10	49	1.0
0	2	2	7	13.0
0	2	2	8	8.0
0	2	3	7	34.0
0	2	3	8	22.0
0	2	3	9	3.0
0	2	4	8	24.0
0	2	4	9	1.0
0	2	9	49	1.0
0	3	2	7	1.0
0	3	2	8	8.0
0	3	2	9	10.0
0	3	2	10	1.0
0	3	3	8	29.0
0	3	3	9	20.0
0	3	3	10	12.0
0	3	4	9	26.0
0	3	4	10	12.0
0	3	4	11	1.0
0	5	2	10	3.0
0	5	2	11	8.0
0	5	2	12	12.0
0	5	2	13	1.0
0	5	2	14	1.0
0	5	2	15	1.0
0	5	3	11	9.0
0	5	3	12	13.0
0	5	3	13	7.0
0	5	3	14	2.0
0	5	4	12	11.0
0	5	4	13	2.0
0	6	2	11	1.0
0	6	2	12	5.0
0	6	2	13	6.0
0	6	2	14	7.0
0	6	2	15	1.0
0	6	2	16	1.0
0	6	3	12	2.0
0	6	3	13	2.0
0	6	3	14	4.0
0	6	3	15	3.0
0	6	3	16	1.0
0	6	3	17	1.0
0	6	4	14	1.0
0	6	4	15	1.0
0	6	12	49	1.0
0	6	13	49	1.0
0	6	14	49	1.0
0	7	2	14	6.0
0	7	2	15	10.0
0	7	2	16	8.0
0	7	2	17	1.0
0	7	2	19	1.0
0	7	3	14	1.0
0	7	3	15	3.0
0	7	3	16	1.0
0	7	3	17	4.0
0	7	12	49	1.0
0	7	14	49	2.0
0	8	2	16	3.0
0	8	2	17	8.0
0	8	2	18	2.0
0	8	3	16	1.0
0	8	3	18	1.0
0	8	3	20	2.0
0	8	4	17	1.0
0	8	14	49	1.0
0	8	15	49	1.0
0	9	2	17	1.0
0	9	2	18	4.0
0	9	2	20	1.0
0	9	2	22	1.0
0	9	3	17	1.0
0	9	3	18	1.0
0	9	3	19	2.0
0	9	3	20	1.0
0	9	4	19	1.0
0	9	4	20	1.0
0	9	16	49	5.0
0	9	17	49	1.0
0	9	19	49	1.0
0	9	20	49	2.0
0	10	2	19	1.0
0	10	2	20	4.0
0	10	2	21	4.0
0	10	2	22	3.0
0	10	17	49	2.0
0	11	2	21	2.0
0	11	2	22	2.0
0	11	2	23	4.0
0	11	2	24	1.0
0	11	2	26	1.0
0	11	3	22	2.0
0	11	22	49	1.0
0	12	2	23	1.0
0	12	2	26	1.0
0	12	2	27	1.0
0	12	2	28	1.0
0	12	3	23	1.0
0	12	3	25	2.0
0	12	3	26	1.0
0	12	4	28	1.0
0	12	6	49	1.0
0	12	20	49	2.0
0	12	22	49	2.0
0	13	2	25	1.0
0	13	2	26	1.0
0	13	2	28	1.0
0	13	22	49	2.0
0	13	23	49	1.0
0	13	26	49	1.0
0	14	2	28	2.0
0	14	24	49	1.0
0	14	29	49	1.0
0	18	3	35	1.0
1	2	2	6	3.0
1	2	2	7	6.0
1	2	2	8	4.0
1	2	3	6	2.0
1	2	3	7	2.0
1	2	4	7	30.0
1	2	4	8	7.0
1	2	5	8	8.0
1	2	5	9	2.0
1	2	6	9	1.0
1	2	8	49	1.0
1	2	9	49	4.0
1	2	10	49	1.0
1	2	11	49	2.0
1	3	3	8	6.0
1	3	3	9	10.0
1	3	3	10	1.0
1	3	4	8	47.0
1	3	4	9	13.0
1	3	4	10	1.0
1	3	5	9	24.0
1	3	5	10	5.0
1	3	7	14	1.0
1	5	2	10	2.0
1	5	2	11	11.0
1	5	2	12	4.0
1	5	3	9	1.0
1	5	3	10	4.0
1	5	3	11	16.0
1	5	3	12	7.0
1	5	4	9	1.0
1	5	4	10	3.0
1	5	4	11	23.0
1	5	4	12	22.0
1	5	4	13	10.0
1	5	4	14	1.0
1	5	5	11	6.0
1	5	5	12	4.0
1	5	5	13	2.0
1	5	5	14	2.0
1	6	2	11	2.0
1	6	2	12	4.0
1	6	2	13	4.0
1	6	3	11	4.0
1	6	3	12	5.0
1	6	3	13	12.0
1	6	3	14	14.0
1	6	3	15	2.0
1	6	4	12	4.0
1	6	4	13	17.0
1	6	4	14	8.0
1	6	4	15	7.0
1	6	4	16	3.0
1	6	5	13	3.0
1	6	5	14	1.0
1	6	5	15	1.0
1	7	2	12	1.0
1	7	2	13	4.0
1	7	2	14	7.0
1	7	2	15	5.0
1	7	2	16	1.0
1	7	2	17	2.0
1	7	3	12	2.0
1	7	3	13	5.0
1	7	3	14	16.0
1	7	3	15	7.0
1	7	3	16	4.0
1	7	3	17	5.0
1	7	3	18	1.0
1	7	4	14	4.0
1	7	4	15	5.0
1	7	4	16	5.0
1	7	4	17	3.0
1	7	4	18	1.0
1	7	5	15	2.0
1	7	5	18	1.0
1	8	2	14	5.0
1	8	2	15	11.0
1	8	2	16	5.0
1	8	2	17	3.0
1	8	3	15	10.0
1	8	3	16	2.0
1	8	3	17	1.0
1	8	3	19	2.0
1	8	4	15	2.0
1	8	4	16	3.0
1	8	4	17	1.0
1	8	4	18	2.0
1	8	4	19	1.0
1	8	4	20	1.0
1	8	5	20	1.0
1	9	2	15	2.0
1	9	2	16	2.0
1	9	2	17	1.0
1	9	2	18	2.0
1	9	2	19	3.0
1	9	3	17	2.0
1	9	3	18	4.0
1	9	3	19	4.0
1	9	3	20	1.0
1	9	4	17	1.0
1	9	4	18	5.0
1	9	4	19	1.0
1	9	4	20	1.0
1	9	4	21	3.0
1	9	4	22	3.0
1	9	5	19	1.0
1	9	16	49	2.0
1	10	2	18	2.0
1	10	2	19	6.0
1	10	2	20	1.0
1	10	2	21	4.0
1	10	2	22	1.0
1	10	3	18	1.0
1	10	3	19	3.0
1	10	3	21	1.0
1	10	3	22	1.0
1	10	4	18	1.0
1	10	4	19	2.0
1	10	4	20	3.0
1	10	4	21	1.0
1	10	18	49	3.0
1	10	20	49	1.0
1	11	2	20	1.0
1	11	2	21	4.0
1	11	2	22	3.0
1	11	2	23	2.0
1	11	2	24	2.0
1	11	3	21	1.0
1	11	3	22	4.0
1	11	3	23	5.0
1	11	3	24	2.0
1	11	4	22	1.0
1	11	4	23	1.0
1	11	18	31	1.0
1	11	18	49	1.0
1	11	20	49	1.0
1	12	2	21	1.0
1	12	2	22	1.0
1	12	2	23	3.0
1	12	2	24	1.0
1	12	2	25	2.0
1	12	2	26	1.0
1	12	2	27	1.0
1	12	3	22	2.0
1	12	3	24	1.0
1	12	3	25	1.0
1	12	19	49	1.0
1	12	24	49	1.0
1	13	2	23	1.0
1	13	2	24	3.0
1	13	2	25	2.0
1	13	4	24	1.0
1	13	4	27	1.0
1	14	2	24	1.0
1	14	2	25	3.0
1	14	2	26	1.0
1	14	3	27	1.0
1	14	4	28	1.0
1	16	2	28	1.0
1	16	2	29	1.0
1	16	2	30	2.0
1	16	3	29	1.0
1	16	4	32	1.0
1	17	2	30	1.0
1	17	2	32	1.0
1	18	2	33	3.0
1	19	2	33	1.0
1	19	2	34	1.0
1	20	2	36	2.0
2	3	2	6	1.0
2	3	2	7	3.0
2	3	2	9	1.0
2	3	2	10	1.0
2	3	3	7	1.0
2	3	3	9	1.0
2	3	5	8	9.0
2	3	5	9	4.0
2	3	5	10	1.0
2	3	6	9	12.0
2	3	6	10	1.0
2	3	9	49	1.0
2	3	10	49	2.0
2	3	12	17	1.0
2	3	12	49	1.0
2	3	13	49	1.0
2	5	3	10	1.0
2	5	4	9	1.0
2	5	4	10	10.0
2	5	4	11	15.0
2	5	4	12	4.0
2	5	5	10	18.0
2	5	5	11	34.0
2	5	5	12	6.0
2	5	6	11	18.0
2	5	6	12	1.0
2	6	3	11	1.0
2	6	3	12	5.0
2	6	3	13	4.0
2	6	4	10	3.0
2	6	4	11	9.0
2	6	4	12	7.0
2	6	4	13	5.0
2	6	4	14	3.0
2	6	5	11	9.0
2	6	5	12	22.0
2	6	5	13	8.0
2	6	5	14	7.0
2	6	5	15	2.0
2	6	6	12	2.0
2	6	6	13	3.0
2	6	6	14	3.0
2	7	2	13	3.0
2	7	2	14	2.0
2	7	3	13	3.0
2	7	3	14	7.0
2	7	3	15	3.0
2	7	4	12	4.0
2	7	4	13	10.0
2	7	4	14	11.0
2	7	4	15	7.0
2	7	4	16	1.0
2	7	5	13	5.0
2	7	5	14	13.0
2	7	5	15	19.0
2	7	5	16	2.0
2	7	6	14	1.0
2	7	6	15	2.0
2	8	2	13	1.0
2	8	2	14	4.0
2	8	2	15	4.0
2	8	2	16	2.0
2	8	2	17	1.0
2	8	3	14	7.0
2	8	3	15	2.0
2	8	3	16	1.0
2	8	3	18	1.0
2	8	4	13	2.0
2	8	4	14	7.0
2	8	4	15	5.0
2	8	4	16	1.0
2	8	4	17	5.0
2	8	4	18	3.0
2	8	4	19	1.0
2	8	5	15	3.0
2	8	5	16	9.0
2	8	5	17	2.0
2	8	6	17	1.0
2	9	2	15	4.0
2	9	2	16	3.0
2	9	2	17	2.0
2	9	2	18	2.0
2	9	3	15	3.0
2	9	3	16	4.0
2	9	3	17	1.0
2	9	3	18	4.0
2	9	3	19	1.0
2	9	4	16	4.0
2	9	4	17	9.0
2	9	4	18	7.0
2	9	5	17	8.0
2	9	5	18	7.0
2	9	6	18	3.0
2	10	2	16	3.0
2	10	2	18	1.0
2	10	2	19	2.0
2	10	2	20	1.0
2	10	2	21	2.0
2	10	3	16	2.0
2	10	3	17	3.0
2	10	3	18	4.0
2	10	3	19	3.0
2	10	3	20	3.0
2	10	3	21	1.0
2	10	4	18	1.0
2	10	4	19	5.0
2	10	4	20	4.0
2	10	4	21	1.0
2	10	4	22	1.0
2	10	5	21	2.0
2	10	17	49	1.0
2	10	18	49	1.0
2	11	2	16	1.0
2	11	2	17	2.0
2	11	2	18	5.0
2	11	2	19	1.0
2	11	3	20	8.0
2	11	3	21	4.0
2	11	4	20	1.0
2	11	4	21	3.0
2	11	4	22	1.0
2	11	5	21	3.0
2	11	19	49	2.0
2	12	2	20	2.0
2	12	2	24	1.0
2	12	3	19	1.0
2	12	3	20	1.0
2	12	3	21	3.0
2	12	3	22	5.0
2	12	3	23	3.0
2	12	4	22	5.0
2	12	4	23	1.0
2	12	5	21	1.0
2	12	5	26	1.0
2	12	5	27	1.0
2	12	23	49	1.0
2	13	2	21	2.0
2	13	2	22	1.0
2	13	2	24	3.0
2	13	2	25	1.0
2	13	3	21	1.0
2	13	3	24	3.0
2	13	4	22	1.0
2	13	4	24	1.0
2	13	4	25	2.0
2	13	4	26	3.0
2	13	5	23	2.0
2	14	2	24	2.0
2	14	2	26	2.0
2	14	3	24	2.0
2	14	4	25	1.0
2	14	4	26	2.0
2	14	4	27	2.0
2	14	5	25	1.0
2	14	5	27	1.0
2	16	2	27	3.0
2	16	2	29	1.0
2	16	3	28	2.0
2	16	29	49	1.0
2	17	2	28	1.0
2	17	2	29	2.0
2	17	2	34	1.0
2	17	3	29	1.0
2	17	3	30	1.0
2	17	3	31	1.0
2	17	3	32	1.0
2	17	27	49	1.0
2	18	2	30	1.0
2	18	2	35	2.0
2	18	3	30	1.0
2	18	3	31	1.0
2	18	3	32	1.0
2	18	3	38	1.0
2	19	2	30	1.0
2	19	2	32	1.0
2	19	2	35	1.0
2	20	3	38	1.0
2	20	5	36	1.0
2	21	2	37	1.0
2	21	3	36	1.0
2	21	3	37	2.0
2	21	4	37	1.0
2	21	4	38	1.0
2	22	2	38	1.0
2	22	9	49	1.0
2	23	2	37	1.0
2	23	4	42	1.0
2	26	2	45	1.0
3	5	5	9	1.0
3	5	5	10	1.0
3	5	5	11	2.0
3	5	6	10	32.0
3	5	6	11	24.0
3	5	6	12	3.0
3	5	7	11	20.0
3	5	7	12	2.0
3	6	3	12	1.0
3	6	4	12	3.0
3	6	4	13	1.0
3	6	5	11	9.0
3	6	5	12	9.0
3	6	5	13	4.0
3	6	6	11	19.0
3	6	6	12	32.0
3	6	6	13	6.0
3	6	6	14	7.0
3	6	7	12	12.0
3	6	7	13	5.0
3	6	7	14	1.0
3	7	2	12	2.0
3	7	2	13	1.0
3	7	3	12	1.0
3	7	3	13	3.0
3	7	4	12	1.0
3	7	4	13	5.0
3	7	4	14	1.0
3	7	5	12	3.0
3	7	5	13	14.0
3	7	5	14	2.0
3	7	5	15	3.0
3	7	6	12	1.0
3	7	6	13	8.0
3	7	6	14	11.0
3	7	6	15	5.0
3	7	6	16	3.0
3	7	7	13	4.0
3	7	7	14	3.0
3	7	7	15	2.0
3	8	2	14	1.0
3	8	3	15	1.0
3	8	4	13	4.0
3	8	4	14	9.0
3	8	4	15	3.0
3	8	4	16	1.0
3	8	5	13	3.0
3	8	5	14	13.0
3	8	5	15	14.0
3	8	5	16	2.0
3	8	6	14	3.0
3	8	6	15	12.0
3	8	6	16	2.0
3	8	6	17	3.0
3	8	7	15	1.0
3	8	7	16	3.0
3	8	7	18	1.0
3	9	2	15	2.0
3	9	3	15	2.0
3	9	3	16	1.0
3	9	3	18	1.0
3	9	4	15	4.0
3	9	4	16	9.0
3	9	4	17	3.0
3	9	4	19	1.0
3	9	5	15	2.0
3	9	5	16	6.0
3	9	5	17	6.0
3	9	5	18	2.0
3	9	6	16	1.0
3	9	6	17	3.0
3	9	6	18	1.0
3	9	7	17	1.0
3	10	2	15	1.0
3	10	2	17	1.0
3	10	3	15	1.0
3	10	3	16	1.0
3	10	3	17	4.0
3	10	3	18	1.0
3	10	4	16	1.0
3	10	4	17	8.0
3	10	4	18	3.0
3	10	4	19	5.0
3	10	4	20	1.0
3	10	5	17	4.0
3	10	5	18	7.0
3	10	5	19	3.0
3	10	5	21	2.0
3	10	6	17	1.0
3	10	6	18	1.0
3	10	6	19	2.0
3	10	6	20	4.0
3	10	6	21	2.0
3	10	7	19	1.0
3	11	2	17	2.0
3	11	3	18	4.0
3	11	3	19	1.0
3	11	3	20	3.0
3	11	4	17	1.0
3	11	4	19	1.0
3	11	4	20	1.0
3	11	5	18	1.0
3	11	5	19	2.0
3	11	5	20	3.0
3	11	5	22	2.0
3	11	5	23	4.0
3	11	5	26	1.0
3	11	6	20	4.0
3	11	6	21	1.0
3	11	6	22	1.0
3	11	7	20	1.0
3	12	2	18	1.0
3	12	2	20	5.0
3	12	2	24	1.0
3	12	3	18	2.0
3	12	3	19	2.0
3	12	3	20	7.0
3	12	3	21	1.0
3	12	3	22	3.0
3	12	3	23	2.0
3	12	4	19	2.0
3	12	4	21	3.0
3	12	4	23	3.0
3	12	4	24	3.0
3	12	4	25	2.0
3	12	5	20	1.0
3	12	5	23	3.0
3	12	6	20	1.0
3	12	6	22	2.0
3	12	6	23	2.0
3	12	10	49	1.0
3	13	2	20	1.0
3	13	2	21	2.0
3	13	2	24	1.0
3	13	3	21	1.0
3	13	3	22	5.0
3	13	3	23	1.0
3	13	3	24	1.0
3	13	4	21	2.0
3	13	4	22	3.0
3	13	4	23	2.0
3	13	4	24	1.0
3	13	5	23	4.0
3	13	6	22	1.0
3	13	6	23	1.0
3	13	6	24	1.0
3	13	6	25	1.0
3	13	6	26	1.0
3	14	2	21	1.0
3	14	2	22	1.0
3	14	2	23	1.0
3	14	2	24	1.0
3	14	3	22	1.0
3	14	3	25	1.0
3	14	4	24	2.0
3	14	4	25	1.0
3	14	5	29	1.0
3	14	6	27	1.0
3	14	20	49	1.0
3	16	2	25	1.0
3	16	2	26	3.0
3	16	3	25	1.0
3	16	3	27	3.0
3	16	5	29	1.0
3	17	3	28	1.0
3	17	3	31	1.0
3	17	4	30	1.0
3	17	5	30	2.0
3	17	11	49	1.0
3	18	2	28	1.0
3	18	2	29	1.0
3	18	3	29	1.0
3	18	4	30	1.0
3	18	5	32	2.0
3	19	2	30	1.0
3	19	2	33	1.0
3	19	2	36	1.0
3	19	3	32	2.0
3	19	3	33	1.0
3	19	4	32	1.0
3	19	5	32	2.0
3	20	2	33	1.0
3	20	2	34	1.0
3	20	2	36	1.0
3	20	2	37	1.0
3	20	3	35	2.0
3	20	4	34	1.0
3	22	2	35	1.0
3	22	2	36	1.0
3	22	3	38	1.0
3	23	2	40	1.0
3	24	3	39	1.0
3	24	4	40	1.0
3	26	3	45	1.0
5	6	6	14	1.0
5	6	8	11	10.0
5	6	8	12	3.0
5	6	9	12	10.0
5	6	14	49	1.0
5	6	15	21	1.0
5	6	19	49	1.0
5	7	7	12	7.0
5	7	7	13	2.0
5	7	8	12	19.0
5	7	8	13	16.0
5	7	8	14	10.0
5	7	9	13	16.0
5	7	9	14	3.0
5	7	10	14	2.0
5	8	6	14	1.0
5	8	6	15	1.0
5	8	7	13	3.0
5	8	7	14	4.0
5	8	7	15	2.0
5	8	8	13	17.0
5	8	8	14	23.0
5	8	8	15	7.0
5	8	9	14	5.0
5	8	9	15	4.0
5	9	5	15	3.0
5	9	6	13	1.0
5	9	6	14	1.0
5	9	6	15	4.0
5	9	6	16	1.0
5	9	7	14	1.0
5	9	7	15	12.0
5	9	7	16	2.0
5	9	7	17	2.0
5	9	7	18	1.0
5	9	8	14	4.0
5	9	8	15	11.0
5	9	8	16	6.0
5	9	8	17	2.0
5	9	8	19	1.0
5	9	9	14	1.0
5	9	9	16	1.0
5	10	3	13	1.0
5	10	5	17	5.0
5	10	6	16	4.0
5	10	6	17	1.0
5	10	7	15	4.0
5	10	7	16	4.0
5	10	7	17	14.0
5	10	7	18	6.0
5	10	7	19	1.0
5	10	8	16	5.0
5	10	8	17	4.0
5	10	8	18	4.0
5	10	8	19	1.0
5	10	8	20	1.0
5	10	9	18	1.0
5	11	3	17	1.0
5	11	4	17	3.0
5	11	4	18	1.0
5	11	5	17	5.0
5	11	5	18	2.0
5	11	5	19	1.0
5	11	6	17	1.0
5	11	6	18	3.0
5	11	7	17	4.0
5	11	7	18	6.0
5	11	7	19	1.0
5	11	7	20	2.0
5	11	7	22	1.0
5	11	8	19	2.0
5	11	8	20	3.0
5	11	9	19	1.0
5	12	4	18	2.0
5	12	4	19	3.0
5	12	5	19	2.0
5	12	5	20	1.0
5	12	6	19	8.0
5	12	6	20	2.0
5	12	6	22	2.0
5	12	7	18	1.0
5	12	7	19	1.0
5	12	7	20	4.0
5	12	7	21	1.0
5	12	7	22	1.0
5	12	8	19	1.0
5	12	8	20	4.0
5	12	8	21	2.0
5	12	8	22	2.0
5	13	3	19	2.0
5	13	3	22	1.0
5	13	4	19	1.0
5	13	4	20	1.0
5	13	4	21	1.0
5	13	4	22	3.0
5	13	5	19	2.0
5	13	5	20	6.0
5	13	5	21	5.0
5	13	5	22	3.0
5	13	6	19	1.0
5	13	6	20	5.0
5	13	6	21	3.0
5	13	6	22	4.0
5	13	6	23	4.0
5	13	7	21	6.0
5	13	7	22	5.0
5	13	8	22	3.0
5	14	2	21	2.0
5	14	2	22	1.0
5	14	2	23	1.0
5	14	3	22	1.0
5	14	3	23	1.0
5	14	5	21	3.0
5	14	5	23	2.0
5	14	6	23	3.0
5	14	6	25	1.0
5	14	6	26	2.0
5	14	7	22	2.0
5	14	7	23	2.0
5	14	7	24	2.0
5	14	7	25	1.0
5	14	8	24	2.0
5	14	8	27	1.0
5	16	2	23	1.0
5	16	3	25	1.0
5	16	3	27	2.0
5	16	4	24	4.0
5	16	4	28	1.0
5	16	4	30	1.0
5	16	5	25	1.0
5	16	5	27	1.0
5	16	5	28	1.0
5	16	6	26	2.0
5	16	6	27	1.0
5	16	6	29	1.0
5	16	7	26	2.0
5	16	7	27	2.0
5	16	7	28	2.0
5	16	8	30	1.0
5	17	2	28	1.0
5	17	2	29	1.0
5	17	3	29	1.0
5	17	4	28	1.0
5	17	5	26	1.0
5	17	5	32	1.0
5	17	6	27	3.0
5	17	7	28	1.0
5	17	7	31	1.0
5	17	8	30	1.0
5	18	2	26	1.0
5	18	2	32	1.0
5	18	3	29	1.0
5	18	3	30	1.0
5	18	5	26	2.0
5	18	6	34	2.0
5	18	7	30	1.0
5	18	14	49	1.0
5	19	2	27	1.0
5	19	3	28	1.0
5	19	3	29	1.0
5	19	4	33	1.0
5	19	5	29	1.0
5	19	5	33	1.0
5	19	6	34	1.0
5	20	2	30	2.0
5	20	2	32	1.0
5	20	3	29	2.0
5	20	3	34	1.0
5	20	4	30	1.0
5	20	5	31	2.0
5	20	5	32	1.0
5	20	5	36	1.0
5	21	2	35	1.0
5	21	5	34	1.0
5	22	2	31	1.0
5	22	2	37	1.0
5	22	3	35	1.0
5	23	2	33	1.0
5	23	3	36	2.0
5	23	3	37	1.0
5	23	5	38	1.0
5	24	3	35	1.0
5	24	3	37	1.0
5	30	2	46	1.0
5	31	2	48	1.0
6	7	2	16	2.0
6	7	2	17	1.0
6	7	8	12	1.0
6	7	9	12	12.0
6	7	9	13	3.0
6	7	10	13	6.0
6	7	15	49	1.0
6	7	18	49	1.0
6	8	8	13	1.0
6	8	8	14	1.0
6	8	9	13	7.0
6	8	9	14	10.0
6	8	9	15	1.0
6	8	10	14	5.0
6	9	7	15	1.0
6	9	8	14	9.0
6	9	8	15	12.0
6	9	8	16	3.0
6	9	9	14	14.0
6	9	9	15	13.0
6	9	10	15	15.0
6	10	7	15	2.0
6	10	7	16	5.0
6	10	7	18	1.0
6	10	8	15	1.0
6	10	8	16	12.0
6	10	8	17	3.0
6	10	9	16	9.0
6	10	9	17	8.0
6	10	9	18	2.0
6	10	9	19	1.0
6	10	10	16	4.0
6	10	10	17	2.0
6	10	10	18	1.0
6	11	6	17	1.0
6	11	7	16	1.0
6	11	7	17	3.0
6	11	7	18	1.0
6	11	7	19	1.0
6	11	8	16	1.0
6	11	8	17	5.0
6	11	8	18	13.0
6	11	8	19	1.0
6	11	9	17	4.0
6	11	9	18	4.0
6	11	9	19	5.0
6	11	10	17	1.0
6	11	18	49	1.0
6	12	5	18	2.0
6	12	6	17	2.0
6	12	6	19	4.0
6	12	6	20	1.0
6	12	7	17	1.0
6	12	7	18	3.0
6	12	7	19	3.0
6	12	7	20	3.0
6	12	7	21	5.0
6	12	8	18	4.0
6	12	8	19	9.0
6	12	8	20	3.0
6	12	8	22	1.0
6	12	9	19	3.0
6	12	9	20	4.0
6	12	9	21	2.0
6	12	10	20	1.0
6	12	11	24	2.0
6	13	5	19	2.0
6	13	6	20	1.0
6	13	6	21	2.0
6	13	6	22	2.0
6	13	7	20	4.0
6	13	7	21	2.0
6	13	7	22	4.0
6	13	8	19	1.0
6	13	8	20	8.0
6	13	8	21	1.0
6	13	9	20	1.0
6	13	9	21	2.0
6	13	9	22	4.0
6	13	9	24	1.0
6	13	11	24	1.0
6	14	4	21	2.0
6	14	5	21	1.0
6	14	6	20	1.0
6	14	6	21	2.0
6	14	6	22	2.0
6	14	6	23	2.0
6	14	6	25	2.0
6	14	7	22	4.0
6	14	7	24	1.0
6	14	8	21	1.0
6	14	8	22	2.0
6	14	8	23	1.0
6	14	8	25	2.0
6	14	9	22	1.0
6	14	9	23	3.0
6	14	9	25	1.0
6	16	2	23	1.0
6	16	4	27	1.0
6	16	4	28	1.0
6	16	5	24	3.0
6	16	6	23	2.0
6	16	6	26	1.0
6	16	6	28	2.0
6	16	7	26	1.0
6	16	7	27	6.0
6	16	7	28	1.0
6	16	8	28	2.0
6	16	9	27	1.0
6	17	2	23	1.0
6	17	3	26	1.0
6	17	4	24	1.0
6	17	4	25	1.0
6	17	4	28	1.0
6	17	4	30	1.0
6	17	5	24	1.0
6	17	5	25	1.0
6	17	5	30	1.0
6	17	6	27	2.0
6	17	6	29	4.0
6	17	6	31	1.0
6	17	7	26	3.0
6	17	7	27	1.0
6	17	8	27	1.0
6	17	8	28	1.0
6	17	8	29	1.0
6	17	9	28	1.0
6	17	9	29	1.0
6	18	3	25	1.0
6	18	3	26	1.0
6	18	3	27	1.0
6	18	4	26	2.0
6	18	4	27	1.0
6	18	6	28	3.0
6	18	6	29	1.0
6	18	6	30	1.0
6	18	7	29	2.0
6	18	7	34	1.0
6	18	8	29	1.0
6	18	8	30	1.0
6	18	9	30	1.0
6	19	3	25	1.0
6	19	3	27	1.0
6	19	4	26	1.0
6	19	4	30	1.0
6	19	4	31	2.0
6	19	5	29	2.0
6	19	5	30	1.0
6	19	5	33	1.0
6	19	6	30	1.0
6	19	7	30	3.0
6	19	7	31	1.0
6	19	7	35	2.0
6	20	4	31	1.0
6	20	4	33	1.0
6	20	5	30	4.0
6	20	5	31	1.0
6	20	5	32	1.0
6	20	5	33	1.0
6	20	6	33	1.0
6	20	6	34	1.0
6	20	7	34	1.0
6	20	8	35	1.0
6	21	2	29	1.0
6	21	6	33	1.0
6	21	6	34	1.0
6	21	8	41	1.0
6	22	2	31	1.0
6	22	3	31	2.0
6	22	3	33	1.0
6	22	3	35	1.0
6	22	3	36	1.0
6	22	5	33	1.0
6	22	8	41	1.0
6	23	3	35	1.0
6	23	7	38	1.0
6	24	2	35	3.0
6	24	3	34	1.0
6	24	3	37	1.0
6	24	5	38	3.0
6	25	3	36	1.0
6	25	4	39	1.0
6	25	5	39	1.0
6	26	4	42	1.0
6	26	6	43	2.0
6	26	6	49	1.0
6	28	2	43	1.0
6	28	3	42	1.0
6	29	2	43	1.0
6	29	2	44	1.0
6	29	2	45	2.0
6	30	2	45	2.0
7	8	10	13	11.0
7	8	10	14	8.0
7	8	11	14	5.0
7	8	15	49	1.0
7	9	9	14	3.0
7	9	9	15	1.0
7	9	10	14	24.0
7	9	10	15	5.0
7	9	11	15	16.0
7	10	9	15	6.0
7	10	9	16	4.0
7	10	9	17	2.0
7	10	10	15	16.0
7	10	10	16	20.0
7	10	10	17	3.0
7	10	11	16	12.0
7	10	11	17	6.0
7	10	11	18	3.0
7	11	7	17	1.0
7	11	8	16	1.0
7	11	8	17	3.0
7	11	8	18	1.0
7	11	9	16	4.0
7	11	9	17	12.0
7	11	9	18	3.0
7	11	9	19	1.0
7	11	10	17	10.0
7	11	10	18	4.0
7	11	10	19	4.0
7	11	11	17	1.0
7	11	11	18	3.0
7	12	7	19	1.0
7	12	8	17	1.0
7	12	8	18	8.0
7	12	9	17	2.0
7	12	9	18	3.0
7	12	9	19	5.0
7	12	9	20	5.0
7	12	9	21	1.0
7	12	10	18	6.0
7	12	10	19	6.0
7	12	10	20	2.0
7	12	11	19	1.0
7	12	11	20	1.0
7	12	11	21	4.0
7	13	7	19	1.0
7	13	7	20	1.0
7	13	7	21	1.0
7	13	8	20	6.0
7	13	8	21	3.0
7	13	9	20	2.0
7	13	9	22	5.0
7	13	10	19	1.0
7	13	10	21	1.0
7	13	10	22	2.0
7	13	10	23	2.0
7	13	11	20	1.0
7	14	6	21	1.0
7	14	7	21	3.0
7	14	7	22	1.0
7	14	8	21	3.0
7	14	8	22	2.0
7	14	8	23	1.0
7	14	8	24	1.0
7	14	9	20	1.0
7	14	9	21	1.0
7	14	9	22	1.0
7	14	9	23	4.0
7	14	10	23	1.0
7	16	3	23	3.0
7	16	5	24	1.0
7	16	6	27	1.0
7	16	7	22	1.0
7	16	7	23	1.0
7	16	7	25	2.0
7	16	7	26	3.0
7	16	7	27	2.0
7	16	8	28	3.0
7	16	10	24	1.0
7	17	5	23	1.0
7	17	5	25	2.0
7	17	6	24	1.0
7	17	8	28	3.0
7	17	8	30	1.0
7	17	9	28	1.0
7	17	10	26	1.0
7	17	11	27	1.0
7	18	3	26	1.0
7	18	4	26	1.0
7	18	4	27	2.0
7	18	6	31	2.0
7	18	7	27	1.0
7	18	7	29	1.0
7	18	7	30	1.0
7	18	9	28	1.0
7	18	10	30	2.0
7	19	3	27	2.0
7	19	3	28	1.0
7	19	4	27	1.0
7	19	4	28	1.0
7	19	5	26	1.0
7	19	5	30	2.0
7	19	6	27	1.0
7	19	6	28	2.0
7	19	6	29	3.0
7	19	6	31	1.0
7	19	7	31	1.0
7	19	7	32	1.0
7	20	3	30	1.0
7	20	5	28	1.0
7	20	5	30	1.0
7	20	6	31	1.0
7	20	6	32	1.0
7	20	6	33	1.0
7	20	8	30	1.0
7	20	8	36	1.0
7	20	9	30	1.0
7	21	3	29	1.0
7	21	4	29	1.0
7	21	4	36	2.0
7	21	5	30	2.0
7	21	5	35	2.0
7	21	6	31	1.0
7	21	6	33	2.0
7	21	7	35	1.0
7	21	7	37	1.0
7	21	8	33	2.0
7	22	2	30	1.0
7	22	3	30	1.0
7	22	3	31	1.0
7	22	3	37	1.0
7	22	4	31	1.0
7	22	4	32	2.0
7	22	4	36	1.0
7	22	6	33	3.0
7	22	7	41	1.0
7	22	8	37	1.0
7	23	4	32	1.0
7	23	4	34	1.0
7	23	5	33	1.0
7	23	5	35	1.0
7	23	6	35	1.0
7	23	7	35	1.0
7	23	8	36	1.0
7	23	8	37	1.0
7	24	3	36	1.0
7	24	4	34	1.0
7	24	4	41	1.0
7	24	5	37	1.0
7	25	2	40	1.0
7	25	3	37	1.0
7	25	7	42	1.0
7	26	3	38	1.0
7	26	3	40	1.0
7	26	6	40	1.0
7	26	9	42	1.0
7	27	5	47	1.0
7	28	3	40	1.0
7	28	4	43	1.0
7	28	8	45	1.0
7	28	8	46	1.0
7	29	3	41	1.0
8	9	2	20	1.0
8	9	3	18	1.0
8	9	10	14	1.0
8	9	11	14	1.0
8	9	11	15	1.0
8	9	12	15	5.0
8	9	15	19	1.0
8	9	17	49	1.0
8	9	19	24	1.0
8	9	20	49	2.0
8	10	9	15	1.0
8	10	10	15	7.0
8	10	10	16	3.0
8	10	11	15	10.0
8	10	11	16	6.0
8	10	11	17	3.0
8	10	12	16	6.0
8	11	10	16	2.0
8	11	10	17	6.0
8	11	10	18	1.0
8	11	11	16	9.0
8	11	11	17	13.0
8	11	11	18	7.0
8	11	12	17	5.0
8	11	12	18	13.0
8	11	12	19	4.0
8	12	8	17	3.0
8	12	9	18	3.0
8	12	9	19	3.0
8	12	10	17	4.0
8	12	10	18	4.0
8	12	10	19	5.0
8	12	11	17	1.0
8	12	11	18	9.0
8	12	11	19	3.0
8	12	11	20	1.0
8	12	11	21	1.0
8	12	12	18	2.0
8	12	12	19	4.0
8	13	8	19	1.0
8	13	8	20	1.0
8	13	9	18	1.0
8	13	9	20	1.0
8	13	9	21	2.0
8	13	10	18	1.0
8	13	10	19	11.0
8	13	10	20	5.0
8	13	10	21	1.0
8	13	10	22	1.0
8	13	11	18	1.0
8	13	11	19	2.0
8	13	11	20	4.0
8	13	11	21	5.0
8	13	12	21	6.0
8	14	7	20	2.0
8	14	8	20	1.0
8	14	8	21	1.0
8	14	8	22	1.0
8	14	9	19	2.0
8	14	9	20	2.0
8	14	9	21	3.0
8	14	9	22	2.0
8	14	10	20	2.0
8	14	10	21	3.0
8	14	10	22	5.0
8	14	11	21	1.0
8	14	11	23	4.0
8	16	6	23	1.0
8	16	7	22	1.0
8	16	7	23	2.0
8	16	9	24	5.0
8	16	10	25	1.0
8	16	10	26	2.0
8	16	11	26	1.0
8	17	6	26	1.0
8	17	7	26	1.0
8	17	8	24	2.0
8	17	8	25	1.0
8	17	8	26	2.0
8	17	9	24	1.0
8	17	11	28	1.0
8	18	5	26	1.0
8	18	6	26	1.0
8	18	6	27	2.0
8	18	7	27	1.0
8	18	8	26	1.0
8	18	8	27	1.0
8	18	8	29	1.0
8	18	9	26	1.0
8	18	9	27	1.0
8	18	9	28	2.0
8	18	10	31	1.0
8	19	2	28	3.0
8	19	4	27	2.0
8	19	5	27	1.0
8	19	6	26	1.0
8	19	6	27	1.0
8	19	7	27	2.0
8	19	8	27	1.0
8	19	8	32	1.0
8	19	9	27	2.0
8	19	9	30	2.0
8	19	9	33	1.0
8	20	2	30	1.0
8	20	4	29	2.0
8	20	5	28	1.0
8	20	6	27	1.0
8	20	6	31	4.0
8	20	8	32	1.0
8	20	9	30	1.0
8	20	9	31	3.0
8	20	9	33	1.0
8	21	4	31	1.0
8	21	6	29	2.0
8	21	6	30	1.0
8	21	6	31	1.0
8	21	6	33	2.0
8	21	6	36	1.0
8	21	7	30	1.0
8	21	7	31	1.0
8	21	7	32	1.0
8	21	8	30	1.0
8	21	8	31	2.0
8	21	9	31	1.0
8	21	10	36	1.0
8	22	6	33	1.0
8	22	6	37	2.0
8	23	4	32	1.0
8	23	7	35	1.0
8	23	9	37	2.0
8	24	3	39	1.0
8	24	5	34	2.0
8	24	5	36	1.0
8	24	7	35	1.0
8	25	4	39	1.0
8	25	6	36	1.0
8	25	7	38	1.0
8	25	9	38	2.0
8	25	9	42	1.0
8	26	4	39	3.0
8	26	5	36	1.0
8	26	6	37	1.0
8	26	6	38	1.0
8	26	7	38	1.0
8	26	7	39	1.0
8	27	3	37	1.0
8	27	7	42	1.0
8	27	9	43	1.0
8	28	2	38	1.0
8	28	4	42	1.0
8	28	7	48	1.0
8	29	2	42	1.0
8	29	3	41	1.0
8	29	4	42	1.0
8	29	5	41	2.0
8	29	5	42	1.0
8	29	6	42	1.0
8	31	2	44	1.0
8	31	7	47	1.0
9	10	11	15	1.0
9	10	12	15	4.0
9	10	12	16	1.0
9	10	13	16	2.0
9	10	17	49	1.0
9	10	20	30	1.0
9	11	12	16	5.0
9	11	12	17	6.0
9	11	13	17	2.0
9	11	13	18	1.0
9	12	11	16	1.0
9	12	11	17	1.0
9	12	11	18	2.0
9	12	11	19	1.0
9	12	12	17	4.0
9	12	12	18	12.0
9	12	12	19	3.0
9	12	13	18	8.0
9	12	13	19	1.0
9	13	9	19	1.0
9	13	10	18	2.0
9	13	10	19	1.0
9	13	11	18	2.0
9	13	11	19	3.0
9	13	11	20	1.0
9	13	12	18	1.0
9	13	12	19	3.0
9	13	12	20	3.0
9	13	12	21	1.0
9	13	12	22	1.0
9	13	12	23	1.0
9	13	13	19	2.0
9	13	13	20	2.0
9	13	13	21	1.0
9	14	9	20	1.0
9	14	9	21	2.0
9	14	10	20	3.0
9	14	10	21	4.0
9	14	11	20	2.0
9	14	11	21	2.0
9	14	12	19	1.0
9	14	12	21	3.0
9	14	12	22	1.0
9	14	12	23	1.0
9	14	13	21	2.0
9	14	13	22	1.0
9	16	7	23	4.0
9	16	9	23	2.0
9	16	10	23	3.0
9	16	10	25	1.0
9	16	10	26	1.0
9	16	11	23	3.0
9	16	11	25	2.0
9	16	11	26	2.0
9	16	12	23	1.0
9	16	12	25	2.0
9	17	7	24	2.0
9	17	9	24	2.0
9	17	9	26	2.0
9	17	9	27	2.0
9	17	10	24	2.0
9	17	10	25	2.0
9	17	10	26	2.0
9	17	11	25	1.0
9	17	11	26	2.0
9	17	12	27	1.0
9	18	7	26	1.0
9	18	8	26	2.0
9	18	8	29	1.0
9	18	9	26	3.0
9	18	10	26	1.0
9	18	10	29	1.0
9	18	11	29	1.0
9	19	5	27	1.0
9	19	7	27	1.0
9	19	9	28	1.0
9	19	10	29	1.0
9	19	11	28	1.0
9	19	11	31	2.0
9	19	12	28	1.0
9	19	12	29	1.0
9	20	6	31	2.0
9	20	7	30	1.0
9	20	8	32	2.0
9	20	9	28	1.0
9	20	9	30	1.0
9	20	10	29	1.0
9	20	10	30	2.0
9	20	10	31	1.0
9	20	11	31	1.0
9	20	11	32	1.0
9	21	7	28	1.0
9	21	7	29	1.0
9	21	8	29	1.0
9	21	9	33	1.0
9	21	9	36	1.0
9	21	10	30	1.0
9	21	11	32	1.0
9	22	4	32	1.0
9	22	5	32	1.0
9	22	6	32	1.0
9	22	7	30	1.0
9	22	7	33	1.0
9	22	8	31	3.0
9	22	8	32	3.0
9	22	9	36	1.0
9	22	10	34	1.0
9	23	3	33	1.0
9	23	4	33	1.0
9	23	6	35	2.0
9	23	8	33	1.0
9	23	8	35	1.0
9	24	4	33	1.0
9	24	8	35	2.0
9	24	9	36	1.0
9	24	9	40	1.0
9	24	10	40	1.0
9	25	4	38	2.0
9	25	5	33	1.0
9	25	5	35	1.0
9	25	7	38	1.0
9	25	7	40	1.0
9	25	8	36	1.0
9	25	9	38	1.0
9	26	9	39	1.0
9	27	2	36	1.0
9	27	3	37	2.0
9	27	3	38	1.0
9	27	5	40	2.0
9	27	6	41	1.0
9	27	6	42	1.0
9	27	8	40	1.0
9	28	6	42	2.0
9	28	6	43	1.0
9	29	4	47	2.0
9	29	7	45	1.0
9	29	8	43	1.0
9	29	8	44	1.0
9	31	7	49	1.0
9	33	2	47	1.0
9	34	8	49	1.0
9	35	6	49	1.0
10	11	2	22	1.0
10	11	13	16	4.0
10	11	13	17	3.0
10	11	14	17	2.0
10	12	12	17	2.0
10	12	12	18	1.0
10	12	13	17	9.0
10	12	13	18	3.0
10	12	14	18	5.0
10	13	12	18	5.0
10	13	12	19	2.0
10	13	12	20	1.0
10	13	13	18	3.0
10	13	13	19	10.0
10	13	13	20	2.0
10	13	13	21	1.0
10	13	14	19	6.0
10	13	14	20	3.0
10	13	15	20	1.0
10	14	11	19	1.0
10	14	11	20	2.0
10	14	11	22	1.0
10	14	12	19	2.0
10	14	12	20	2.0
10	14	12	21	3.0
10	14	13	20	9.0
10	14	13	21	5.0
10	14	13	22	1.0
10	14	14	19	1.0
10	14	14	20	3.0
10	16	10	22	2.0
10	16	10	23	1.0
10	16	11	22	4.0
10	16	11	23	1.0
10	16	12	22	1.0
10	16	12	23	6.0
10	16	12	24	5.0
10	16	12	25	2.0
10	16	13	23	2.0
10	17	10	26	3.0
10	17	11	24	3.0
10	17	11	28	2.0
10	17	12	24	1.0
10	17	13	24	1.0
10	17	13	26	2.0
10	17	13	27	1.0
10	17	13	28	1.0
10	18	7	26	1.0
10	18	8	24	1.0
10	18	9	24	1.0
10	18	10	24	2.0
10	18	10	26	2.0
10	18	10	27	3.0
10	18	10	28	1.0
10	18	11	25	1.0
10	18	11	26	1.0
10	18	11	28	1.0
10	18	12	26	1.0
10	18	12	27	2.0
10	18	13	26	1.0
10	18	13	28	1.0
10	18	14	27	3.0
10	19	10	26	1.0
10	19	10	27	1.0
10	19	10	28	2.0
10	19	10	30	2.0
10	19	12	27	2.0
10	19	13	28	1.0
10	20	5	29	1.0
10	20	7	27	1.0
10	20	8	28	2.0
10	20	9	29	2.0
10	20	10	29	2.0
10	20	11	29	1.0
10	20	12	29	1.0
10	21	9	30	2.0
10	21	10	28	1.0
10	21	10	29	1.0
10	21	10	30	1.0
10	21	11	29	1.0
10	21	12	31	5.0
10	21	13	33	1.0
10	22	7	30	4.0
10	22	9	32	1.0
10	22	10	33	1.0
10	22	11	33	1.0
10	22	11	34	1.0
10	22	13	34	1.0
10	23	7	33	1.0
10	23	8	31	1.0
10	23	8	32	2.0
10	23	8	34	1.0
10	23	9	31	1.0
10	23	9	33	1.0
10	23	9	35	1.0
10	23	10	31	1.0
10	23	10	33	2.0
10	23	10	34	1.0
10	23	10	35	1.0
10	24	6	36	2.0
10	24	8	33	1.0
10	24	8	34	2.0
10	24	8	35	2.0
10	24	8	38	1.0
10	24	11	35	1.0
10	25	4	35	1.0
10	25	5	36	1.0
10	25	7	36	1.0
10	25	8	37	1.0
10	25	9	36	1.0
10	26	6	36	2.0
10	26	8	38	1.0
10	26	8	39	1.0
10	26	9	39	1.0
10	26	10	36	1.0
10	26	10	42	1.0
10	27	7	38	1.0
10	27	8	39	2.0
10	27	9	38	1.0
10	27	11	40	2.0
10	28	3	41	1.0
10	28	8	42	2.0
10	28	9	42	1.0
10	28	10	46	1.0
10	28	11	41	1.0
10	29	8	42	1.0
10	29	8	43	1.0
10	30	4	39	1.0
10	30	5	41	1.0
10	31	4	46	1.0
10	32	3	42	1.0
11	12	14	17	5.0
11	12	15	18	2.0
11	12	30	49	1.0
11	13	13	18	2.0
11	13	14	18	8.0
11	13	14	19	3.0
11	13	15	20	2.0
11	13	16	20	2.0
11	14	12	19	1.0
11	14	12	20	2.0
11	14	13	19	7.0
11	14	13	20	2.0
11	14	13	21	1.0
11	14	14	19	7.0
11	14	14	20	5.0
11	14	14	21	5.0
11	14	15	20	2.0
11	16	11	22	1.0
11	16	11	23	2.0
11	16	12	22	2.0
11	16	12	23	2.0
11	16	12	24	1.0
11	16	13	21	2.0
11	16	13	22	4.0
11	16	13	23	10.0
11	16	13	24	5.0
11	16	14	23	1.0
11	16	14	24	2.0
11	16	15	22	1.0
11	16	15	23	1.0
11	17	10	23	2.0
11	17	11	22	1.0
11	17	11	23	3.0
11	17	11	24	1.0
11	17	11	25	1.0
11	17	12	25	1.0
11	17	13	23	5.0
11	17	13	24	10.0
11	17	13	25	1.0
11	17	14	23	1.0
11	17	14	25	1.0
11	17	14	27	1.0
11	18	10	25	1.0
11	18	10	26	3.0
11	18	11	26	2.0
11	18	12	26	2.0
11	18	12	27	2.0
11	18	13	25	1.0
11	18	13	26	2.0
11	18	13	27	1.0
11	18	14	26	5.0
11	19	9	27	1.0
11	19	10	25	1.0
11	19	11	29	2.0
11	19	12	26	1.0
11	19	12	27	2.0
11	19	12	28	2.0
11	19	13	26	2.0
11	19	13	28	4.0
11	19	13	30	1.0
11	19	14	29	1.0
11	20	7	27	1.0
11	20	9	27	1.0
11	20	9	29	1.0
11	20	9	30	1.0
11	20	11	28	2.0
11	20	11	29	1.0
11	20	11	30	1.0
11	20	11	31	1.0
11	20	12	27	2.0
11	20	12	28	1.0
11	20	12	31	1.0
11	20	13	30	2.0
11	20	14	30	1.0
11	21	7	29	2.0
11	21	8	29	2.0
11	21	10	28	1.0
11	21	10	31	1.0
11	21	11	28	1.0
11	21	11	29	1.0
11	21	12	31	1.0
11	21	13	31	1.0
11	21	14	31	2.0
11	22	7	30	1.0
11	22	8	30	1.0
11	22	8	34	1.0
11	22	9	30	1.0
11	22	9	31	1.0
11	22	10	29	1.0
11	22	11	31	1.0
11	22	11	32	1.0
11	22	12	32	1.0
11	22	13	32	1.0
11	23	8	31	1.0
11	23	8	32	1.0
11	23	10	31	1.0
11	23	10	37	2.0
11	23	11	33	1.0
11	23	11	34	1.0
11	23	11	35	1.0
11	23	12	33	1.0
11	23	12	35	2.0
11	23	13	38	2.0
11	24	7	34	1.0
11	24	7	35	1.0
11	24	8	34	1.0
11	24	9	32	1.0
11	24	9	34	1.0
11	24	9	36	1.0
11	24	9	37	1.0
11	24	10	32	1.0
11	24	10	35	1.0
11	24	11	37	1.0
11	24	11	38	1.0
11	24	12	35	1.0
11	24	12	41	1.0
11	25	5	37	2.0
11	25	7	36	1.0
11	25	7	37	1.0
11	25	9	36	1.0
11	25	9	38	1.0
11	25	9	39	1.0
11	25	10	35	1.0
11	25	10	36	1.0
11	25	11	35	1.0
11	26	10	37	1.0
11	27	5	38	1.0
11	27	11	40	1.0
11	27	11	45	1.0
11	28	8	39	2.0
11	29	2	41	1.0
11	29	8	41	1.0
11	30	5	47	1.0
11	30	9	47	1.0
11	31	3	42	1.0
11	31	5	46	1.0
11	31	5	48	2.0
11	32	8	45	1.0
11	32	8	47	1.0
11	32	9	48	1.0
11	33	4	49	1.0
11	33	9	48	1.0
11	34	7	47	1.0
11	35	2	48	1.0
11	37	3	49	1.0
11	37	8	49	1.0
12	13	15	18	2.0
12	13	16	19	1.0
12	13	21	49	1.0
12	13	25	49	1.0
12	13	28	31	1.0
12	14	14	19	2.0
12	14	14	20	2.0
12	14	15	19	7.0
12	14	15	20	6.0
12	16	13	22	1.0
12	16	14	21	2.0
12	16	14	22	2.0
12	16	14	24	3.0
12	16	14	25	5.0
12	16	15	21	1.0
12	16	15	22	5.0
12	16	15	23	5.0
12	16	15	24	1.0
12	16	16	22	1.0
12	16	16	23	2.0
12	17	13	23	2.0
12	17	13	25	1.0
12	17	14	22	4.0
12	17	14	23	3.0
12	17	14	24	5.0
12	17	14	25	2.0
12	17	14	26	1.0
12	17	15	23	1.0
12	17	15	24	8.0
12	17	16	24	1.0
12	17	16	25	1.0
12	18	11	24	1.0
12	18	12	26	1.0
12	18	13	24	1.0
12	18	13	25	1.0
12	18	13	26	1.0
12	18	14	25	1.0
12	18	14	26	2.0
12	18	15	25	2.0
12	18	16	26	1.0
12	19	12	26	3.0
12	19	13	25	3.0
12	19	13	26	1.0
12	19	13	29	2.0
12	19	14	27	1.0
12	19	16	27	2.0
12	20	11	30	1.0
12	20	12	27	1.0
12	20	12	28	1.0
12	20	13	27	2.0
12	20	14	28	2.0
12	20	14	29	3.0
12	21	11	29	1.0
12	21	11	33	3.0
12	21	12	28	2.0
12	21	13	30	1.0
12	21	14	29	1.0
12	21	14	33	1.0
12	21	15	30	1.0
12	22	7	30	2.0
12	22	7	32	1.0
12	22	11	29	1.0
12	22	11	30	1.0
12	22	12	29	1.0
12	22	12	31	1.0
12	22	13	31	1.0
12	22	14	33	4.0
12	23	7	31	1.0
12	23	8	31	2.0
12	23	10	31	2.0
12	23	11	32	1.0
12	23	12	30	2.0
12	23	12	31	1.0
12	23	12	34	1.0
12	23	13	32	1.0
12	23	14	32	1.0
12	24	8	35	1.0
12	24	9	35	3.0
12	24	9	36	1.0
12	24	10	37	2.0
12	24	12	33	1.0
12	24	12	34	1.0
12	25	7	37	1.0
12	25	8	37	1.0
12	25	9	34	1.0
12	25	9	38	1.0
12	25	10	36	2.0
12	25	10	37	1.0
12	25	11	33	1.0
12	26	10	34	1.0
12	26	12	36	1.0
12	26	13	37	1.0
12	27	6	37	1.0
12	27	9	39	1.0
12	27	12	44	1.0
12	28	7	36	1.0
12	28	7	41	1.0
12	28	8	36	1.0
12	28	8	37	1.0
12	28	8	41	1.0
12	28	13	45	1.0
12	29	6	45	1.0
12	29	12	48	1.0
12	30	6	40	1.0
12	30	7	39	1.0
12	30	8	48	1.0
12	30	10	43	1.0
12	30	10	46	1.0
12	31	7	45	1.0
12	32	7	48	1.0
12	33	2	44	1.0
12	33	5	46	1.0
12	33	10	49	1.0
12	34	10	49	1.0
12	35	7	47	1.0
12	35	10	49	1.0
12	35	12	49	1.0
12	41	2	44	1.0
13	14	2	29	1.0
13	14	16	19	3.0
13	14	16	23	1.0
13	14	17	20	2.0
13	16	14	22	1.0
13	16	15	21	1.0
13	16	15	23	1.0
13	16	16	21	5.0
13	16	16	22	2.0
13	16	16	23	2.0
13	16	17	22	3.0
13	17	14	23	3.0
13	17	15	23	2.0
13	17	15	24	1.0
13	17	16	23	6.0
13	17	16	24	3.0
13	17	16	27	2.0
13	18	12	25	1.0
13	18	13	25	3.0
13	18	14	25	1.0
13	18	15	24	5.0
13	18	15	25	4.0
13	18	15	26	2.0
13	18	16	24	5.0
13	18	16	25	2.0
13	18	16	26	4.0
13	18	17	24	1.0
13	18	17	25	2.0
13	19	13	25	1.0
13	19	14	25	4.0
13	19	14	26	2.0
13	19	14	27	2.0
13	19	15	25	3.0
13	19	15	26	4.0
13	19	15	27	1.0
13	19	15	28	1.0
13	19	15	29	1.0
13	20	13	27	1.0
13	20	14	28	2.0
13	20	14	29	2.0
13	20	15	27	1.0
13	20	15	28	2.0
13	20	15	29	2.0
13	20	16	27	1.0
13	21	10	29	1.0
13	21	14	30	1.0
13	21	14	31	2.0
13	21	15	28	1.0
13	21	15	30	2.0
13	22	13	29	1.0
13	22	15	30	1.0
13	23	10	31	1.0
13	23	11	31	1.0
13	23	14	34	1.0
13	23	15	32	1.0
13	23	15	34	1.0
13	24	13	33	1.0
13	25	10	33	2.0
13	25	11	34	1.0
13	25	13	36	1.0
13	26	10	34	1.0
13	26	10	39	1.0
13	26	11	34	1.0
13	26	12	34	1.0
13	27	9	37	1.0
13	28	14	40	1.0
13	29	8	39	1.0
13	29	11	42	2.0
13	29	12	41	1.0
13	29	12	44	1.0
13	30	4	41	1.0
13	30	6	45	1.0
13	30	8	39	2.0
13	30	9	48	1.0
13	31	15	46	1.0
13	32	5	45	1.0
13	32	7	49	1.0
13	32	8	46	1.0
13	32	9	48	1.0
13	34	12	49	1.0
13	34	13	49	1.0
13	35	10	48	1.0
13	35	10	49	1.0
13	36	8	48	1.0
13	36	10	49	1.0
14	16	16	22	1.0
14	16	17	21	3.0
14	16	17	22	6.0
14	16	18	22	8.0
14	17	16	22	1.0
14	17	16	23	4.0
14	17	17	23	4.0
14	17	18	24	1.0
14	17	18	25	2.0
14	18	16	24	1.0
14	18	16	25	1.0
14	18	17	23	1.0
14	18	17	24	2.0
14	18	17	25	3.0
14	18	17	26	1.0
14	18	18	24	1.0
14	19	15	25	2.0
14	19	15	26	1.0
14	19	15	27	2.0
14	19	16	25	3.0
14	19	16	26	1.0
14	19	16	27	1.0
14	19	17	25	3.0
14	19	17	26	2.0
14	19	18	26	1.0
14	20	14	27	1.0
14	20	15	26	2.0
14	20	15	27	2.0
14	20	15	28	1.0
14	20	15	29	3.0
14	20	16	28	3.0
14	20	16	29	2.0
14	20	17	26	1.0
14	20	17	27	1.0
14	20	17	28	1.0
14	20	17	29	1.0
14	21	14	27	1.0
14	21	14	29	1.0
14	21	14	30	1.0
14	21	15	28	1.0
14	21	15	29	1.0
14	21	16	30	2.0
14	21	17	28	2.0
14	21	17	29	1.0
14	21	17	30	1.0
14	21	17	31	1.0
14	21	18	31	1.0
14	22	13	31	1.0
14	22	14	32	1.0
14	22	15	29	1.0
14	22	15	31	2.0
14	22	16	29	1.0
14	22	16	30	1.0
14	22	16	33	1.0
14	22	17	30	1.0
14	22	17	33	1.0
14	23	13	30	1.0
14	23	16	31	1.0
14	23	17	33	1.0
14	24	11	33	1.0
14	24	13	31	1.0
14	24	13	33	1.0
14	24	15	34	1.0
14	24	16	34	1.0
14	24	16	35	1.0
14	25	15	35	2.0
14	25	16	35	1.0
14	26	10	37	1.0
14	26	13	34	1.0
14	26	13	36	2.0
14	26	14	36	3.0
14	26	16	36	1.0
14	27	12	39	1.0
14	27	15	41	1.0
14	27	16	40	1.0
14	28	8	38	2.0
14	28	8	39	1.0
14	28	10	38	1.0
14	28	13	38	1.0
14	28	16	40	3.0
14	29	8	38	1.0
14	30	11	45	1.0
14	30	12	46	1.0
14	31	9	40	1.0
14	31	12	41	1.0
14	32	8	49	1.0
14	32	14	47	2.0
14	33	10	44	1.0
14	34	8	49	1.0
14	34	12	49	1.0
14	35	11	49	1.0
14	39	7	49	1.0
16	17	19	22	6.0
16	17	20	23	1.0
16	17	33	49	1.0
16	18	18	23	2.0
16	18	19	23	7.0
16	18	19	24	5.0
16	18	19	25	1.0
16	18	20	24	3.0
16	19	18	24	1.0
16	19	18	25	2.0
16	19	19	24	3.0
16	19	19	25	5.0
16	19	20	25	3.0
16	20	18	25	2.0
16	20	19	26	1.0
16	21	17	27	1.0
16	21	17	28	2.0
16	21	17	30	1.0
16	21	18	27	3.0
16	21	18	28	1.0
16	21	18	29	1.0
16	21	19	31	1.0
16	21	20	28	2.0
16	22	17	28	1.0
16	22	17	30	1.0
16	22	18	28	4.0
16	22	18	29	3.0
16	22	19	28	1.0
16	22	19	29	1.0
16	23	15	30	2.0
16	23	16	31	1.0
16	23	17	29	1.0
16	23	17	31	1.0
16	23	18	31	1.0
16	23	19	30	1.0
16	23	19	31	1.0
16	24	14	32	1.0
16	24	15	32	1.0
16	24	15	34	1.0
16	24	16	31	1.0
16	24	16	32	2.0
16	24	18	30	1.0
16	24	18	33	1.0
16	25	15	33	1.0
16	25	16	33	1.0
16	25	16	34	2.0
16	25	17	32	1.0
16	25	17	33	1.0
16	26	14	37	2.0
16	26	15	34	1.0
16	26	16	34	1.0
16	26	18	35	1.0
16	26	19	36	2.0
16	27	12	38	1.0
16	27	14	38	1.0
16	27	15	34	1.0
16	27	15	37	2.0
16	27	16	36	2.0
16	28	13	36	1.0
16	28	13	38	1.0
16	28	16	41	1.0
16	28	17	40	1.0
16	29	13	39	1.0
16	29	14	40	1.0
16	29	14	41	1.0
16	29	15	38	2.0
16	29	15	39	1.0
16	29	15	40	1.0
16	29	15	41	1.0
16	30	15	41	2.0
16	30	16	41	2.0
16	30	16	42	1.0
16	30	17	42	1.0
16	31	13	47	1.0
16	31	15	47	1.0
16	32	8	41	2.0
16	33	8	46	1.0
16	33	12	47	1.0
16	33	14	44	1.0
16	33	16	49	1.0
16	35	9	44	1.0
16	35	14	47	1.0
16	36	13	48	1.0
16	37	12	49	1.0
17	18	21	24	1.0
17	19	20	24	3.0
17	20	18	25	1.0
17	20	19	25	1.0
17	20	20	26	1.0
17	20	21	26	2.0
17	20	21	27	1.0
17	20	22	27	1.0
17	21	18	26	1.0
17	21	18	27	1.0
17	21	19	27	4.0
17	21	19	28	2.0
17	21	20	28	2.0
17	22	18	27	1.0
17	22	18	29	2.0
17	22	19	28	2.0
17	22	19	29	2.0
17	22	20	30	2.0
17	22	20	31	1.0
17	22	21	29	1.0
17	23	15	28	1.0
17	23	17	29	2.0
17	23	17	30	2.0
17	23	17	31	1.0
17	23	18	29	1.0
17	23	18	31	2.0
17	23	19	31	1.0
17	23	19	32	1.0
17	24	17	31	2.0
17	24	18	31	1.0
17	24	19	32	1.0
17	24	19	33	1.0
17	25	17	33	1.0
17	25	18	33	1.0
17	26	14	34	2.0
17	26	17	34	1.0
17	26	18	34	1.0
17	26	19	35	1.0
17	27	12	35	1.0
17	27	16	34	2.0
17	27	16	35	1.0
17	27	17	34	1.0
17	27	17	35	2.0
17	27	17	37	1.0
17	27	17	38	2.0
17	27	18	35	1.0
17	27	19	40	1.0
17	28	14	40	1.0
17	28	17	38	1.0
17	28	18	37	1.0
17	29	16	37	1.0
17	29	16	39	1.0
17	29	16	40	2.0
17	29	17	41	2.0
17	29	18	38	1.0
17	29	19	40	1.0
17	30	15	40	2.0
17	31	14	43	1.0
17	31	17	41	1.0
17	31	18	44	1.0
17	32	17	44	1.0
17	34	14	46	1.0
17	36	13	49	2.0
17	37	14	49	1.0
18	19	21	24	2.0
18	19	22	25	2.0
18	20	20	26	2.0
18	20	22	26	1.0
18	21	20	26	2.0
18	21	20	28	1.0
18	21	21	26	1.0
18	21	21	27	2.0
18	21	21	28	2.0
18	21	22	27	1.0
18	21	22	28	1.0
18	22	20	28	1.0
18	22	21	28	1.0
18	22	22	28	1.0
18	23	18	29	2.0
18	23	20	29	2.0
18	23	20	30	1.0
18	23	20	31	1.0
18	23	21	30	2.0
18	23	21	31	1.0
18	24	19	30	1.0
18	24	19	32	2.0
18	24	20	30	1.0
18	24	20	31	2.0
18	24	20	32	2.0
18	24	21	31	1.0
18	24	21	34	1.0
18	25	17	32	2.0
18	25	20	33	2.0
18	26	19	33	1.0
18	26	20	35	1.0
18	27	18	35	1.0
18	27	19	38	1.0
18	28	17	37	1.0
18	28	18	40	1.0
18	28	19	38	1.0
18	29	18	39	3.0
18	29	18	42	1.0
18	29	18	43	2.0
18	30	14	40	1.0
18	30	15	40	1.0
18	30	16	41	1.0
18	30	17	39	1.0
18	30	19	40	1.0
18	30	20	41	1.0
18	31	15	38	1.0
18	35	11	47	1.0
18	36	10	48	2.0
18	36	12	49	1.0
18	36	16	48	1.0
18	37	12	39	1.0
18	38	10	49	1.0
19	20	22	25	2.0
19	21	21	27	1.0
19	21	22	27	2.0
19	21	23	27	2.0
19	22	20	28	3.0
19	22	21	30	2.0
19	22	22	28	1.0
19	22	22	29	2.0
19	22	23	28	8.0
19	23	21	28	1.0
19	23	21	29	3.0
19	23	23	29	1.0
19	24	19	32	2.0
19	24	20	30	2.0
19	24	21	30	4.0
19	24	21	32	3.0
19	24	22	29	1.0
19	24	22	31	1.0
19	24	22	32	1.0
19	25	21	31	2.0
19	25	21	32	1.0
19	25	21	33	3.0
19	25	22	32	1.0
19	26	18	32	1.0
19	26	19	32	1.0
19	26	19	33	1.0
19	26	20	33	1.0
19	26	21	33	1.0
19	26	21	34	2.0
19	27	19	34	1.0
19	27	20	36	2.0
19	27	21	34	1.0
19	27	21	35	2.0
19	27	21	37	1.0
19	27	21	38	1.0
19	28	19	36	1.0
19	28	21	38	3.0
19	29	15	38	1.0
19	29	18	38	3.0
19	29	18	40	1.0
19	29	21	38	1.0
19	30	16	38	1.0
19	30	18	39	1.0
19	30	20	42	3.0
19	30	21	40	1.0
19	31	17	41	2.0
19	31	18	41	1.0
19	31	20	41	1.0
19	32	17	45	1.0
19	33	18	45	3.0
19	34	18	46	1.0
19	34	18	47	1.0
19	35	11	47	2.0
19	36	16	39	1.0
19	36	17	47	1.0
19	38	12	49	1.0
19	38	15	49	1.0
20	21	23	26	5.0
20	22	23	27	4.0
20	22	24	28	2.0
20	23	23	28	3.0
20	23	23	29	2.0
20	23	23	30	1.0
20	23	23	31	1.0
20	23	24	29	1.0
20	23	24	30	1.0
20	24	21	30	1.0
20	24	22	30	1.0
20	24	22	31	1.0
20	24	23	30	1.0
20	24	23	31	2.0
20	25	21	31	1.0
20	25	21	32	4.0
20	25	22	31	3.0
20	25	22	32	4.0
20	25	23	33	1.0
20	25	23	34	1.0
20	26	21	32	1.0
20	26	22	33	1.0
20	26	23	34	2.0
20	27	21	34	1.0
20	27	21	36	1.0
20	27	23	36	1.0
20	27	24	36	1.0
20	28	21	36	1.0
20	28	21	37	1.0
20	28	21	38	1.0
20	28	22	38	1.0
20	28	23	36	2.0
20	28	23	38	1.0
20	29	21	38	1.0
20	31	20	42	1.0
20	31	21	39	1.0
20	32	15	41	1.0
20	32	18	41	1.0
20	32	19	41	2.0
20	32	20	42	1.0
20	32	21	42	1.0
20	33	18	43	1.0
20	33	19	42	1.0
20	33	20	45	1.0
20	33	20	49	2.0
20	33	21	44	1.0
20	35	17	44	1.0
20	36	21	48	1.0
20	37	18	49	1.0
20	38	15	48	1.0
20	38	16	49	1.0
20	38	20	49	1.0
20	39	20	49	1.0
21	22	24	27	1.0
21	22	24	28	1.0
21	23	23	28	4.0
21	23	23	29	1.0
21	23	24	28	5.0
21	23	24	29	4.0
21	24	24	29	3.0
21	24	25	31	2.0
21	25	23	31	2.0
21	25	23	32	1.0
21	25	24	31	3.0
21	25	24	32	6.0
21	26	22	33	1.0
21	26	23	33	1.0
21	26	23	34	1.0
21	26	24	32	1.0
21	26	24	34	1.0
21	27	23	34	1.0
21	27	24	36	1.0
21	30	22	40	1.0
21	31	18	42	1.0
21	31	19	42	1.0
21	31	21	39	1.0
21	32	16	40	1.0
21	32	18	43	1.0
21	32	21	40	1.0
21	32	22	40	1.0
21	32	22	46	1.0
21	33	19	42	1.0
21	33	21	42	1.0
21	34	17	44	2.0
21	34	20	45	2.0
21	34	21	45	2.0
21	34	22	45	1.0
21	35	21	47	1.0
21	35	22	46	1.0
21	36	18	47	2.0
21	36	18	49	1.0
21	36	20	49	2.0
21	39	19	49	1.0
21	41	19	49	1.0
22	23	25	28	3.0
22	24	25	29	1.0
22	24	26	31	2.0
22	25	25	30	1.0
22	25	25	31	1.0
22	25	26	31	2.0
22	26	25	32	4.0
22	26	25	33	1.0
22	27	23	33	3.0
22	27	23	34	1.0
22	27	24	32	1.0
22	27	24	33	1.0
22	27	25	33	1.0
22	29	22	34	1.0
22	29	22	36	1.0
22	29	24	36	2.0
22	29	25	37	3.0
22	30	22	37	2.0
22	30	22	41	3.0
22	30	24	38	5.0
22	31	22	41	1.0
22	31	22	42	1.0
22	31	23	39	1.0
22	32	22	40	2.0
22	32	22	42	1.0
22	32	22	43	1.0
22	32	23	40	1.0
22	33	19	42	1.0
22	33	21	42	2.0
22	34	19	47	1.0
22	34	20	46	1.0
22	35	19	45	1.0
22	35	20	46	1.0
22	35	20	49	1.0
22	36	19	46	1.0
22	36	20	49	1.0
22	36	24	49	1.0
22	37	20	46	1.0
22	38	18	49	1.0
22	43	17	49	1.0
23	24	26	29	3.0
23	24	27	30	1.0
23	25	28	32	1.0
23	26	25	33	1.0
23	26	26	32	1.0
23	27	24	32	1.0
23	27	25	32	1.0
23	28	22	34	2.0
23	28	25	35	2.0
23	28	25	37	1.0
23	28	26	33	2.0
23	28	26	35	1.0
23	29	22	34	2.0
23	29	23	36	1.0
23	29	23	37	1.0
23	30	26	39	1.0
23	31	24	38	1.0
23	31	25	39	1.0
23	32	22	40	1.0
23	32	23	41	2.0
23	32	24	42	1.0
23	33	24	42	1.0
23	34	24	42	1.0
23	36	21	47	1.0
23	37	22	48	1.0
23	37	23	47	1.0
23	42	17	49	1.0
24	25	27	30	3.0
24	26	27	31	2.0
24	27	27	32	1.0
24	27	27	34	2.0
24	27	28	33	1.0
24	27	28	34	1.0
24	28	27	34	1.0
24	29	26	34	1.0
24	29	26	36	2.0
24	30	25	37	1.0
24	30	25	38	1.0
24	31	25	38	1.0
24	31	25	40	1.0
24	31	26	40	1.0
24	34	22	44	1.0
24	35	22	45	1.0
24	38	23	48	1.0
25	28	27	33	2.0
25	28	28	35	1.0
25	28	29	34	1.0
25	29	27	34	2.0
25	29	28	36	2.0
25	29	28	38	1.0
25	30	26	37	1.0
25	30	26	38	1.0
25	30	27	37	1.0
25	30	28	35	1.0
25	30	28	36	1.0
25	30	28	37	1.0
25	30	28	39	1.0
25	30	28	40	1.0
25	31	25	38	2.0
25	32	25	40	1.0
25	33	25	40	1.0
25	34	25	42	1.0
25	34	25	45	1.0
25	34	26	42	2.0
25	34	26	45	2.0
25	35	23	47	2.0
25	35	27	45	1.0
25	35	27	46	1.0
25	37	23	46	1.0
25	37	24	45	2.0
25	38	21	47	1.0
25	39	20	48	1.0
26	27	30	33	1.0
26	28	29	34	1.0
26	28	30	36	1.0
26	29	29	34	1.0
26	29	29	35	2.0
26	29	30	35	1.0
26	29	30	36	1.0
26	30	27	35	1.0
26	30	27	36	1.0
26	30	28	37	2.0
26	30	29	36	2.0
26	31	28	37	1.0
26	31	28	38	1.0
26	32	28	38	1.0
26	33	25	40	1.0
26	33	28	42	1.0
26	34	26	40	1.0
26	34	26	42	2.0
26	34	27	40	1.0
26	35	27	45	1.0
26	35	28	45	1.0
26	36	26	44	1.0
26	37	26	47	1.0
27	30	30	35	1.0
27	30	30	36	2.0
27	31	29	37	1.0
27	31	30	37	1.0
27	31	31	38	1.0
27	32	28	40	1.0
27	32	28	41	1.0
27	32	29	38	2.0
27	32	29	40	1.0
27	32	31	40	1.0
27	33	27	40	1.0
27	33	30	41	1.0
27	34	29	41	3.0
27	35	27	44	1.0
27	36	29	45	2.0
27	36	30	45	1.0
28	31	31	37	1.0
28	32	30	40	1.0
28	32	31	38	1.0
28	33	31	41	1.0
28	34	32	43	1.0
28	35	28	42	1.0
28	35	30	41	1.0
28	35	30	44	2.0
28	35	31	43	1.0
28	36	30	44	2.0
28	39	24	49	1.0
28	39	25	39	1.0
28	46	21	49	1.0
29	30	33	36	1.0
29	32	31	38	2.0
29	32	31	39	1.0
29	32	32	37	2.0
29	33	31	39	1.0
29	34	31	40	1.0
29	36	29	44	2.0
29	36	30	44	1.0
29	41	28	49	2.0
30	32	34	38	1.0
30	33	33	39	1.0
30	33	34	39	1.0
30	34	33	40	2.0
30	34	34	40	1.0
30	34	34	42	1.0
30	37	31	44	1.0
30	37	32	44	1.0
30	41	30	49	1.0
31	32	34	37	1.0
31	32	34	38	1.0
31	34	34	39	1.0
31	35	33	42	1.0
31	35	35	43	1.0
31	37	33	44	3.0
31	37	33	45	2.0
31	38	34	46	1.0
32	34	35	40	1.0
32	37	33	46	1.0
32	39	33	48	1.0
32	39	33	49	1.0
33	37	36	42	1.0
33	38	35	45	2.0
33	39	35	46	1.0
33	39	36	45	1.0
33	39	36	46	1.0
33	41	36	49	1.0
33	45	31	49	1.0
34	38	36	45	2.0
34	38	36	46	1.0
34	41	35	49	1.0
35	39	37	45	2.0
35	43	36	49	1.0
36	38	38	43	1.0
37	41	40	49	1.0
37	46	38	49	1.0
38	41	41	48	1.0
38	46	39	49	1.0
39	43	41	49	1.0
41	43	44	48	1.0
